country,state,city,station,last_update,latitude,longitude,pollutant_id,pollutant_min,pollutant_max,pollutant_avg
India,Assam,Nalbari,"Bata Chowk, Nalbari - PCBA","26-03-2025 17:00:00",26.446912,91.439057,PM10,103,500,316
India,Assam,Nalbari,"Bata Chowk, Nalbari - PCBA","26-03-2025 17:00:00",26.446912,91.439057,SO2,1,109,8
India,Assam,Silchar,"Tarapur, Silchar - PCBA","26-03-2025 17:00:00",24.82827,92.79525,NH3,1,2,1
India,Assam,Silchar,"Tarapur, Silchar - PCBA","26-03-2025 17:00:00",24.82827,92.79525,OZONE,1,11,6
India,Bihar,Araria,"Kharahiya Basti, Araria - BSPCB","26-03-2025 17:00:00",26.146529,87.454184,PM2.5,37,237,96
India,Bihar,Araria,"Kharahiya Basti, Araria - BSPCB","26-03-2025 17:00:00",26.146529,87.454184,SO2,24,31,27
India,Bihar,Araria,"Kharahiya Basti, Araria - BSPCB","26-03-2025 17:00:00",26.146529,87.454184,CO,22,64,30
India,Bihar,Arrah,"New DM Office, Arrah - BSPCB","26-03-2025 17:00:00",25.5626095,84.663264,PM10,67,235,96
India,Bihar,Arrah,"New DM Office, Arrah - BSPCB","26-03-2025 17:00:00",25.5626095,84.663264,NH3,1,1,1
India,Bihar,Arrah,"New DM Office, Arrah - BSPCB","26-03-2025 17:00:00",25.5626095,84.663264,SO2,5,10,9
India,Bihar,Bhagalpur,"DM Office_Kachari Chowk, Bhagalpur - BSPCB","26-03-2025 17:00:00",25.251013,86.989001,OZONE,18,27,20
India,Bihar,Bhagalpur,"Mayaganj, Bhagalpur - BSPCB","26-03-2025 17:00:00",25.265194,87.012947,NO2,9,10,10
India,Bihar,"Bihar Sharif","D M Colony, Bihar Sharif - BSPCB","26-03-2025 17:00:00",25.204762,85.514960,CO,10,12,12
India,Bihar,Buxar,"Charitra Van, Buxar - BSPCB","26-03-2025 17:00:00",25.567520,83.966379,PM10,NA,NA,NA
India,Bihar,Buxar,"Charitra Van, Buxar - BSPCB","26-03-2025 17:00:00",25.567520,83.966379,SO2,3,17,8
India,Bihar,Buxar,"Charitra Van, Buxar - BSPCB","26-03-2025 17:00:00",25.567520,83.966379,OZONE,2,189,120
India,Bihar,Chhapra,"Darshan Nagar, Chhapra - BSPCB","26-03-2025 17:00:00",25.7808257,84.7446768,NO2,4,30,16
India,Bihar,Chhapra,"Darshan Nagar, Chhapra - BSPCB","26-03-2025 17:00:00",25.7808257,84.7446768,SO2,3,36,16
India,Bihar,Arrah,"New DM Office, Arrah - BSPCB","26-03-2025 17:00:00",25.5626095,84.663264,OZONE,14,184,184
India,Bihar,Aurangabad,"Gurdeo Nagar, Aurangabad - BSPCB","26-03-2025 17:00:00",24.75746,84.366208,PM10,60,416,171
India,Bihar,Begusarai,"Lohiyanagar, Begusarai - BSPCB","26-03-2025 17:00:00",25.42742023,86.13886079,PM10,29,374,123
India,Bihar,Begusarai,"Lohiyanagar, Begusarai - BSPCB","26-03-2025 17:00:00",25.42742023,86.13886079,NO2,38,119,78
India,Bihar,Begusarai,"Lohiyanagar, Begusarai - BSPCB","26-03-2025 17:00:00",25.42742023,86.13886079,OZONE,1,27,10
India,Bihar,Bettiah,"Kamalnath Nagar, Bettiah - BSPCB","26-03-2025 17:00:00",26.80365,84.51954,NO2,27,31,28
India,Bihar,Bhagalpur,"DM Office_Kachari Chowk, Bhagalpur - BSPCB","26-03-2025 17:00:00",25.251013,86.989001,NH3,1,3,2
India,Andhra_Pradesh,Visakhapatnam,"GVM Corporation, Visakhapatnam - APPCB","26-03-2025 17:00:00",17.72,83.3,NO2,43,60,48
India,Andhra_Pradesh,Visakhapatnam,"GVM Corporation, Visakhapatnam - APPCB","26-03-2025 17:00:00",17.72,83.3,CO,10,26,19
India,Arunachal_Pradesh,Naharlagun,"Naharlagun, Naharlagun - APSPCB","26-03-2025 17:00:00",27.103358,93.679645,SO2,6,7,7
India,Arunachal_Pradesh,Naharlagun,"Naharlagun, Naharlagun - APSPCB","26-03-2025 17:00:00",27.103358,93.679645,OZONE,4,4,4
India,Assam,Byrnihat,"Central Academy for SFS, Byrnihat - PCBA","26-03-2025 17:00:00",26.071318,91.87488,PM10,78,500,313
India,Assam,Guwahati,"IITG, Guwahati - PCBA","26-03-2025 17:00:00",26.2028636,91.70046436,NO2,1,12,5
India,Andhra_Pradesh,Kadapa,"Yerramukkapalli, Kadapa - APPCB","26-03-2025 17:00:00",14.465052,78.824187,SO2,15,16,15
India,Andhra_Pradesh,Kadapa,"Yerramukkapalli, Kadapa - APPCB","26-03-2025 17:00:00",14.465052,78.824187,CO,31,35,34
India,Andhra_Pradesh,Tirumala,"Toll Gate, Tirumala - APPCB (Formerly known as Tirumala, Tirupati - APPCB)","26-03-2025 17:00:00",13.67,79.35,NH3,1,2,1
India,Andhra_Pradesh,Tirupati,"Vaikuntapuram, Tirupati - APPCB","26-03-2025 17:00:00",13.615387,79.409230,PM10,32,133,74
India,Andhra_Pradesh,Tirupati,"Vaikuntapuram, Tirupati - APPCB","26-03-2025 17:00:00",13.615387,79.409230,NH3,1,5,2
India,Assam,Guwahati,"LGBI Airport, Guwahati - PCBA","26-03-2025 17:00:00",26.10887,91.589544,PM10,72,279,184
India,Assam,Guwahati,"LGBI Airport, Guwahati - PCBA","26-03-2025 17:00:00",26.10887,91.589544,SO2,7,16,13
India,Assam,Guwahati,"LGBI Airport, Guwahati - PCBA","26-03-2025 17:00:00",26.10887,91.589544,OZONE,14,19,16
India,Assam,Guwahati,"Pan Bazaar, Guwahati - PCBA","26-03-2025 17:00:00",26.187500,91.744194,SO2,30,53,41
India,Assam,Nagaon,"Christianpatty, Nagaon - PCBA","26-03-2025 17:00:00",26.349082,92.68449,PM10,31,141,101
India,Andhra_Pradesh,Vijayawada,"HB Colony, Vijayawada - APPCB","26-03-2025 17:00:00",16.536107,80.594233,SO2,7,9,8
India,Andhra_Pradesh,Vijayawada,"Rajiv Gandhi Park, Vijayawada - APPCB","26-03-2025 17:00:00",16.509717,80.612222,PM2.5,61,84,74
India,Andhra_Pradesh,Vijayawada,"Rajiv Gandhi Park, Vijayawada - APPCB","26-03-2025 17:00:00",16.509717,80.612222,SO2,8,11,9
India,Andhra_Pradesh,Vijayawada,"Rajiv Nagar, Vijayawada - APPCB","26-03-2025 17:00:00",16.554731,80.649110,NO2,14,17,15
India,Andhra_Pradesh,Anantapur,"Gulzarpet, Anantapur - APPCB","26-03-2025 17:00:00",14.675886,77.593027,NH3,6,14,9
India,Andhra_Pradesh,Chittoor,"Gangineni Cheruvu, Chittoor - APPCB","26-03-2025 17:00:00",13.204880,79.097889,NO2,8,16,13
India,"Andaman and Nicobar","Sri Vijaya Puram","Police Line, Sri Vijaya Puram - ANPCC","26-03-2025 17:00:00",11.654054,92.734055,PM2.5,3,160,36
India,"Andaman and Nicobar","Sri Vijaya Puram","Police Line, Sri Vijaya Puram - ANPCC","26-03-2025 17:00:00",11.654054,92.734055,NH3,1,5,2
India,Bihar,Gaya,"Collectorate, Gaya - BSPCB","26-03-2025 17:00:00",24.7955,84.9994,NO2,1,12,8
India,Bihar,Gaya,"SFTI Kusdihra, Gaya - BSPCB","26-03-2025 17:00:00",24.762518,84.982348,NH3,3,4,3
India,Bihar,Muzaffarpur,"Buddha Colony, Muzaffarpur - BSPCB","26-03-2025 17:00:00",26.11442,85.39813,NO2,6,34,18
India,Bihar,Muzaffarpur,"Buddha Colony, Muzaffarpur - BSPCB","26-03-2025 17:00:00",26.11442,85.39813,CO,16,107,32
India,Bihar,Muzaffarpur,"MIT-Daudpur Kothi, Muzaffarpur - BSPCB","26-03-2025 17:00:00",26.1403345,85.3650192,NH3,2,4,2
India,Bihar,Muzaffarpur,"MIT-Daudpur Kothi, Muzaffarpur - BSPCB","26-03-2025 17:00:00",26.1403345,85.3650192,SO2,4,8,6
India,Bihar,Muzaffarpur,"Muzaffarpur Collectorate, Muzaffarpur - BSPCB","26-03-2025 17:00:00",26.1209,85.3647,NO2,9,15,10
India,Bihar,Muzaffarpur,"Muzaffarpur Collectorate, Muzaffarpur - BSPCB","26-03-2025 17:00:00",26.1209,85.3647,CO,10,50,25
India,Bihar,Patna,"DRM Office Danapur, Patna - BSPCB","26-03-2025 17:00:00",25.586562,85.043586,PM2.5,28,108,67
India,Bihar,Patna,"DRM Office Danapur, Patna - BSPCB","26-03-2025 17:00:00",25.586562,85.043586,NO2,27,35,32
India,Bihar,Patna,"DRM Office Danapur, Patna - BSPCB","26-03-2025 17:00:00",25.586562,85.043586,NH3,2,3,3
India,Bihar,Patna,"Govt. High School Shikarpur, Patna - BSPCB","26-03-2025 17:00:00",25.592539,85.227158,PM10,NA,NA,NA
India,Bihar,Kishanganj,"SDM Office_Khagra, Kishanganj - BSPCB","26-03-2025 17:00:00",26.0881305,87.93840336,NH3,10,14,11
India,Bihar,Manguraha,"Forest Rest House, Manguraha - BSPCB","26-03-2025 17:00:00",27.308328,84.531742,SO2,5,7,6
India,Bihar,Motihari,"Gandak Colony, Motihari - BSPCB","26-03-2025 17:00:00",26.63086,84.90051,PM2.5,42,356,234
India,Bihar,Motihari,"Gandak Colony, Motihari - BSPCB","26-03-2025 17:00:00",26.63086,84.90051,PM10,74,498,184
India,Bihar,Motihari,"Gandak Colony, Motihari - BSPCB","26-03-2025 17:00:00",26.63086,84.90051,NH3,3,3,3
India,Bihar,Munger,"Town Hall, Munger - BSPCB","26-03-2025 17:00:00",25.376776,86.471523,CO,13,41,19
India,Bihar,Muzaffarpur,"Buddha Colony, Muzaffarpur - BSPCB","26-03-2025 17:00:00",26.11442,85.39813,PM2.5,163,384,298
India,Bihar,Saharsa,"Police Line, Saharsa - BSPCB","26-03-2025 17:00:00",25.892357,86.590325,SO2,17,18,18
India,Bihar,Samastipur,"DM Office_Kasipur, Samastipur - BSPCB","26-03-2025 17:00:00",25.859655,85.77944,NO2,1,2,2
India,Bihar,Samastipur,"DM Office_Kasipur, Samastipur - BSPCB","26-03-2025 17:00:00",25.859655,85.77944,SO2,9,19,15
India,Bihar,Sasaram,"Dada Peer, Sasaram - BSPCB","26-03-2025 17:00:00",24.952822,84.002396,NH3,2,3,3
India,Bihar,Sasaram,"Dada Peer, Sasaram - BSPCB","26-03-2025 17:00:00",24.952822,84.002396,CO,45,57,51
India,Chandigarh,Chandigarh,"Sector 22, Chandigarh - CPCC","26-03-2025 17:00:00",30.735567,76.775714,PM10,60,161,100
India,Chandigarh,Chandigarh,"Sector 22, Chandigarh - CPCC","26-03-2025 17:00:00",30.735567,76.775714,CO,32,50,38
India,Chhattisgarh,Raipur,"Krishak Nagar, Raipur - CECB","26-03-2025 17:00:00",21.237755,81.705301,NO2,18,29,24
India,Chhattisgarh,Raipur,"Siltara Phase-II, Raipur - CECB","26-03-2025 17:00:00",21.371751,81.664929,NO2,21,54,35
India,Chhattisgarh,Raipur,"Siltara Phase-II, Raipur - CECB","26-03-2025 17:00:00",21.371751,81.664929,CO,10,49,19
India,Chhattisgarh,Tumidih,"OP Jindal Industrial Park, Tumidih - CECB","26-03-2025 17:00:00",22.06631475,83.33820077,CO,13,22,16
India,Delhi,Delhi,"Alipur, Delhi - DPCC","26-03-2025 17:00:00",28.815329,77.153010,PM10,90,421,245
India,Bihar,Patna,"Govt. High School Shikarpur, Patna - BSPCB","26-03-2025 17:00:00",25.592539,85.227158,CO,41,102,48
India,Bihar,Patna,"Govt. High School Shikarpur, Patna - BSPCB","26-03-2025 17:00:00",25.592539,85.227158,OZONE,10,25,23
India,Bihar,Patna,"Rajbansi Nagar, Patna - BSPCB","26-03-2025 17:00:00",25.599486,85.113666,PM2.5,37,208,80
India,Bihar,Patna,"Rajbansi Nagar, Patna - BSPCB","26-03-2025 17:00:00",25.599486,85.113666,NH3,5,9,7
India,Bihar,Patna,"Rajbansi Nagar, Patna - BSPCB","26-03-2025 17:00:00",25.599486,85.113666,SO2,12,26,19
India,Bihar,Patna,"Samanpura, Patna - BSPCB","26-03-2025 17:00:00",25.596727,85.085624,PM10,122,500,276
India,Bihar,Patna,"Samanpura, Patna - BSPCB","26-03-2025 17:00:00",25.596727,85.085624,CO,12,107,19
India,Bihar,Rajgir,"Dangi Tola, Rajgir - BSPCB","26-03-2025 17:00:00",25.03280,85.41948,PM2.5,NA,NA,NA
India,Bihar,Saharsa,"Police Line, Saharsa - BSPCB","26-03-2025 17:00:00",25.892357,86.590325,PM2.5,37,270,124
India,Bihar,Saharsa,"Police Line, Saharsa - BSPCB","26-03-2025 17:00:00",25.892357,86.590325,PM10,52,146,96
India,Bihar,Saharsa,"Police Line, Saharsa - BSPCB","26-03-2025 17:00:00",25.892357,86.590325,NH3,4,4,4
India,Chhattisgarh,Bilaspur,"Mangala, Bilaspur - NTPC","26-03-2025 17:00:00",22.08815,82.13737,SO2,NA,NA,NA
India,Chhattisgarh,Chhal,"Nawapara SECL Colony, Chhal - CECB","26-03-2025 17:00:00",22.118125,83.140608,PM2.5,29,140,71
India,Chhattisgarh,Chhal,"Nawapara SECL Colony, Chhal - CECB","26-03-2025 17:00:00",22.118125,83.140608,NO2,19,45,29
India,Chhattisgarh,Chhal,"Nawapara SECL Colony, Chhal - CECB","26-03-2025 17:00:00",22.118125,83.140608,CO,20,94,27
India,Chhattisgarh,Korba,"Rampur, Korba - CECB","26-03-2025 17:00:00",22.368195,82.746431,PM2.5,20,146,83
India,Chandigarh,Chandigarh,"Sector-25, Chandigarh - CPCC","26-03-2025 17:00:00",30.751462,76.762879,PM10,86,143,115
India,Chhattisgarh,Bhilai,"32Bungalows, Bhilai - CECB","26-03-2025 17:00:00",21.194815,81.314770,PM10,53,127,92
India,Chhattisgarh,Bhilai,"32Bungalows, Bhilai - CECB","26-03-2025 17:00:00",21.194815,81.314770,SO2,19,76,38
India,Chhattisgarh,Bhilai,"Civic Center, Bhilai - Bhilai Steel Plant","26-03-2025 17:00:00",21.185571,81.343175,SO2,9,12,11
India,Chhattisgarh,Kunjemura,"OP Jindal School, Kunjemura - CECB","26-03-2025 17:00:00",22.126650,83.483212,NH3,2,2,2
India,Chhattisgarh,Milupara,"Govt. Higher Secondary School, Milupara - CECB","26-03-2025 17:00:00",22.1910172,83.5197009,NH3,1,2,1
India,Chhattisgarh,Raipur,"AIIMS, Raipur - CECB","26-03-2025 17:00:00",21.258815,81.578979,PM2.5,15,69,39
India,Delhi,Delhi,"Okhla Phase-2, Delhi - DPCC","26-03-2025 17:00:00",28.530785,77.271255,SO2,9,49,28
India,Delhi,Delhi,"Okhla Phase-2, Delhi - DPCC","26-03-2025 17:00:00",28.530785,77.271255,CO,50,111,70
India,Delhi,Delhi,"Patparganj, Delhi - DPCC","26-03-2025 17:00:00",28.623763,77.287209,PM2.5,37,375,221
India,Delhi,Delhi,"Patparganj, Delhi - DPCC","26-03-2025 17:00:00",28.623763,77.287209,NO2,24,182,96
India,Delhi,Delhi,"Patparganj, Delhi - DPCC","26-03-2025 17:00:00",28.623763,77.287209,SO2,7,12,10
India,Delhi,Delhi,"Patparganj, Delhi - DPCC","26-03-2025 17:00:00",28.623763,77.287209,CO,10,92,40
India,Delhi,Delhi,"Punjabi Bagh, Delhi - DPCC","26-03-2025 17:00:00",28.674045,77.131023,NO2,48,112,83
India,Delhi,Delhi,"Punjabi Bagh, Delhi - DPCC","26-03-2025 17:00:00",28.674045,77.131023,NH3,7,10,8
India,Delhi,Delhi,"Pusa, Delhi - DPCC","26-03-2025 17:00:00",28.639652,77.146275,NO2,59,223,111
India,Delhi,Delhi,"Pusa, Delhi - DPCC","26-03-2025 17:00:00",28.639652,77.146275,NH3,5,17,10
India,Delhi,Delhi,"Pusa, Delhi - IMD","26-03-2025 17:00:00",28.636110,77.173332,PM10,97,279,160
India,Delhi,Delhi,"Pusa, Delhi - IMD","26-03-2025 17:00:00",28.636110,77.173332,NO2,25,131,81
India,Delhi,Delhi,"Pusa, Delhi - IMD","26-03-2025 17:00:00",28.636110,77.173332,OZONE,12,116,59
India,Delhi,Delhi,"R K Puram, Delhi - DPCC","26-03-2025 17:00:00",28.563262,77.186937,NO2,12,116,62
India,Delhi,Delhi,"R K Puram, Delhi - DPCC","26-03-2025 17:00:00",28.563262,77.186937,NH3,4,6,5
India,Delhi,Delhi,"Rohini, Delhi - DPCC","26-03-2025 17:00:00",28.732528,77.119920,SO2,7,45,22
India,Delhi,Delhi,"Rohini, Delhi - DPCC","26-03-2025 17:00:00",28.732528,77.119920,CO,12,103,35
India,Delhi,Delhi,"Shadipur, Delhi - CPCB","26-03-2025 17:00:00",28.6514781,77.1473105,PM2.5,111,330,242
India,Delhi,Delhi,"Shadipur, Delhi - CPCB","26-03-2025 17:00:00",28.6514781,77.1473105,NH3,8,10,9
India,Delhi,Delhi,"Sonia Vihar, Delhi - DPCC","26-03-2025 17:00:00",28.710508,77.249485,PM10,79,422,207
India,Delhi,Delhi,"Bawana, Delhi - DPCC","26-03-2025 17:00:00",28.776200,77.051074,CO,14,86,33
India,Delhi,Delhi,"Chandni Chowk, Delhi - IITM","26-03-2025 17:00:00",28.656756,77.227234,PM2.5,87,313,222
India,Delhi,Delhi,"Chandni Chowk, Delhi - IITM","26-03-2025 17:00:00",28.656756,77.227234,NO2,10,54,37
India,Delhi,Delhi,"Chandni Chowk, Delhi - IITM","26-03-2025 17:00:00",28.656756,77.227234,NH3,3,8,7
India,Delhi,Delhi,"DTU, Delhi - CPCB","26-03-2025 17:00:00",28.7500499,77.1112615,PM2.5,35,319,132
India,Delhi,Delhi,"DTU, Delhi - CPCB","26-03-2025 17:00:00",28.7500499,77.1112615,NO2,45,64,52
India,Delhi,Delhi,"IHBAS, Dilshad Garden, Delhi - CPCB","26-03-2025 17:00:00",28.6811736,77.3025234,NH3,9,11,10
India,Delhi,Delhi,"IHBAS, Dilshad Garden, Delhi - CPCB","26-03-2025 17:00:00",28.6811736,77.3025234,OZONE,8,62,55
India,Delhi,Delhi,"Jahangirpuri, Delhi - DPCC","26-03-2025 17:00:00",28.732820,77.170633,SO2,2,56,26
India,Delhi,Delhi,"Jawaharlal Nehru Stadium, Delhi - DPCC","26-03-2025 17:00:00",28.580280,77.233829,PM10,85,254,173
India,Delhi,Delhi,"Mandir Marg, Delhi - DPCC","26-03-2025 17:00:00",28.636429,77.201067,NO2,125,208,153
India,Delhi,Delhi,"Mundka, Delhi - DPCC","26-03-2025 17:00:00",28.684678,77.076574,PM2.5,40,453,253
India,Delhi,Delhi,"Mundka, Delhi - DPCC","26-03-2025 17:00:00",28.684678,77.076574,NO2,28,123,69
India,Delhi,Delhi,"NSIT Dwarka, Delhi - CPCB","26-03-2025 17:00:00",28.60909,77.0325413,NH3,5,9,7
India,Delhi,Delhi,"Alipur, Delhi - DPCC","26-03-2025 17:00:00",28.815329,77.153010,OZONE,2,22,14
India,Delhi,Delhi,"Ashok Vihar, Delhi - DPCC","26-03-2025 17:00:00",28.695381,77.181665,PM10,139,401,263
India,Delhi,Delhi,"Ashok Vihar, Delhi - DPCC","26-03-2025 17:00:00",28.695381,77.181665,CO,12,84,21
India,Delhi,Delhi,"Aya Nagar, Delhi - IMD","26-03-2025 17:00:00",28.4706914,77.1099364,CO,6,64,37
India,Delhi,Delhi,"Dr. Karni Singh Shooting Range, Delhi - DPCC","26-03-2025 17:00:00",28.498571,77.264840,NH3,6,12,9
India,Delhi,Delhi,"Dr. Karni Singh Shooting Range, Delhi - DPCC","26-03-2025 17:00:00",28.498571,77.264840,OZONE,5,130,106
India,Delhi,Delhi,"IGI Airport (T3), Delhi - IMD","26-03-2025 17:00:00",28.5627763,77.1180053,CO,18,105,61
India,Delhi,Delhi,"Major Dhyan Chand National Stadium, Delhi - DPCC","26-03-2025 17:00:00",28.611281,77.237738,PM10,69,309,178
India,Delhi,Delhi,"Major Dhyan Chand National Stadium, Delhi - DPCC","26-03-2025 17:00:00",28.611281,77.237738,NO2,16,188,106
India,Delhi,Delhi,"Major Dhyan Chand National Stadium, Delhi - DPCC","26-03-2025 17:00:00",28.611281,77.237738,SO2,9,30,16
India,Delhi,Delhi,"Narela, Delhi - DPCC","26-03-2025 17:00:00",28.822836,77.101981,CO,2,161,108
India,Delhi,Delhi,"Nehru Nagar, Delhi - DPCC","26-03-2025 17:00:00",28.567890,77.250515,PM10,89,332,208
India,Delhi,Delhi,"Nehru Nagar, Delhi - DPCC","26-03-2025 17:00:00",28.567890,77.250515,NO2,24,110,70
India,Jammu_and_Kashmir,Srinagar,"Rajbagh, Srinagar - JKSPCB","26-03-2025 17:00:00",34.066206,74.819820,PM2.5,38,79,51
India,Jammu_and_Kashmir,Srinagar,"Rajbagh, Srinagar - JKSPCB","26-03-2025 17:00:00",34.066206,74.819820,PM10,33,70,45
India,Jammu_and_Kashmir,Srinagar,"Rajbagh, Srinagar - JKSPCB","26-03-2025 17:00:00",34.066206,74.819820,NH3,2,2,2
India,Jammu_and_Kashmir,Srinagar,"Rajbagh, Srinagar - JKSPCB","26-03-2025 17:00:00",34.066206,74.819820,SO2,3,4,3
India,Jharkhand,Dhanbad,"Sardar Patel Nagar, Dhanbad - JSPCB","26-03-2025 17:00:00",23.80569,86.44268,CO,2,2,2
India,Karnataka,Bagalkot,"Vidayagiri, Bagalkot - KSPCB","26-03-2025 17:00:00",16.172806,75.659694,OZONE,16,16,16
India,Karnataka,Belgaum,"Ramteerth Nagar, Belgaum - KSPCB","26-03-2025 17:00:00",15.888653,74.541751,PM2.5,20,42,28
India,Karnataka,Belgaum,"Ramteerth Nagar, Belgaum - KSPCB","26-03-2025 17:00:00",15.888653,74.541751,PM10,27,52,37
India,Karnataka,Belgaum,"Ramteerth Nagar, Belgaum - KSPCB","26-03-2025 17:00:00",15.888653,74.541751,NH3,2,8,4
India,Karnataka,Belgaum,"Ramteerth Nagar, Belgaum - KSPCB","26-03-2025 17:00:00",15.888653,74.541751,SO2,15,16,15
India,Karnataka,Belgaum,"Ramteerth Nagar, Belgaum - KSPCB","26-03-2025 17:00:00",15.888653,74.541751,OZONE,19,21,19
India,Haryana,"Charkhi Dadri","Mini Secretariat, Charkhi Dadri - HSPCB","26-03-2025 17:00:00",28.593883,76.270653,PM2.5,113,353,267
India,Haryana,"Charkhi Dadri","Mini Secretariat, Charkhi Dadri - HSPCB","26-03-2025 17:00:00",28.593883,76.270653,PM10,91,220,150
India,Haryana,Faridabad,"New Industrial Town, Faridabad - HSPCB","26-03-2025 17:00:00",28.39072,77.30059,PM10,NA,NA,NA
India,Haryana,Faridabad,"Sector 11, Faridabad - HSPCB","26-03-2025 17:00:00",28.376058,77.315741,PM10,53,62,56
India,Haryana,Faridabad,"Sector 30, Faridabad - HSPCB","26-03-2025 17:00:00",28.4417,77.3217,NH3,11,12,11
India,Haryana,Faridabad,"Sector 30, Faridabad - HSPCB","26-03-2025 17:00:00",28.4417,77.3217,OZONE,17,19,18
India,Haryana,Gurugram,"NISE Gwal Pahari, Gurugram - IMD","26-03-2025 17:00:00",28.422681,77.148944,PM2.5,29,330,201
India,Haryana,Gurugram,"NISE Gwal Pahari, Gurugram - IMD","26-03-2025 17:00:00",28.422681,77.148944,CO,1,69,14
India,Haryana,Gurugram,"Sector-51, Gurugram - HSPCB","26-03-2025 17:00:00",28.4227,77.0667,PM2.5,36,500,244
India,Haryana,Gurugram,"Sector-51, Gurugram - HSPCB","26-03-2025 17:00:00",28.4227,77.0667,OZONE,10,45,41
India,"Himachal Pradesh",Baddi,"HIMUDA Complex Phase-1, Baddi - HPPCB","26-03-2025 17:00:00",30.943887,76.801991,NO2,14,94,29
India,Delhi,Delhi,"Sri Aurobindo Marg, Delhi - DPCC","26-03-2025 17:00:00",28.531346,77.190156,PM10,83,227,151
India,Delhi,Delhi,"Vivek Vihar, Delhi - DPCC","26-03-2025 17:00:00",28.672342,77.315260,SO2,10,101,41
India,Delhi,Delhi,"Wazirpur, Delhi - DPCC","26-03-2025 17:00:00",28.699793,77.165453,SO2,13,50,27
India,Delhi,Delhi,"Wazirpur, Delhi - DPCC","26-03-2025 17:00:00",28.699793,77.165453,OZONE,8,305,174
India,Gujarat,Ahmedabad,"Chandkheda, Ahmedabad - IITM","26-03-2025 17:00:00",23.107969,72.574648,NO2,9,118,50
India,Karnataka,Bengaluru,"Bapuji Nagar, Bengaluru - KSPCB","26-03-2025 17:00:00",12.951913,77.539784,PM10,51,144,89
India,Karnataka,Bengaluru,"City Railway Station, Bengaluru - KSPCB","26-03-2025 17:00:00",12.9756843,77.5660749,CO,48,98,67
India,Karnataka,Bengaluru,"Hebbal, Bengaluru - KSPCB","26-03-2025 17:00:00",13.029152,77.585901,NH3,NA,NA,NA
India,Karnataka,Bengaluru,"Hombegowda Nagar, Bengaluru - KSPCB","26-03-2025 17:00:00",12.938539,77.590100,NO2,12,36,20
India,Karnataka,Bengaluru,"Hombegowda Nagar, Bengaluru - KSPCB","26-03-2025 17:00:00",12.938539,77.590100,CO,12,54,18
India,Gujarat,Gandhinagar,"IIPHG Lekawada, Gandhinagar - IITM","26-03-2025 17:00:00",23.243639,72.68994,CO,14,57,36
India,Gujarat,Gandhinagar,"Sector-10, Gandhinagar - GPCB","26-03-2025 17:00:00",23.221714,72.654328,NO2,22,25,24
India,Gujarat,Vapi,"Phase-1 GIDC, Vapi - GPCB","26-03-2025 17:00:00",20.362421,72.918013,PM2.5,35,160,94
India,Gujarat,Vatva,"Phase-4 GIDC, Vatva - GPCB","26-03-2025 17:00:00",22.969611,72.643500,NO2,36,89,52
India,Gujarat,Ahmedabad,"Gyaspur, Ahmedabad - IITM","26-03-2025 17:00:00",22.977134,72.553024,NO2,26,236,113
India,Gujarat,Ahmedabad,"Raikhad, Ahmedabad - IITM","26-03-2025 17:00:00",23.020509,72.579261,PM10,45,122,68
India,Gujarat,Ahmedabad,"Rakhial, Ahmedabad - IITM","26-03-2025 17:00:00",23.016834,72.625775,PM2.5,21,367,171
India,Gujarat,Ahmedabad,"Rakhial, Ahmedabad - IITM","26-03-2025 17:00:00",23.016834,72.625775,NH3,2,16,4
India,Gujarat,Ahmedabad,"SVPI Airport Hansol, Ahmedabad - IITM","26-03-2025 17:00:00",23.076793,72.627874,CO,57,113,60
India,Gujarat,Ankleshwar,"GIDC, Ankleshwar - GPCB","26-03-2025 17:00:00",21.613267,73.010555,SO2,44,45,45
India,Karnataka,Yadgir,"Collector Office, Yadgir - KSPCB","26-03-2025 17:00:00",16.7602,77.1428,PM10,68,106,84
India,Kerala,Eloor,"Udyogamandal, Eloor - Kerala PCB","26-03-2025 17:00:00",10.073232,76.302765,PM10,42,61,49
India,Kerala,Eloor,"Udyogamandal, Eloor - Kerala PCB","26-03-2025 17:00:00",10.073232,76.302765,NO2,7,8,8
India,Kerala,Eloor,"Udyogamandal, Eloor - Kerala PCB","26-03-2025 17:00:00",10.073232,76.302765,CO,16,79,47
India,Kerala,Eloor,"Udyogamandal, Eloor - Kerala PCB","26-03-2025 17:00:00",10.073232,76.302765,OZONE,15,28,22
India,Kerala,Kannur,"Thavakkara, Kannur - Kerala PCB","26-03-2025 17:00:00",11.875000,75.373200,OZONE,27,32,30
India,Kerala,Kollam,"Polayathode, Kollam - Kerala PCB","26-03-2025 17:00:00",8.8787,76.6073,PM2.5,47,55,52
India,Kerala,Kollam,"Polayathode, Kollam - Kerala PCB","26-03-2025 17:00:00",8.8787,76.6073,NO2,9,10,9
India,Kerala,Thrissur,"Corporation Ground, Thrissur - Kerala PCB","26-03-2025 17:00:00",10.532400,76.215900,PM10,54,66,58
India,"Madhya Pradesh",Bhopal,"Idgah Hills, Bhopal - MPPCB","26-03-2025 17:00:00",23.264759,77.381568,NH3,2,8,5
India,"Madhya Pradesh",Bhopal,"Idgah Hills, Bhopal - MPPCB","26-03-2025 17:00:00",23.264759,77.381568,SO2,1,20,8
India,"Madhya Pradesh",Bhopal,"Idgah Hills, Bhopal - MPPCB","26-03-2025 17:00:00",23.264759,77.381568,OZONE,22,120,105
India,"Madhya Pradesh",Bhopal,"Paryavaran Parisar, Bhopal - MPPCB","26-03-2025 17:00:00",23.210494,77.425409,CO,6,84,13
India,Karnataka,Bengaluru,"Silk Board, Bengaluru - KSPCB","26-03-2025 17:00:00",12.917348,77.622813,NH3,2,3,2
India,Karnataka,Bengaluru,"Silk Board, Bengaluru - KSPCB","26-03-2025 17:00:00",12.917348,77.622813,SO2,3,14,9
India,Karnataka,Bidar,"Naubad, Bidar - KSPCB","26-03-2025 17:00:00",17.930306,77.482194,PM2.5,NA,NA,NA
India,Karnataka,Bidar,"Naubad, Bidar - KSPCB","26-03-2025 17:00:00",17.930306,77.482194,OZONE,22,23,22
India,Karnataka,Chikkaballapur,"Chikkaballapur Rural, Chikkaballapur - KSPCB","26-03-2025 17:00:00",13.428828,77.731418,PM10,42,129,76
India,Karnataka,Gadag,"Panchal Nagar, Gadag - KSPCB","26-03-2025 17:00:00",15.411456,75.638133,SO2,16,21,18
India,Karnataka,Gadag,"Panchal Nagar, Gadag - KSPCB","26-03-2025 17:00:00",15.411456,75.638133,OZONE,11,60,48
India,Karnataka,Haveri,"Ashwini Nagar, Haveri - KSPCB","26-03-2025 17:00:00",14.791800,75.389600,PM10,44,68,54
India,Karnataka,Kalaburagi,"Mahatma Basaveswar Colony, Kalaburgi - KSPCB","26-03-2025 17:00:00",17.336318,76.847397,NO2,13,18,14
India,Karnataka,Kalaburagi,"Mahatma Basaveswar Colony, Kalaburgi - KSPCB","26-03-2025 17:00:00",17.336318,76.847397,CO,21,72,25
India,Karnataka,Chikkamagaluru,"Kalyana Nagara, Chikkamagaluru - KSPCB","26-03-2025 17:00:00",13.328028,75.797056,PM10,50,75,61
India,Karnataka,Chikkamagaluru,"Kalyana Nagara, Chikkamagaluru - KSPCB","26-03-2025 17:00:00",13.328028,75.797056,OZONE,11,41,40
India,Karnataka,Davanagere,"Devaraj Urs Badavane, Davanagere - KSPCB","26-03-2025 17:00:00",14.475800,75.905200,SO2,1,61,11
India,Karnataka,Dharwad,"Kalabhavan, Dharwad - KSPCB","26-03-2025 17:00:00",15.459706,75.008381,NO2,19,19,19
India,Karnataka,Bengaluru,"Peenya, Bengaluru - CPCB","26-03-2025 17:00:00",13.0270199,77.494094,PM2.5,33,90,71
India,Karnataka,Bengaluru,"Peenya, Bengaluru - CPCB","26-03-2025 17:00:00",13.0270199,77.494094,CO,10,72,38
India,Karnataka,Bengaluru,"RVCE-Mailasandra, Bengaluru - KSPCB","26-03-2025 17:00:00",12.921418,77.502466,OZONE,23,24,24
India,Karnataka,Bengaluru,"Shivapura_Peenya, Bengaluru - KSPCB","26-03-2025 17:00:00",13.0246342,77.5080115,PM10,26,153,64
India,Karnataka,Karwar,"KHB Colony, Karwar - KSPCB","26-03-2025 17:00:00",14.816666,74.141003,CO,9,10,9
India,Karnataka,Koppal,"Diwator Nagar, Koppal - KSPCB","26-03-2025 17:00:00",15.347630,76.181767,NH3,4,10,6
India,Karnataka,Madikeri,"Stuart Hill, Madikeri - KSPCB","26-03-2025 17:00:00",12.415911,75.735050,CO,9,18,14
India,Karnataka,Ramanagara,"Vijay Nagar, Ramanagara - KSPCB","26-03-2025 17:00:00",12.733409,77.298051,PM10,42,87,61
India,Karnataka,Shivamogga,"Vinoba Nagara, Shivamogga - KSPCB","26-03-2025 17:00:00",13.940000,75.555917,NO2,18,28,22
India,Karnataka,Bengaluru,"Jigani, Bengaluru - KSPCB","26-03-2025 17:00:00",12.7816279,77.6299145,PM10,56,141,96
India,"Madhya Pradesh",Katni,"Gole Bazar, Katni - MPPCB","26-03-2025 17:00:00",23.50016,80.23284,SO2,10,87,28
India,"Madhya Pradesh",Maihar,"Sahilara, Maihar - KJS Cements","26-03-2025 17:00:00",24.2613009,80.7231783,SO2,8,9,8
India,"Madhya Pradesh",Mandideep,"Sector-D Industrial Area, Mandideep - MPPCB","26-03-2025 17:00:00",23.108440,77.511428,PM10,71,500,202
India,"Madhya Pradesh",Mandideep,"Sector-D Industrial Area, Mandideep - MPPCB","26-03-2025 17:00:00",23.108440,77.511428,NH3,4,14,7
India,"Madhya Pradesh",Mandideep,"Sector-D Industrial Area, Mandideep - MPPCB","26-03-2025 17:00:00",23.108440,77.511428,CO,48,67,55
India,"Madhya Pradesh",Mandideep,"Sector-D Industrial Area, Mandideep - MPPCB","26-03-2025 17:00:00",23.108440,77.511428,OZONE,28,38,31
India,"Madhya Pradesh",Pithampur,"Sector-2 Industrial Area, Pithampur - MPPCB","26-03-2025 17:00:00",22.624758,75.675238,PM2.5,49,217,93
India,"Madhya Pradesh",Pithampur,"Sector-2 Industrial Area, Pithampur - MPPCB","26-03-2025 17:00:00",22.624758,75.675238,NO2,3,46,17
India,"Madhya Pradesh",Pithampur,"Sector-2 Industrial Area, Pithampur - MPPCB","26-03-2025 17:00:00",22.624758,75.675238,SO2,9,78,22
India,"Madhya Pradesh",Ratlam,"Shasthri Nagar, Ratlam - IPCA Lab","26-03-2025 17:00:00",23.331731,75.045981,PM2.5,36,106,69
India,"Madhya Pradesh",Ratlam,"Shasthri Nagar, Ratlam - IPCA Lab","26-03-2025 17:00:00",23.331731,75.045981,SO2,15,19,16
India,"Madhya Pradesh",Sagar,"Civil Lines, Sagar - MPPCB","26-03-2025 17:00:00",23.838586,78.759431,PM2.5,22,53,34
India,Maharashtra,Amravati,"Shivneri Colony, Amravati - MPCB","26-03-2025 17:00:00",20.9402359,77.7895248,SO2,12,23,16
India,Maharashtra,Amravati,"Shri Shivaji Science College, Amaravati - MPCB","26-03-2025 17:00:00",20.939198,77.765701,OZONE,4,120,91
India,Maharashtra,Aurangabad,"MIDC Chilkalthana, Aurangabad - MPCB","26-03-2025 17:00:00",19.875620,75.387310,PM2.5,41,181,99
India,Maharashtra,Aurangabad,"MIDC Chilkalthana, Aurangabad - MPCB","26-03-2025 17:00:00",19.875620,75.387310,NO2,10,166,70
India,Maharashtra,Aurangabad,"More Chowk Waluj, Aurangabad - MPCB","26-03-2025 17:00:00",19.8389439,75.244448,OZONE,9,191,186
India,Maharashtra,Aurangabad,"Rachnakar Colony, Aurangabad - MPCB","26-03-2025 17:00:00",19.863756,75.321188,PM2.5,68,227,122
India,Maharashtra,Aurangabad,"Rachnakar Colony, Aurangabad - MPCB","26-03-2025 17:00:00",19.863756,75.321188,PM10,71,223,127
India,Maharashtra,Aurangabad,"Rachnakar Colony, Aurangabad - MPCB","26-03-2025 17:00:00",19.863756,75.321188,OZONE,14,128,93
India,Maharashtra,Chandrapur,"Chauhan Colony, Chandrapur - MPCB","26-03-2025 17:00:00",19.962900,79.298714,SO2,14,48,23
India,Maharashtra,Chandrapur,"Chauhan Colony, Chandrapur - MPCB","26-03-2025 17:00:00",19.962900,79.298714,CO,8,30,10
India,Maharashtra,Chandrapur,"Chauhan Colony, Chandrapur - MPCB","26-03-2025 17:00:00",19.962900,79.298714,OZONE,16,55,23
India,Maharashtra,Chandrapur,"MIDC Khutala, Chandrapur - MPCB","26-03-2025 17:00:00",19.9775302,79.2337086,NH3,1,1,1
India,Maharashtra,Chandrapur,"MIDC Khutala, Chandrapur - MPCB","26-03-2025 17:00:00",19.9775302,79.2337086,CO,3,133,82
India,Maharashtra,Dhule,"Deopur, Dhule - MPCB","26-03-2025 17:00:00",20.918946,74.776388,CO,8,118,19
India,Maharashtra,Jalgaon,"Prabhat Colony, Jalgaon - MPCB","26-03-2025 17:00:00",21.001264,75.565602,CO,10,68,19
India,Maharashtra,Jalgaon,"Prabhat Colony, Jalgaon - MPCB","26-03-2025 17:00:00",21.001264,75.565602,OZONE,2,153,106
India,Maharashtra,Jalna,"Old MIDC, Jalna - MPCB","26-03-2025 17:00:00",19.854616,75.905894,NO2,38,49,43
India,"Madhya Pradesh",Singrauli,"Suryakiran Bhawan NCL, Singrauli - MPPCB","26-03-2025 17:00:00",24.108970,82.645580,SO2,24,54,37
India,"Madhya Pradesh",Singrauli,"Suryakiran Bhawan NCL, Singrauli - MPPCB","26-03-2025 17:00:00",24.108970,82.645580,OZONE,3,159,119
India,"Madhya Pradesh",Ujjain,"Mahakaleshwar Temple, Ujjain - MPPCB","26-03-2025 17:00:00","23.182719 ","75.768218 ",PM10,34,148,70
India,Maharashtra,Akola,"Ramdaspeth, Akola - MPCB","26-03-2025 17:00:00",20.719516,77.000253,PM2.5,47,176,95
India,Maharashtra,Akola,"Ramdaspeth, Akola - MPCB","26-03-2025 17:00:00",20.719516,77.000253,PM10,52,199,109
India,Maharashtra,Akola,"Ramdaspeth, Akola - MPCB","26-03-2025 17:00:00",20.719516,77.000253,NO2,14,98,43
India,Maharashtra,Amravati,"Shivneri Colony, Amravati - MPCB","26-03-2025 17:00:00",20.9402359,77.7895248,PM2.5,50,109,85
India,"Madhya Pradesh",Gwalior,"Maharaj Bada, Gwalior - MPPCB","26-03-2025 17:00:00",26.200388,78.147714,PM10,60,404,133
India,"Madhya Pradesh",Gwalior,"Maharaj Bada, Gwalior - MPPCB","26-03-2025 17:00:00",26.200388,78.147714,NO2,2,6,4
India,"Madhya Pradesh",Indore,"Airport Area, Indore - IMC","26-03-2025 17:00:00",22.7289,75.8076,PM2.5,23,78,44
India,"Madhya Pradesh",Indore,"Chhoti Gwaltoli, Indore - MPPCB","26-03-2025 17:00:00",22.4310,75.5213,PM2.5,45,312,177
India,"Madhya Pradesh",Indore,"Chhoti Gwaltoli, Indore - MPPCB","26-03-2025 17:00:00",22.4310,75.5213,NH3,6,12,8
India,"Madhya Pradesh",Indore,"Vijay Nagar Scheme-78, Indore - Glenmark","26-03-2025 17:00:00",22.76726,75.88710,PM10,37,43,40
India,"Madhya Pradesh",Bhopal,"T T Nagar, Bhopal - MPPCB","26-03-2025 17:00:00",23.233584,77.400574,OZONE,10,252,232
India,"Madhya Pradesh",Dewas,"Bhopal Chauraha, Dewas - MPPCB","26-03-2025 17:00:00",22.9682591,76.064118,CO,7,67,21
India,"Madhya Pradesh",Gwalior,"City Center, Gwalior - MPPCB","26-03-2025 17:00:00",26.203442,78.193251,PM2.5,12,286,90
India,"Madhya Pradesh",Gwalior,"City Center, Gwalior - MPPCB","26-03-2025 17:00:00",26.203442,78.193251,NH3,2,2,2
India,"Madhya Pradesh",Gwalior,"City Center, Gwalior - MPPCB","26-03-2025 17:00:00",26.203442,78.193251,OZONE,17,138,97
India,"Madhya Pradesh",Gwalior,"Deen Dayal Nagar, Gwalior - MPPCB","26-03-2025 17:00:00",26.259242,78.216432,PM10,51,477,142
India,Maharashtra,Badlapur,"Katrap, Badlapur - MPCB","26-03-2025 17:00:00",19.16485,73.23409,SO2,7,23,13
India,Maharashtra,Belapur,"CBD Belapur, Belapur - MPCB","26-03-2025 17:00:00",19.0243902,73.0406721,SO2,1,6,3
India,Maharashtra,Bhiwandi,"Gokul Nagar, Bhiwandi - MPCB","26-03-2025 17:00:00",19.309073,73.057223,NH3,3,6,5
India,Maharashtra,Bhiwandi,"Gokul Nagar, Bhiwandi - MPCB","26-03-2025 17:00:00",19.309073,73.057223,CO,16,55,26
India,Maharashtra,Chandrapur,"Chauhan Colony, Chandrapur - MPCB","26-03-2025 17:00:00",19.962900,79.298714,PM2.5,88,364,237
India,"Madhya Pradesh",Jabalpur,"Govindh Bhavan Colony, Jabalpur - JMC","26-03-2025 17:00:00",23.163174,79.973061,OZONE,14,119,96
India,"Madhya Pradesh",Jabalpur,"Marhatal, Jabalpur - MPPCB","26-03-2025 17:00:00",23.168606,79.932247,PM10,42,224,93
India,"Madhya Pradesh",Jabalpur,"Marhatal, Jabalpur - MPPCB","26-03-2025 17:00:00",23.168606,79.932247,CO,12,106,46
India,"Madhya Pradesh",Jabalpur,"Marhatal, Jabalpur - MPPCB","26-03-2025 17:00:00",23.168606,79.932247,OZONE,2,98,85
India,"Madhya Pradesh",Sagar,"Deen Dayal Nagar, Sagar - MPPCB","26-03-2025 17:00:00",23.8640158,78.80289321,PM2.5,32,118,62
India,"Madhya Pradesh",Singrauli,"Suryakiran Bhawan NCL, Singrauli - MPPCB","26-03-2025 17:00:00",24.108970,82.645580,NO2,5,30,15
India,Maharashtra,Kalyan,"Khadakpada, Kalyan - MPCB","26-03-2025 17:00:00",19.25292,73.142019,OZONE,16,16,16
India,Maharashtra,Kolhapur,"Shivaji University, Kolhapur - MPCB","26-03-2025 17:00:00",16.6870449,74.2505872,PM2.5,NA,NA,NA
India,Maharashtra,Kolhapur,"Shivaji University, Kolhapur - MPCB","26-03-2025 17:00:00",16.6870449,74.2505872,NH3,2,6,4
India,Maharashtra,Kolhapur,"Sinchan Bhavan, Kolhapur - MPCB","26-03-2025 17:00:00",16.7143745,74.2426398,PM10,36,70,48
India,Maharashtra,Kolhapur,"Sinchan Bhavan, Kolhapur - MPCB","26-03-2025 17:00:00",16.7143745,74.2426398,SO2,NA,NA,NA
India,Maharashtra,Kolhapur,"Sinchan Bhavan, Kolhapur - MPCB","26-03-2025 17:00:00",16.7143745,74.2426398,OZONE,6,83,11
India,Maharashtra,Latur,"Sawe Wadi, Latur - MPCB","26-03-2025 17:00:00",18.39963,76.57452,NH3,4,44,14
India,Maharashtra,Latur,"Sawe Wadi, Latur - MPCB","26-03-2025 17:00:00",18.39963,76.57452,SO2,1,14,6
India,Maharashtra,Latur,"Sawe Wadi, Latur - MPCB","26-03-2025 17:00:00",18.39963,76.57452,OZONE,8,143,75
India,Maharashtra,Mahad,"Kamble Tarf Birwadi, Mahad - MPCB","26-03-2025 17:00:00",18.1023399,73.4783687,PM2.5,61,155,93
India,Maharashtra,Mumbai,"Borivali East, Mumbai - IITM","26-03-2025 17:00:00",19.23241,72.86895,OZONE,4,75,34
India,Maharashtra,Mumbai,"Borivali East, Mumbai - MPCB","26-03-2025 17:00:00",19.2243333,72.8658113,SO2,9,50,27
India,Maharashtra,Mumbai,"Byculla, Mumbai - BMC","26-03-2025 17:00:00",18.9767,72.8380,PM2.5,15,54,32
India,Maharashtra,Mumbai,"Chakala-Andheri East, Mumbai - IITM","26-03-2025 17:00:00",19.11074,72.86084,CO,2,25,9
India,Maharashtra,Mumbai,"Chakala-Andheri East, Mumbai - IITM","26-03-2025 17:00:00",19.11074,72.86084,OZONE,2,81,65
India,Maharashtra,Mumbai,"Chembur, Mumbai - MPCB","26-03-2025 17:00:00",19.0364585,72.8954371,PM2.5,52,114,84
India,Maharashtra,Mumbai,"Chembur, Mumbai - MPCB","26-03-2025 17:00:00",19.0364585,72.8954371,OZONE,11,79,47
India,Maharashtra,Mumbai,"Chhatrapati Shivaji Intl. Airport (T2), Mumbai - MPCB","26-03-2025 17:00:00",19.10078,72.87462,PM10,69,86,78
India,Maharashtra,Mumbai,"Kherwadi_Bandra East, Mumbai - MPCB","26-03-2025 17:00:00",19.0632143,72.8456324,OZONE,1,91,56
India,Maharashtra,Mumbai,"Khindipada-Bhandup West, Mumbai - IITM","26-03-2025 17:00:00",19.1653323,72.922099,SO2,NA,NA,NA
India,Maharashtra,Mumbai,"Khindipada-Bhandup West, Mumbai - IITM","26-03-2025 17:00:00",19.1653323,72.922099,OZONE,56,92,69
India,Maharashtra,Mumbai,"Kurla, Mumbai - MPCB","26-03-2025 17:00:00",19.0863,72.8888,NH3,1,1,1
India,Maharashtra,Mumbai,"Malad West, Mumbai - IITM","26-03-2025 17:00:00",19.19709,72.82204,PM2.5,6,75,41
India,Maharashtra,Mumbai,"Malad West, Mumbai - IITM","26-03-2025 17:00:00",19.19709,72.82204,OZONE,5,92,38
India,Maharashtra,Mumbai,"Mazgaon, Mumbai - IITM","26-03-2025 17:00:00",18.96702,72.84214,PM2.5,17,66,45
India,Maharashtra,Mumbai,"Mazgaon, Mumbai - IITM","26-03-2025 17:00:00",18.96702,72.84214,NH3,5,6,6
India,Maharashtra,Mumbai,"Mindspace-Malad West, Mumbai - MPCB","26-03-2025 17:00:00",19.1878657,72.8304069,NH3,1,3,2
India,Maharashtra,Mumbai,"Mindspace-Malad West, Mumbai - MPCB","26-03-2025 17:00:00",19.1878657,72.8304069,OZONE,6,57,20
India,Maharashtra,Mumbai,"Navy Nagar-Colaba, Mumbai - IITM","26-03-2025 17:00:00",18.897756,72.813320,CO,14,32,24
India,Maharashtra,Mumbai,"Powai, Mumbai - MPCB","26-03-2025 17:00:00",19.137500,72.915056,OZONE,9,9,9
India,Maharashtra,Mumbai,"Sewri, Mumbai - BMC","26-03-2025 17:00:00",19.000084,72.856730,PM10,62,93,73
India,Maharashtra,Mumbai,"Sewri, Mumbai - BMC","26-03-2025 17:00:00",19.000084,72.856730,CO,9,20,11
India,Maharashtra,Mumbai,"Vasai West, Mumbai - MPCB","26-03-2025 17:00:00",19.383200,72.820400,NO2,25,59,41
India,Maharashtra,Mumbai,"Vasai West, Mumbai - MPCB","26-03-2025 17:00:00",19.383200,72.820400,CO,40,59,43
India,Maharashtra,Mumbai,"Vile Parle West, Mumbai - MPCB","26-03-2025 17:00:00",19.10861,72.83622,PM10,34,102,53
India,Maharashtra,Mumbai,"Vile Parle West, Mumbai - MPCB","26-03-2025 17:00:00",19.10861,72.83622,OZONE,6,20,8
India,Maharashtra,Mumbai,"Worli, Mumbai - MPCB","26-03-2025 17:00:00",18.9936162,72.8128113,NO2,NA,NA,NA
India,Maharashtra,Mumbai,"Worli, Mumbai - MPCB","26-03-2025 17:00:00",18.9936162,72.8128113,SO2,4,11,7
India,Maharashtra,Mumbai,"Worli, Mumbai - MPCB","26-03-2025 17:00:00",18.9936162,72.8128113,CO,4,16,11
India,Maharashtra,Mira-Bhayandar,"Bhayandar West, Mira-Bhayandar - MPCB","26-03-2025 17:00:00",19.296481,72.840923,NO2,7,50,18
India,Maharashtra,Mira-Bhayandar,"Bhayandar West, Mira-Bhayandar - MPCB","26-03-2025 17:00:00",19.296481,72.840923,SO2,1,3,1
India,Maharashtra,Mumbai,"Bandra Kurla Complex, Mumbai - MPCB","26-03-2025 17:00:00",19.065931,72.862131,SO2,1,3,2
India,Maharashtra,Mumbai,"Bandra Kurla Complex, Mumbai - MPCB","26-03-2025 17:00:00",19.065931,72.862131,OZONE,6,64,48
India,Maharashtra,Mumbai,"Borivali East, Mumbai - IITM","26-03-2025 17:00:00",19.23241,72.86895,PM10,51,123,83
India,Maharashtra,Mumbai,"Shivaji Nagar, Mumbai - BMC","26-03-2025 17:00:00",19.060498,72.923356,NH3,1,1,1
India,Maharashtra,Mumbai,"Siddharth Nagar-Worli, Mumbai - IITM","26-03-2025 17:00:00",19.000083,72.813993,OZONE,49,87,65
India,Maharashtra,Mumbai,"Chhatrapati Shivaji Intl. Airport (T2), Mumbai - MPCB","26-03-2025 17:00:00",19.10078,72.87462,CO,17,22,19
India,Maharashtra,Mumbai,"Kandivali East, Mumbai - MPCB","26-03-2025 17:00:00",19.205800,72.868200,NO2,1,2,1
India,Maharashtra,"Navi Mumbai","Sanpada, Navi Mumbai - MPCB","26-03-2025 17:00:00",19.0575752,73.0151367,PM10,47,140,108
India,Maharashtra,"Navi Mumbai","Sector-2E Kalamboli, Navi Mumbai - MPCB","26-03-2025 17:00:00",19.02579,73.10297,NO2,1,51,17
India,Maharashtra,"Navi Mumbai","Sector-2E Kalamboli, Navi Mumbai - MPCB","26-03-2025 17:00:00",19.02579,73.10297,SO2,1,6,3
India,Maharashtra,Parbhani,"Masoom Colony, Parbhani - MPCB","26-03-2025 17:00:00",19.265594,76.761463,PM10,46,158,94
India,Maharashtra,Parbhani,"Masoom Colony, Parbhani - MPCB","26-03-2025 17:00:00",19.265594,76.761463,NO2,11,135,45
India,Maharashtra,Parbhani,"Masoom Colony, Parbhani - MPCB","26-03-2025 17:00:00",19.265594,76.761463,SO2,21,72,39
India,Maharashtra,Parbhani,"Masoom Colony, Parbhani - MPCB","26-03-2025 17:00:00",19.265594,76.761463,CO,6,44,16
India,Maharashtra,Pimpri-Chinchwad,"Gavalinagar, Pimpri Chinchwad - MPCB","26-03-2025 17:00:00",18.63673,73.82487,PM2.5,61,88,72
India,Maharashtra,Thane,"Kasarvadavali, Thane - MPCB","26-03-2025 17:00:00",19.26777,72.97182,SO2,1,11,3
India,Maharashtra,Thane,"Kasarvadavali, Thane - MPCB","26-03-2025 17:00:00",19.26777,72.97182,OZONE,1,62,28
India,Maharashtra,Thane,"Upvan Fort, Thane - MPCB","26-03-2025 17:00:00",19.222279,72.957979,PM2.5,29,66,52
India,Maharashtra,Thane,"Upvan Fort, Thane - MPCB","26-03-2025 17:00:00",19.222279,72.957979,SO2,1,19,6
India,Maharashtra,Thane,"Upvan Fort, Thane - MPCB","26-03-2025 17:00:00",19.222279,72.957979,CO,4,39,9
India,Maharashtra,Ulhasnagar,"Sidhi Vinayak Nagar, Ulhasnagar - MPCB","26-03-2025 17:00:00",19.235581,73.159121,NO2,24,65,46
India,Maharashtra,Ulhasnagar,"Sidhi Vinayak Nagar, Ulhasnagar - MPCB","26-03-2025 17:00:00",19.235581,73.159121,SO2,12,32,21
India,Maharashtra,Virar,"Bolinj, Virar - MPCB","26-03-2025 17:00:00",19.4458210,72.7988231,NO2,4,78,36
India,Maharashtra,Virar,"Bolinj, Virar - MPCB","26-03-2025 17:00:00",19.4458210,72.7988231,NH3,1,3,2
India,Maharashtra,Nagpur,"Mahal, Nagpur - MPCB","26-03-2025 17:00:00",21.14472,79.107595,PM2.5,77,333,210
India,Maharashtra,Nagpur,"Mahal, Nagpur - MPCB","26-03-2025 17:00:00",21.14472,79.107595,OZONE,35,93,74
India,Maharashtra,Nagpur,"Opp GPO Civil Lines, Nagpur - MPCB","26-03-2025 17:00:00",21.152875,79.0517531,PM2.5,56,282,147
India,Maharashtra,Nagpur,"Opp GPO Civil Lines, Nagpur - MPCB","26-03-2025 17:00:00",21.152875,79.0517531,PM10,89,187,134
India,Maharashtra,Nagpur,"Opp GPO Civil Lines, Nagpur - MPCB","26-03-2025 17:00:00",21.152875,79.0517531,OZONE,1,118,68
India,Maharashtra,Nanded,"Sneh Nagar, Nanded - MPCB","26-03-2025 17:00:00",19.173852,77.296291,PM2.5,52,140,90
India,Maharashtra,Nashik,"Gangapur Road, Nashik - MPCB","26-03-2025 17:00:00",20.0073285,73.7762427,PM10,68,136,99
India,Meghalaya,Shillong,"Lumpyngngad, Shillong - Meghalaya PCB","26-03-2025 17:00:00",25.5586,91.8985,PM10,53,129,88
India,Meghalaya,Shillong,"Lumpyngngad, Shillong - Meghalaya PCB","26-03-2025 17:00:00",25.5586,91.8985,OZONE,1,48,20
India,Mizoram,Aizawl,"Sikulpuikawn, Aizawl - Mizoram PCB","26-03-2025 17:00:00",23.7176342,92.7192841,NH3,1,2,1
India,Odisha,Angul,"Hakimapada, Angul - OSPCB","26-03-2025 17:00:00",20.832874,85.104082,NO2,12,62,33
India,Odisha,Angul,"Hakimapada, Angul - OSPCB","26-03-2025 17:00:00",20.832874,85.104082,OZONE,4,84,61
India,Odisha,Balasore,"Kalidaspur, Balasore - OSPCB","26-03-2025 17:00:00",21.51161,86.89088,SO2,6,33,14
India,Maharashtra,Pune,"Katraj Dairy, Pune - MPCB","26-03-2025 17:00:00",18.454450,73.854155,NO2,10,45,25
India,Maharashtra,Pune,"Katraj Dairy, Pune - MPCB","26-03-2025 17:00:00",18.454450,73.854155,NH3,2,5,3
India,Maharashtra,Pune,"Mhada Colony, Pune - IITM","26-03-2025 17:00:00",18.573040,73.927715,NO2,32,63,49
India,Maharashtra,Pune,"Mhada Colony, Pune - IITM","26-03-2025 17:00:00",18.573040,73.927715,OZONE,1,303,204
India,Maharashtra,Pune,"Savitribai Phule Pune University, Pune - MPCB","26-03-2025 17:00:00",18.547056,73.826908,PM2.5,29,44,37
India,Maharashtra,Pune,"Savitribai Phule Pune University, Pune - MPCB","26-03-2025 17:00:00",18.547056,73.826908,PM10,38,59,50
India,Maharashtra,Pune,"Savitribai Phule Pune University, Pune - MPCB","26-03-2025 17:00:00",18.547056,73.826908,NO2,10,32,17
India,Maharashtra,Pimpri-Chinchwad,"Savta Mali Nagar, Pimpri-Chinchwad - IITM","26-03-2025 17:00:00",18.614767,73.799516,CO,24,127,52
India,Maharashtra,Pimpri-Chinchwad,"Thergaon, Pimpri Chinchwad - MPCB","26-03-2025 17:00:00",18.616318,73.765797,PM2.5,53,74,63
India,Maharashtra,Pimpri-Chinchwad,"Thergaon, Pimpri Chinchwad - MPCB","26-03-2025 17:00:00",18.616318,73.765797,PM10,93,125,110
India,Maharashtra,Pune,"Bhosari, Pune - IITM","26-03-2025 17:00:00",18.640051,73.848956,PM2.5,32,112,71
India,Maharashtra,Pune,"Bhosari, Pune - IITM","26-03-2025 17:00:00",18.640051,73.848956,PM10,93,150,109
India,Maharashtra,Pune,"Bhumkar Nagar, Pune - IITM","26-03-2025 17:00:00",18.605770,73.749976,PM10,84,170,115
India,Maharashtra,Nashik,"MIDC Ambad, Nashik - MPCB","26-03-2025 17:00:00",19.950220,73.731480,CO,6,50,17
India,Maharashtra,Nashik,"Pandav Nagari, Nashik - MPCB","26-03-2025 17:00:00",19.9591346,73.7788008,PM10,83,168,119
India,Maharashtra,"Navi Mumbai","Kopripada-Vashi, Navi Mumbai - MPCB","26-03-2025 17:00:00",19.090337,73.014232,NH3,6,11,8
India,Maharashtra,Pune,"Transport Nagar-Nigdi, Pune - IITM","26-03-2025 17:00:00",18.664282,73.763966,CO,70,88,77
India,Maharashtra,Sangli,"Vijay Nagar, Sangli - MPCB","26-03-2025 17:00:00"," 16.5038",74.3623,SO2,NA,NA,NA
India,Maharashtra,Solapur,"Dnyaneshwar Nagar, Solapur - MPCB","26-03-2025 17:00:00",17.6336264,75.9132495,NH3,11,49,20
India,Maharashtra,Nashik,"Gangapur Road, Nashik - MPCB","26-03-2025 17:00:00",20.0073285,73.7762427,NH3,3,11,5
India,Maharashtra,Nashik,"Gangapur Road, Nashik - MPCB","26-03-2025 17:00:00",20.0073285,73.7762427,OZONE,25,97,64
India,Maharashtra,Nashik,"Hirawadi, Nashik - MPCB","26-03-2025 17:00:00",20.021503,73.813844,PM2.5,62,188,118
India,Rajasthan,Dungarpur,"Bhoiwada, Dungarpur - RSPCB","26-03-2025 17:00:00",23.837789,73.714926,PM10,55,154,87
India,Rajasthan,Hanumangarh,"Housing Board, Hanumangarh - RSPCB","26-03-2025 17:00:00",29.610750,74.283608,PM10,90,160,128
India,Rajasthan,Jaipur,"Adarsh Nagar, Jaipur - RSPCB","26-03-2025 17:00:00",26.902909,75.836858,PM10,29,158,113
India,Rajasthan,Jaipur,"Adarsh Nagar, Jaipur - RSPCB","26-03-2025 17:00:00",26.902909,75.836858,OZONE,9,50,43
India,Rajasthan,Jaipur,"Mansarovar Sector-12, Jaipur - RSPCB","26-03-2025 17:00:00",26.843698,75.766894,PM10,48,275,136
India,Rajasthan,Jaipur,"Mansarovar Sector-12, Jaipur - RSPCB","26-03-2025 17:00:00",26.843698,75.766894,NH3,1,4,3
India,Rajasthan,Jaipur,"Police Commissionerate, Jaipur - RSPCB","26-03-2025 17:00:00",26.9164092,75.7994901,NO2,2,104,23
India,Rajasthan,Jaipur,"Police Commissionerate, Jaipur - RSPCB","26-03-2025 17:00:00",26.9164092,75.7994901,NH3,6,114,30
India,Odisha,Barbil,"Forest Office, Barbil - OSPCB","26-03-2025 17:00:00",22.1166054,85.3945546,NH3,1,5,3
India,Odisha,Barbil,"Forest Office, Barbil - OSPCB","26-03-2025 17:00:00",22.1166054,85.3945546,SO2,13,95,30
India,Odisha,Baripada,"Meher Colony, Baripada - OSPCB","26-03-2025 17:00:00",21.941841,86.728318,NO2,2,37,16
India,Odisha,Baripada,"Meher Colony, Baripada - OSPCB","26-03-2025 17:00:00",21.941841,86.728318,CO,26,108,106
India,Odisha,Baripada,"Meher Colony, Baripada - OSPCB","26-03-2025 17:00:00",21.941841,86.728318,OZONE,10,109,73
India,Odisha,Bhubaneswar,"Patia, Bhubaneswar - OSPCB","26-03-2025 17:00:00",20.34652,85.81630,NH3,1,3,2
India,Odisha,Bhubaneswar,"Patia, Bhubaneswar - OSPCB","26-03-2025 17:00:00",20.34652,85.81630,OZONE,9,143,100
India,Odisha,Brajrajnagar,"GM Office, Brajrajnagar - OSPCB","26-03-2025 17:00:00",21.8004996,83.8396977,NO2,10,11,10
India,Odisha,Brajrajnagar,"GM Office, Brajrajnagar - OSPCB","26-03-2025 17:00:00",21.8004996,83.8396977,NH3,7,7,7
India,Rajasthan,Bhilwara,"Pratap Nagar, Bhilwara - RSPCB","26-03-2025 17:00:00",25.339605,74.618883,OZONE,1,116,90
India,Rajasthan,Bhiwadi,"RIICO Ind. Area III, Bhiwadi - RSPCB","26-03-2025 17:00:00",28.194909,76.862296,PM2.5,64,285,143
India,Rajasthan,Bhiwadi,"RIICO Ind. Area III, Bhiwadi - RSPCB","26-03-2025 17:00:00",28.194909,76.862296,NH3,8,21,15
India,Rajasthan,Bhiwadi,"Vasundhara Nagar_UIT, Bhiwadi - RSPCB","26-03-2025 17:00:00",28.207266,76.829265,PM2.5,13,374,198
India,Rajasthan,Bhiwadi,"Vasundhara Nagar_UIT, Bhiwadi - RSPCB","26-03-2025 17:00:00",28.207266,76.829265,NO2,12,134,72
India,Rajasthan,Bhiwadi,"Vasundhara Nagar_UIT, Bhiwadi - RSPCB","26-03-2025 17:00:00",28.207266,76.829265,CO,12,80,28
India,Rajasthan,Bundi,"New Colony, Bundi - RSPCB","26-03-2025 17:00:00",25.435774,75.644272,PM2.5,29,240,86
India,Rajasthan,Bundi,"New Colony, Bundi - RSPCB","26-03-2025 17:00:00",25.435774,75.644272,PM10,81,500,188
India,Rajasthan,Banswara,"Rati Talai, Banswara - RSPCB","26-03-2025 17:00:00",23.555190,74.440010,NO2,10,129,45
India,Rajasthan,Banswara,"Rati Talai, Banswara - RSPCB","26-03-2025 17:00:00",23.555190,74.440010,SO2,4,40,18
India,Rajasthan,Banswara,"Rati Talai, Banswara - RSPCB","26-03-2025 17:00:00",23.555190,74.440010,CO,6,64,25
India,Rajasthan,Barmer,"Railway Colony, Barmer - RSPCB","26-03-2025 17:00:00",25.747299,71.393989,PM10,57,194,106
India,Rajasthan,Barmer,"Railway Colony, Barmer - RSPCB","26-03-2025 17:00:00",25.747299,71.393989,NH3,3,6,5
India,Rajasthan,Barmer,"Railway Colony, Barmer - RSPCB","26-03-2025 17:00:00",25.747299,71.393989,SO2,6,36,10
India,Rajasthan,Barmer,"Railway Colony, Barmer - RSPCB","26-03-2025 17:00:00",25.747299,71.393989,CO,10,34,14
India,Rajasthan,Bharatpur,"Krishna Nagar, Bharatpur - RSPCB","26-03-2025 17:00:00",27.215415,77.50873,NH3,3,7,5
India,Punjab,Amritsar,"Golden Temple, Amritsar - PPCB","26-03-2025 17:00:00",31.620000,74.876512,PM10,66,99,81
India,Punjab,Amritsar,"Golden Temple, Amritsar - PPCB","26-03-2025 17:00:00",31.620000,74.876512,CO,33,103,61
India,Punjab,Bathinda,"Hardev Nagar, Bathinda - PPCB","26-03-2025 17:00:00",30.233011,74.907758,NO2,21,24,23
India,Punjab,Jalandhar,"Civil Line, Jalandhar - PPCB","26-03-2025 17:00:00",31.321907,75.578914,PM10,75,139,115
India,Punjab,Jalandhar,"Civil Line, Jalandhar - PPCB","26-03-2025 17:00:00",31.321907,75.578914,NO2,27,32,30
India,Punjab,Khanna,"Kalal Majra, Khanna - PPCB","26-03-2025 17:00:00","30.736056 ",76.209694,SO2,7,31,13
India,Odisha,Rourkela,"Raghunathpali, Rourkela - OSPCB","26-03-2025 17:00:00",22.220833,84.809444,SO2,1,27,5
India,Odisha,Rourkela,"Raghunathpali, Rourkela - OSPCB","26-03-2025 17:00:00",22.220833,84.809444,OZONE,3,103,64
India,Odisha,Tensa,"Barsua Iron Ore Mines, Tensa - OSPCB","26-03-2025 17:00:00",21.869985,85.167016,PM2.5,58,165,107
India,Odisha,Tensa,"Barsua Iron Ore Mines, Tensa - OSPCB","26-03-2025 17:00:00",21.869985,85.167016,PM10,92,158,118
India,Puducherry,Puducherry,"Jawahar Nagar, Puducherry - PPCC","26-03-2025 17:00:00",11.9309,79.8027,NO2,2,28,10
India,Odisha,Cuttack,"CDA Area, Cuttack - OSPCB","26-03-2025 17:00:00","20.48891     ","85.84768     ",SO2,3,11,5
India,Odisha,Nayagarh,"Dabuna, Nayagarh - OSPCB","26-03-2025 17:00:00",21.847279,85.416905,NH3,5,9,8
India,Odisha,Rairangpur,"Divisional Forest Office, Rairangpur - OSPCB","26-03-2025 17:00:00",22.265816,86.174829,PM2.5,62,148,98
India,Odisha,Rourkela,"Fertilizer Township, Rourkela - OSPCB","26-03-2025 17:00:00",22.18972222,84.86277778,PM10,91,102,95
India,Punjab,"Mandi Gobindgarh","RIMT University, Mandi Gobindgarh - PPCB","26-03-2025 17:00:00",30.649961,76.331442,NH3,7,7,7
India,Punjab,"Mandi Gobindgarh","RIMT University, Mandi Gobindgarh - PPCB","26-03-2025 17:00:00",30.649961,76.331442,CO,70,150,98
India,Rajasthan,Alwar,"Moti Doongri, Alwar - RSPCB","26-03-2025 17:00:00",27.554793,76.611536,PM2.5,18,72,46
India,Rajasthan,Bundi,"New Colony, Bundi - RSPCB","26-03-2025 17:00:00",25.435774,75.644272,SO2,9,23,16
India,Rajasthan,Chittorgarh,"Shastri Nagar, Chittorgarh - RSPCB","26-03-2025 17:00:00",24.892047,74.623527,PM2.5,32,318,92
India,Rajasthan,Chittorgarh,"Shastri Nagar, Chittorgarh - RSPCB","26-03-2025 17:00:00",24.892047,74.623527,SO2,2,22,9
India,Rajasthan,Jalore,"Mudtra Sili, Jalore - RSPCB","26-03-2025 17:00:00",25.344694,72.626208,NO2,5,57,22
India,Rajasthan,Jalore,"Mudtra Sili, Jalore - RSPCB","26-03-2025 17:00:00",25.344694,72.626208,NH3,7,10,8
India,Rajasthan,Jalore,"Mudtra Sili, Jalore - RSPCB","26-03-2025 17:00:00",25.344694,72.626208,CO,11,30,18
India,Rajasthan,Jhalawar,"Rajlaxmi Nagar, Jhalawar - RSPCB","26-03-2025 17:00:00",24.588397,76.172782,PM2.5,31,321,81
India,Rajasthan,Jhalawar,"Rajlaxmi Nagar, Jhalawar - RSPCB","26-03-2025 17:00:00",24.588397,76.172782,CO,32,101,52
India,Rajasthan,Jhunjhunu,"Indra Nagar, Jhunjhunu - RSPCB","26-03-2025 17:00:00",28.108988,75.386577,NO2,11,112,34
India,Rajasthan,Jhunjhunu,"Indra Nagar, Jhunjhunu - RSPCB","26-03-2025 17:00:00",28.108988,75.386577,NH3,4,15,11
India,Rajasthan,Jhunjhunu,"Indra Nagar, Jhunjhunu - RSPCB","26-03-2025 17:00:00",28.108988,75.386577,OZONE,7,122,96
India,Rajasthan,Jodhpur,"Collectorate, Jodhpur - RSPCB","26-03-2025 17:00:00",26.268249,73.0193853,PM10,31,262,101
India,Rajasthan,Jodhpur,"Collectorate, Jodhpur - RSPCB","26-03-2025 17:00:00",26.268249,73.0193853,NO2,6,14,10
India,Rajasthan,Jodhpur,"Digari Kalan, Jodhpur - RSPCB","26-03-2025 17:00:00",26.295810,73.082283,NO2,5,99,31
India,Rajasthan,Pratapgarh,"Pragati Nagar, Pratapgarh - RSPCB","26-03-2025 17:00:00",24.041198,74.780702,NO2,11,106,31
India,Rajasthan,Rajsamand,"Dhoinda, Rajsamand - RSPCB","26-03-2025 17:00:00",25.036360,73.883502,PM10,34,135,79
India,Rajasthan,Rajsamand,"Dhoinda, Rajsamand - RSPCB","26-03-2025 17:00:00",25.036360,73.883502,NH3,4,27,16
India,Rajasthan,Sikar,"Radhakishan Pura, Sikar - RSPCB","26-03-2025 17:00:00",27.608912,75.153302,PM2.5,12,308,65
India,Rajasthan,Sikar,"Radhakishan Pura, Sikar - RSPCB","26-03-2025 17:00:00",27.608912,75.153302,PM10,65,409,141
India,Rajasthan,Sirohi,"Vedhaynath Colony, Sirohi - RSPCB","26-03-2025 17:00:00",24.885261,72.857549,PM10,49,145,89
India,Rajasthan,Jodhpur,"Jhalamand, Jodhpur - RSPCB","26-03-2025 17:00:00",26.215415,73.070156,PM2.5,29,358,90
India,Rajasthan,Jodhpur,"Jhalamand, Jodhpur - RSPCB","26-03-2025 17:00:00",26.215415,73.070156,OZONE,17,109,80
India,Rajasthan,Jodhpur,"Mandor, Jodhpur - RSPCB","26-03-2025 17:00:00",26.358805,73.047444,OZONE,22,124,77
India,Rajasthan,Jodhpur,"Samrat Ashok Udhyan, Jodhpur - RSPCB","26-03-2025 17:00:00",26.253384,72.976571,SO2,6,52,13
India,Rajasthan,Karauli,"Satyawati Vihar, Karauli - RSPCB","26-03-2025 17:00:00",26.506177,77.025989,NO2,9,65,29
India,Rajasthan,Karauli,"Satyawati Vihar, Karauli - RSPCB","26-03-2025 17:00:00",26.506177,77.025989,CO,9,48,21
India,Rajasthan,Kota,"Dhanmandi, Kota - RSPCB","26-03-2025 17:00:00",25.164090,75.858137,CO,16,110,22
India,Rajasthan,Kota,"Shrinath Puram, Kota - RSPCB","26-03-2025 17:00:00",25.14389,75.821256,NH3,2,11,5
India,Rajasthan,Kota,"Shrinath Puram, Kota - RSPCB","26-03-2025 17:00:00",25.14389,75.821256,CO,1,109,34
India,Rajasthan,Nagaur,"Karni Colony, Nagaur - RSPCB","26-03-2025 17:00:00",27.213494,73.734444,PM10,93,388,166
India,Rajasthan,Pali,"Indira Colony Vistar, Pali - RSPCB","26-03-2025 17:00:00",25.771061," 73.340227",PM2.5,87,308,169
India,Sikkim,Gangtok,"Zero Point GICI, Gangtok - SSPCB","26-03-2025 17:00:00",27.338530,88.614099,NH3,1,1,1
India,TamilNadu,Chengalpattu,"Crescent University, Chengalpattu - TNPCB","26-03-2025 17:00:00",12.8777316,80.0834807,CO,20,22,20
India,TamilNadu,Chennai,"Alandur Bus Depot, Chennai - CPCB","26-03-2025 17:00:00",12.9099161,80.1076538,NO2,16,20,17
India,TamilNadu,Chennai,"Alandur Bus Depot, Chennai - CPCB","26-03-2025 17:00:00",12.9099161,80.1076538,NH3,5,6,6
India,TamilNadu,Chennai,"Alandur Bus Depot, Chennai - CPCB","26-03-2025 17:00:00",12.9099161,80.1076538,CO,27,35,30
India,Rajasthan,Jaipur,"Shastri Nagar, Jaipur - RSPCB","26-03-2025 17:00:00",26.9502929,75.730943,SO2,8,25,16
India,Rajasthan,Jaisalmer,"Sadar Bazar, Jaisalmer - RSPCB","26-03-2025 17:00:00",26.912329,70.909168,OZONE,25,124,56
India,TamilNadu,Chennai,"Kodungaiyur, Chennai - TNPCB","26-03-2025 17:00:00",13.1278,80.2642,CO,1,84,25
India,TamilNadu,Chennai,"Manali Village, Chennai - TNPCB","26-03-2025 17:00:00",13.1662,80.2584,NO2,2,7,4
India,Rajasthan,Jaipur,"RIICO Sitapura, Jaipur - RSPCB","26-03-2025 17:00:00",26.786682,75.827928,PM10,58,363,183
India,Rajasthan,Tonk,"Shastri Nagar, Tonk - RSPCB","26-03-2025 17:00:00",26.159933,75.780517,CO,16,68,23
India,TamilNadu,Palkalaiperur,"Bharathidasan University, Palkalaiperur - TNPCB","26-03-2025 17:00:00",10.681158,78.741746,SO2,8,9,8
India,TamilNadu,Palkalaiperur,"Bharathidasan University, Palkalaiperur - TNPCB","26-03-2025 17:00:00",10.681158,78.741746,CO,10,11,10
India,TamilNadu,Perundurai,"SIPCOT Industrial Park, Perundurai - TNPCB","26-03-2025 17:00:00",11.258242,77.552761,PM2.5,32,58,45
India,TamilNadu,Perundurai,"SIPCOT Industrial Park, Perundurai - TNPCB","26-03-2025 17:00:00",11.258242,77.552761,PM10,47,82,62
India,TamilNadu,Perundurai,"SIPCOT Industrial Park, Perundurai - TNPCB","26-03-2025 17:00:00",11.258242,77.552761,NH3,1,3,1
India,TamilNadu,Pudukottai,"SIPCOT Nathampannai, Pudukottai - TNPCB","26-03-2025 17:00:00",10.423417,78.784889,NO2,13,19,16
India,TamilNadu,Ramanathapuram,"Chalai Bazaar, Ramanathapuram - TNPCB","26-03-2025 17:00:00",9.36399,78.831977,PM10,38,103,64
India,TamilNadu,Ramanathapuram,"Chalai Bazaar, Ramanathapuram - TNPCB","26-03-2025 17:00:00",9.36399,78.831977,NO2,3,3,3
India,TamilNadu,Ramanathapuram,"Chalai Bazaar, Ramanathapuram - TNPCB","26-03-2025 17:00:00",9.36399,78.831977,NH3,1,1,1
India,TamilNadu,Ranipet,"VOC Nagar_SIPCOT, Ranipet - TNPCB","26-03-2025 17:00:00",12.952707,79.30394,NH3,8,9,8
India,TamilNadu,Ranipet,"VOC Nagar_SIPCOT, Ranipet - TNPCB","26-03-2025 17:00:00",12.952707,79.30394,SO2,14,16,16
India,TamilNadu,Cuddalore,"Semmandalam, Cuddalore - TNPCB","26-03-2025 17:00:00",11.7637683,79.7499835,NH3,1,2,2
India,TamilNadu,Cuddalore,"Semmandalam, Cuddalore - TNPCB","26-03-2025 17:00:00",11.7637683,79.7499835,OZONE,1,2,2
India,TamilNadu,Dindigul,"Mendonsa Colony, Dindigul - TNPCB","26-03-2025 17:00:00",10.358535,77.984321,PM10,73,119,97
India,TamilNadu,Gummidipoondi,"Anthoni Pillai Nagar, Gummidipoondi - TNPCB","26-03-2025 17:00:00",13.4127,80.1081,PM10,54,137,92
India,TamilNadu,Hosur,"SIPCOT Phase-1, Hosur - TNPCB","26-03-2025 17:00:00",12.746998,77.813811,PM2.5,58,115,80
India,TamilNadu,Hosur,"SIPCOT Phase-1, Hosur - TNPCB","26-03-2025 17:00:00",12.746998,77.813811,CO,19,20,20
India,TamilNadu,Kanchipuram,"Kilambi, Kanchipuram - TNPCB","26-03-2025 17:00:00",12.864618,79.659968,NO2,8,16,13
India,TamilNadu,Karur,"Kamadenu Nagar, Karur - TNPCB","26-03-2025 17:00:00",10.967820,78.080882,OZONE,8,36,24
India,TamilNadu,Madurai,"Uchapatti, Madurai - TNPCB","26-03-2025 17:00:00",9.865935,78.022669,OZONE,6,6,6
India,TamilNadu,Nagapattinam,"Velippalayam, Nagapattinam - TNPCB","26-03-2025 17:00:00",10.798548,79.838212,SO2,4,8,6
India,TamilNadu,Namakkal,"Ponnusamy Nagar, Namakkal - TNPCB","26-03-2025 17:00:00",11.273992,78.163545,NO2,8,11,10
India,TamilNadu,Ooty,"Bombay Castel, Ooty - TNPCB","26-03-2025 17:00:00",11.4068288,76.7138973,CO,24,27,26
India,TamilNadu,Thanjavur,"Parisutham Nagar, Thanjavur - TNPCB","26-03-2025 17:00:00",10.7654824,79.1389968,NH3,2,2,2
India,TamilNadu,Thanjavur,"Parisutham Nagar, Thanjavur - TNPCB","26-03-2025 17:00:00",10.7654824,79.1389968,SO2,16,17,17
India,TamilNadu,Thanjavur,"Parisutham Nagar, Thanjavur - TNPCB","26-03-2025 17:00:00",10.7654824,79.1389968,OZONE,3,15,10
India,TamilNadu,Thoothukudi,"Meelavittan, Thoothukudi - TNPCB","26-03-2025 17:00:00","8.816428 ",78.099039,PM10,40,108,63
India,TamilNadu,Thoothukudi,"Meelavittan, Thoothukudi - TNPCB","26-03-2025 17:00:00","8.816428 ",78.099039,NO2,3,6,5
India,TamilNadu,Chennai,"Manali, Chennai - CPCB","26-03-2025 17:00:00",13.164544,80.26285,CO,34,90,54
India,TamilNadu,Chennai,"Manali, Chennai - CPCB","26-03-2025 17:00:00",13.164544,80.26285,OZONE,20,25,23
India,TamilNadu,Chennai,"Perungudi, Chennai - TNPCB","26-03-2025 17:00:00",12.9533,80.2357,PM10,58,132,94
India,TamilNadu,Chennai,"Perungudi, Chennai - TNPCB","26-03-2025 17:00:00",12.9533,80.2357,OZONE,9,17,13
India,TamilNadu,Chennai,"Royapuram, Chennai - TNPCB","26-03-2025 17:00:00",13.1036,80.2909,NH3,3,5,4
India,TamilNadu,Vellore,"Vasanthapuram, Vellore - TNPCB","26-03-2025 17:00:00",12.909494,79.131861,OZONE,8,57,27
India,TamilNadu,Virudhunagar,"Collectorate Office, Virudhunagar - TNPCB","26-03-2025 17:00:00",9.559382,77.948828,OZONE,2,3,2
India,Telangana,Hyderabad,"Bollaram Industrial Area, Hyderabad - TSPCB","26-03-2025 17:00:00",17.540891,78.358528,CO,24,121,46
India,Telangana,Hyderabad,"IDA Pashamylaram, Hyderabad - TSPCB","26-03-2025 17:00:00",17.5316895,78.218939,CO,4,119,26
India,Telangana,Hyderabad,"IDA Pashamylaram, Hyderabad - TSPCB","26-03-2025 17:00:00",17.5316895,78.218939,OZONE,8,37,28
India,Telangana,Hyderabad,"Kokapet, Hyderabad - TSPCB","26-03-2025 17:00:00",17.393559,78.339194,PM10,66,121,80
India,Telangana,Hyderabad,"Kompally Municipal Office, Hyderabad - TSPCB","26-03-2025 17:00:00",17.544899,78.486949,PM10,65,104,79
India,TamilNadu,Chennai,"Royapuram, Chennai - TNPCB","26-03-2025 17:00:00",13.1036,80.2909,OZONE,1,34,22
India,TamilNadu,Coimbatore,"SIDCO Kurichi, Coimbatore - TNPCB","26-03-2025 17:00:00",10.942451,76.978996,PM10,1,83,67
India,TamilNadu,Coimbatore,"SIDCO Kurichi, Coimbatore - TNPCB","26-03-2025 17:00:00",10.942451,76.978996,NH3,1,1,1
India,Telangana,Hyderabad,"Central University, Hyderabad - TSPCB","26-03-2025 17:00:00",17.460103,78.334361,OZONE,14,18,16
India,Telangana,Hyderabad,"ECIL Kapra, Hyderabad - TSPCB","26-03-2025 17:00:00",17.470431,78.566959,PM10,81,99,89
India,Telangana,Hyderabad,"ECIL Kapra, Hyderabad - TSPCB","26-03-2025 17:00:00",17.470431,78.566959,NO2,17,48,32
India,Uttar_Pradesh,Lucknow,"Kendriya Vidyalaya, Lucknow - CPCB","26-03-2025 17:00:00",26.906111,80.948222,OZONE,6,40,27
India,Uttar_Pradesh,Lucknow,"Kukrail Picnic Spot-1, Lucknow - UPPCB","26-03-2025 17:00:00",26.90723,80.98579,SO2,34,39,36
India,Uttar_Pradesh,Lucknow,"Kukrail Picnic Spot-1, Lucknow - UPPCB","26-03-2025 17:00:00",26.90723,80.98579,OZONE,11,75,64
India,Uttar_Pradesh,Lucknow,"Lalbagh, Lucknow - CPCB","26-03-2025 17:00:00",26.8458805,80.9365541,PM2.5,64,338,232
India,Uttar_Pradesh,Lucknow,"Lalbagh, Lucknow - CPCB","26-03-2025 17:00:00",26.8458805,80.9365541,SO2,3,33,15
India,Uttar_Pradesh,Lucknow,"Lalbagh, Lucknow - CPCB","26-03-2025 17:00:00",26.8458805,80.9365541,CO,2,102,43
India,Uttar_Pradesh,Lucknow,"Lalbagh, Lucknow - CPCB","26-03-2025 17:00:00",26.8458805,80.9365541,OZONE,7,30,22
India,Uttar_Pradesh,Lucknow,"Talkatora District Industries Center, Lucknow - CPCB","26-03-2025 17:00:00",26.83399722,80.8917361,PM10,20,417,189
India,Uttar_Pradesh,Kanpur,"FTI Kidwai Nagar, Kanpur - UPPCB","26-03-2025 17:00:00",26.428282,80.327067,PM10,66,345,146
India,Uttar_Pradesh,Kanpur,"FTI Kidwai Nagar, Kanpur - UPPCB","26-03-2025 17:00:00",26.428282,80.327067,CO,20,106,24
India,Uttar_Pradesh,Kanpur,"Nehru Nagar, Kanpur - UPPCB","26-03-2025 17:00:00",26.4703136,80.3229863,NO2,37,76,54
India,Uttar_Pradesh,Kanpur,"Nehru Nagar, Kanpur - UPPCB","26-03-2025 17:00:00",26.4703136,80.3229863,SO2,15,139,30
India,Uttar_Pradesh,Khurja,"Kalindi Kunj, Khurja - UPPCB","26-03-2025 17:00:00",28.2348927,77.8683002,SO2,34,89,57
India,Uttar_Pradesh,Lucknow,"B R Ambedkar University, Lucknow - UPPCB","26-03-2025 17:00:00",26.766433,80.927299,PM2.5,21,303,159
India,Uttar_Pradesh,Lucknow,"B R Ambedkar University, Lucknow - UPPCB","26-03-2025 17:00:00",26.766433,80.927299,NO2,12,12,12
India,Uttar_Pradesh,Meerut,"Ganga Nagar, Meerut - UPPCB","26-03-2025 17:00:00",28.999264,77.7590354,NO2,22,84,53
India,Uttar_Pradesh,Meerut,"Ganga Nagar, Meerut - UPPCB","26-03-2025 17:00:00",28.999264,77.7590354,SO2,4,62,29
India,Uttar_Pradesh,Meerut,"Jai Bhim Nagar, Meerut - UPPCB","26-03-2025 17:00:00",28.9535882,77.7622941,PM10,72,242,147
India,Uttar_Pradesh,Meerut,"Jai Bhim Nagar, Meerut - UPPCB","26-03-2025 17:00:00",28.9535882,77.7622941,NH3,7,17,12
India,Uttar_Pradesh,Meerut,"Jai Bhim Nagar, Meerut - UPPCB","26-03-2025 17:00:00",28.9535882,77.7622941,OZONE,6,123,86
India,Uttar_Pradesh,Meerut,"Pallavpuram Phase 2, Meerut - UPPCB","26-03-2025 17:00:00",29.063510,77.709723,PM10,97,240,155
India,Uttar_Pradesh,Moradabad,"Eco Herbal Park, Moradabad - UPPCB","26-03-2025 17:00:00",28.840739,78.697531,PM10,45,150,93
India,Telangana,Hyderabad,"Zoo Park, Hyderabad - TSPCB","26-03-2025 17:00:00",17.349694,78.451437,NO2,55,124,97
India,Telangana,Hyderabad,"Zoo Park, Hyderabad - TSPCB","26-03-2025 17:00:00",17.349694,78.451437,SO2,4,10,7
India,Tripura,Agartala,"Bardowali, Agartala - Tripura SPCB","26-03-2025 17:00:00",23.8175497,91.2726974,NO2,10,70,26
India,Uttar_Pradesh,Agra,"Manoharpur, Agra - UPPCB","26-03-2025 17:00:00",27.23711,78.01936,NO2,9,9,9
India,Uttar_Pradesh,Agra,"Manoharpur, Agra - UPPCB","26-03-2025 17:00:00",27.23711,78.01936,OZONE,1,61,38
India,Uttar_Pradesh,Agra,"Sanjay Palace, Agra - UPPCB","26-03-2025 17:00:00",27.19865833,78.00598056,PM2.5,13,309,166
India,Uttar_Pradesh,Agra,"Sector-3B Avas Vikas Colony, Agra - UPPCB","26-03-2025 17:00:00",27.19412,77.96237,PM2.5,22,245,83
India,Uttar_Pradesh,Agra,"Sector-3B Avas Vikas Colony, Agra - UPPCB","26-03-2025 17:00:00",27.19412,77.96237,NO2,18,18,18
India,Uttar_Pradesh,Agra,"Sector-3B Avas Vikas Colony, Agra - UPPCB","26-03-2025 17:00:00",27.19412,77.96237,SO2,18,21,19
India,Uttar_Pradesh,Agra,"Shahjahan Garden, Agra - UPPCB","26-03-2025 17:00:00",27.169338,78.03582,NO2,16,17,16
India,Uttar_Pradesh,Agra,"Shahjahan Garden, Agra - UPPCB","26-03-2025 17:00:00",27.169338,78.03582,SO2,37,53,46
India,Uttar_Pradesh,Agra,"Shastripuram, Agra - UPPCB","26-03-2025 17:00:00",27.19862,77.92066,NO2,29,64,33
India,Uttar_Pradesh,Agra,"Shastripuram, Agra - UPPCB","26-03-2025 17:00:00",27.19862,77.92066,NH3,NA,NA,NA
India,Uttar_Pradesh,Agra,"Shastripuram, Agra - UPPCB","26-03-2025 17:00:00",27.19862,77.92066,OZONE,1,6,3
India,Uttar_Pradesh,Bareilly,"Civil Lines, Bareilly - UPPCB","26-03-2025 17:00:00",28.359581,79.414455,SO2,76,105,86
India,Uttar_Pradesh,Bareilly,"Civil Lines, Bareilly - UPPCB","26-03-2025 17:00:00",28.359581,79.414455,CO,5,115,28
India,Uttar_Pradesh,Bareilly,"Rajendra Nagar, Bareilly - UPPCB","26-03-2025 17:00:00",28.38910936,79.42963708,PM2.5,39,184,102
India,Uttar_Pradesh,Bareilly,"Rajendra Nagar, Bareilly - UPPCB","26-03-2025 17:00:00",28.38910936,79.42963708,SO2,25,27,26
India,Uttar_Pradesh,Bareilly,"Rajendra Nagar, Bareilly - UPPCB","26-03-2025 17:00:00",28.38910936,79.42963708,OZONE,2,47,19
India,Uttar_Pradesh,Firozabad,"Vibhab Nagar, Firozabad - UPPCB","26-03-2025 17:00:00",27.1594,78.3953,PM2.5,41,150,80
India,Uttar_Pradesh,Firozabad,"Vibhab Nagar, Firozabad - UPPCB","26-03-2025 17:00:00",27.1594,78.3953,PM10,45,126,85
India,Uttar_Pradesh,Ghaziabad,"Indirapuram, Ghaziabad - UPPCB","26-03-2025 17:00:00",28.646233,77.358075,NH3,5,10,8
India,Uttar_Pradesh,Ghaziabad,"Indirapuram, Ghaziabad - UPPCB","26-03-2025 17:00:00",28.646233,77.358075,SO2,2,104,20
India,Uttar_Pradesh,Ghaziabad,"Loni, Ghaziabad - UPPCB","26-03-2025 17:00:00",28.757294,77.278792,PM10,130,450,328
India,Uttar_Pradesh,Ghaziabad,"Loni, Ghaziabad - UPPCB","26-03-2025 17:00:00",28.757294,77.278792,CO,6,110,41
India,Uttar_Pradesh,Ghaziabad,"Loni, Ghaziabad - UPPCB","26-03-2025 17:00:00",28.757294,77.278792,OZONE,1,102,67
India,Uttar_Pradesh,Ghaziabad,"Sanjay Nagar, Ghaziabad - UPPCB","26-03-2025 17:00:00",28.685382,77.453839,PM10,119,429,258
India,Uttar_Pradesh,Ghaziabad,"Sanjay Nagar, Ghaziabad - UPPCB","26-03-2025 17:00:00",28.685382,77.453839,NH3,5,13,9
India,Uttar_Pradesh,Ghaziabad,"Sanjay Nagar, Ghaziabad - UPPCB","26-03-2025 17:00:00",28.685382,77.453839,SO2,9,59,30
India,Uttar_Pradesh,Ghaziabad,"Vasundhara, Ghaziabad - UPPCB","26-03-2025 17:00:00",28.6603346,77.3572563,OZONE,29,329,170
India,Uttar_Pradesh,Gorakhpur,"Madan Mohan Malaviya University of Technology, Gorakhpur - UPPCB","26-03-2025 17:00:00",26.730136,83.433859,PM2.5,52,217,141
India,Uttar_Pradesh,"Greater Noida","Knowledge Park - III, Greater Noida - UPPCB","26-03-2025 17:00:00",28.47272,77.482000,CO,49,116,88
India,Uttar_Pradesh,Jhansi,"Shivaji Nagar, Jhansi - UPPCB","26-03-2025 17:00:00",25.4547,78.6039,NH3,4,4,4
India,Telangana,Hyderabad,"New Malakpet, Hyderabad - TSPCB","26-03-2025 17:00:00",17.37206,78.50864,PM2.5,31,121,59
India,Telangana,Hyderabad,"New Malakpet, Hyderabad - TSPCB","26-03-2025 17:00:00",17.37206,78.50864,SO2,1,16,12
India,Telangana,Hyderabad,"Sanathnagar, Hyderabad - TSPCB","26-03-2025 17:00:00",17.4559458,78.4332152,SO2,4,14,8
India,Telangana,Hyderabad,"Somajiguda, Hyderabad - TSPCB","26-03-2025 17:00:00",17.417094,78.457437,NO2,7,7,7
India,Telangana,Hyderabad,"Somajiguda, Hyderabad - TSPCB","26-03-2025 17:00:00",17.417094,78.457437,CO,34,57,46
India,Uttarakhand,Kashipur,"Govt. Girls Inter College, Kashipur - UKPCB","26-03-2025 17:00:00",29.2124114,78.9611753,NO2,NA,NA,NA
India,Uttarakhand,Rishikesh,"Shivaji Nagar, Rishikesh - UKPCB","26-03-2025 17:00:00",30.075911,78.2859547,PM10,89,124,107
India,Uttarakhand,Rishikesh,"Shivaji Nagar, Rishikesh - UKPCB","26-03-2025 17:00:00",30.075911,78.2859547,CO,19,46,27
India,Uttarakhand,Rishikesh,"Shivaji Nagar, Rishikesh - UKPCB","26-03-2025 17:00:00",30.075911,78.2859547,OZONE,17,120,77
India,West_Bengal,Asansol,"Asansol Court Area, Asansol - WBPCB","26-03-2025 17:00:00",23.685297,86.945968,PM2.5,94,317,210
India,West_Bengal,Asansol,"Asansol Court Area, Asansol - WBPCB","26-03-2025 17:00:00",23.685297,86.945968,CO,17,106,46
India,West_Bengal,Asansol,"Asansol Court Area, Asansol - WBPCB","26-03-2025 17:00:00",23.685297,86.945968,OZONE,7,68,55
India,West_Bengal,Asansol,"Evelyn Lodge, Asansol - WBPCB","26-03-2025 17:00:00",23.6979360,86.9443950,PM2.5,60,324,191
India,West_Bengal,Asansol,"Evelyn Lodge, Asansol - WBPCB","26-03-2025 17:00:00",23.6979360,86.9443950,OZONE,1,142,92
India,West_Bengal,Asansol,"Trivenidevi Bhalotia College, Asansol - WBPCB","26-03-2025 17:00:00",23.616515,87.119133,PM2.5,86,328,194
India,Uttar_Pradesh,Prayagraj,"Jhunsi, Prayagraj - UPPCB","26-03-2025 17:00:00",25.425602,81.917152,NH3,5,5,5
India,Uttar_Pradesh,Prayagraj,"Motilal Nehru NIT, Prayagraj - UPPCB","26-03-2025 17:00:00",25.494,81.863,PM10,42,121,82
India,Uttar_Pradesh,Prayagraj,"Nagar Nigam, Prayagraj - UPPCB","26-03-2025 17:00:00","25.44919916 ","81.82735986 ",NO2,5,5,5
India,Uttar_Pradesh,Prayagraj,"Nagar Nigam, Prayagraj - UPPCB","26-03-2025 17:00:00","25.44919916 ","81.82735986 ",CO,3,86,9
India,Uttar_Pradesh,Varanasi,"Ardhali Bazar, Varanasi - UPPCB","26-03-2025 17:00:00",25.3505986,82.9083074,NO2,18,50,30
India,Uttar_Pradesh,Varanasi,"Bhelupur, Varanasi - UPPCB","26-03-2025 17:00:00",25.301778,82.996789,PM2.5,12,63,35
India,Uttar_Pradesh,Varanasi,"Bhelupur, Varanasi - UPPCB","26-03-2025 17:00:00",25.301778,82.996789,NH3,1,1,1
India,Uttar_Pradesh,Varanasi,"IESD Banaras Hindu University, Varanasi - UPPCB","26-03-2025 17:00:00",25.262326,82.995408,OZONE,1,11,4
India,Uttar_Pradesh,Vrindavan,"Omex Eternity, Vrindavan - UPPCB","26-03-2025 17:00:00",27.5714090,77.6557570,PM2.5,NA,NA,NA
India,Uttar_Pradesh,Vrindavan,"Omex Eternity, Vrindavan - UPPCB","26-03-2025 17:00:00",27.5714090,77.6557570,CO,20,56,38
India,Uttar_Pradesh,Vrindavan,"Omex Eternity, Vrindavan - UPPCB","26-03-2025 17:00:00",27.5714090,77.6557570,OZONE,11,12,12
India,Uttarakhand,Dehradun,"Doon University, Dehradun - UKPCB","26-03-2025 17:00:00",30.269444,78.044167,OZONE,31,127,87
India,Uttarakhand,Kashipur,"Govt. Girls Inter College, Kashipur - UKPCB","26-03-2025 17:00:00",29.2124114,78.9611753,PM10,NA,NA,NA
India,West_Bengal,Howrah,"Ghusuri, Howrah - WBPCB","26-03-2025 17:00:00",22.611968,88.347422,NH3,5,10,6
India,West_Bengal,Kolkata,"Ballygunge, Kolkata - WBPCB","26-03-2025 17:00:00",22.5367507,88.3638022,SO2,7,27,12
India,West_Bengal,Kolkata,"Bidhannagar, Kolkata - WBPCB","26-03-2025 17:00:00",22.58157048,88.41002457,PM2.5,25,105,59
India,West_Bengal,Kolkata,"Bidhannagar, Kolkata - WBPCB","26-03-2025 17:00:00",22.58157048,88.41002457,NH3,6,11,8
India,West_Bengal,Kolkata,"Bidhannagar, Kolkata - WBPCB","26-03-2025 17:00:00",22.58157048,88.41002457,OZONE,16,81,50
India,West_Bengal,Kolkata,"Jadavpur, Kolkata - WBPCB","26-03-2025 17:00:00",22.49929,88.36917,NO2,10,27,15
India,West_Bengal,Kolkata,"Jadavpur, Kolkata - WBPCB","26-03-2025 17:00:00",22.49929,88.36917,OZONE,16,86,61
India,Uttar_Pradesh,Moradabad,"Eco Herbal Park, Moradabad - UPPCB","26-03-2025 17:00:00",28.840739,78.697531,CO,5,54,25
India,Uttar_Pradesh,Moradabad,"Employment Office, Moradabad - UPPCB","26-03-2025 17:00:00",28.88528,78.73880,SO2,30,52,36
India,Uttar_Pradesh,Moradabad,"Employment Office, Moradabad - UPPCB","26-03-2025 17:00:00",28.88528,78.73880,CO,34,68,61
India,Uttar_Pradesh,Moradabad,"Kashiram Nagar, Moradabad - UPPCB","26-03-2025 17:00:00",28.849399,78.742362,NO2,16,25,25
India,Uttar_Pradesh,Moradabad,"Transport Nagar, Moradabad - UPPCB","26-03-2025 17:00:00",28.802625,78.753728,PM2.5,30,162,87
India,Uttar_Pradesh,Moradabad,"Transport Nagar, Moradabad - UPPCB","26-03-2025 17:00:00",28.802625,78.753728,NH3,5,5,5
India,West_Bengal,Howrah,"Belur Math, Howrah - WBPCB","26-03-2025 17:00:00",22.629801,88.352017,CO,2,54,7
India,West_Bengal,Howrah,"Belur Math, Howrah - WBPCB","26-03-2025 17:00:00",22.629801,88.352017,OZONE,10,86,64
India,West_Bengal,Howrah,"Botanical Garden, Howrah - WBPCB","26-03-2025 17:00:00",22.554954,88.292568,NO2,7,21,13
India,West_Bengal,Howrah,"Dasnagar, Howrah - WBPCB","26-03-2025 17:00:00",22.6025571,88.3105664,PM2.5,20,135,63
India,West_Bengal,Howrah,"Dasnagar, Howrah - WBPCB","26-03-2025 17:00:00",22.6025571,88.3105664,SO2,6,60,19
India,West_Bengal,Howrah,"Ghusuri, Howrah - WBPCB","26-03-2025 17:00:00",22.611968,88.347422,PM10,79,242,131
India,West_Bengal,Asansol,"Trivenidevi Bhalotia College, Asansol - WBPCB","26-03-2025 17:00:00",23.616515,87.119133,NO2,16,118,63
India,West_Bengal,Asansol,"Trivenidevi Bhalotia College, Asansol - WBPCB","26-03-2025 17:00:00",23.616515,87.119133,CO,8,108,46
India,West_Bengal,Barrackpore,"SVSPA Campus, Barrackpore - WBPCB","26-03-2025 17:00:00",22.7605581,88.3617589,NH3,6,8,7
India,West_Bengal,Durgapur,"Mahishkapur Road_B-Zone, Durgapur - WBPCB","26-03-2025 17:00:00",23.567923,87.306843,OZONE,2,107,69
India,Uttar_Pradesh,Noida,"Sector - 62, Noida - IMD","26-03-2025 17:00:00",28.6245479,77.3577104,PM10,65,278,163
India,Uttar_Pradesh,Noida,"Sector-1, Noida - UPPCB","26-03-2025 17:00:00",28.5898,77.3101,PM2.5,19,174,95
India,Uttar_Pradesh,Noida,"Sector - 125, Noida - UPPCB","26-03-2025 17:00:00",28.5447608,77.3231257,PM2.5,21,217,90
India,Uttar_Pradesh,Noida,"Sector - 125, Noida - UPPCB","26-03-2025 17:00:00",28.5447608,77.3231257,NH3,12,23,17
India,Uttar_Pradesh,Noida,"Sector - 125, Noida - UPPCB","26-03-2025 17:00:00",28.5447608,77.3231257,SO2,18,43,30
India,West_Bengal,Kolkata,"Rabindra Bharati University, Kolkata - WBPCB","26-03-2025 17:00:00",22.627847,88.380669,NO2,19,56,31
India,West_Bengal,Kolkata,"Rabindra Bharati University, Kolkata - WBPCB","26-03-2025 17:00:00",22.627847,88.380669,NH3,9,10,9
India,West_Bengal,Kolkata,"Rabindra Sarobar, Kolkata - WBPCB","26-03-2025 17:00:00",22.51106,88.35142,PM10,44,82,62
India,West_Bengal,Kolkata,"Rabindra Sarobar, Kolkata - WBPCB","26-03-2025 17:00:00",22.51106,88.35142,NH3,5,9,6
India,West_Bengal,Kolkata,"Rabindra Sarobar, Kolkata - WBPCB","26-03-2025 17:00:00",22.51106,88.35142,OZONE,13,88,67
India,Bihar,Buxar,"Charitra Van, Buxar - BSPCB","26-03-2025 17:00:00",25.567520,83.966379,CO,6,87,53
India,Bihar,Chhapra,"Darshan Nagar, Chhapra - BSPCB","26-03-2025 17:00:00",25.7808257,84.7446768,PM10,49,123,88
India,Bihar,Chhapra,"Darshan Nagar, Chhapra - BSPCB","26-03-2025 17:00:00",25.7808257,84.7446768,NH3,4,13,9
India,Bihar,Chhapra,"Darshan Nagar, Chhapra - BSPCB","26-03-2025 17:00:00",25.7808257,84.7446768,CO,8,22,10
India,Bihar,Gaya,"Collectorate, Gaya - BSPCB","26-03-2025 17:00:00",24.7955,84.9994,SO2,12,15,14
India,Bihar,Gaya,"Kareemganj, Gaya - BSPCB","26-03-2025 17:00:00",24.792403,84.992416,NO2,2,7,5
India,Bihar,Gaya,"SFTI Kusdihra, Gaya - BSPCB","26-03-2025 17:00:00",24.762518,84.982348,CO,14,48,23
India,Bihar,Hajipur,"Industrial Area, Hajipur - BSPCB","26-03-2025 17:00:00",25.697189,85.245900,PM2.5,169,340,287
India,Bihar,Katihar,"Mirchaibari, Katihar - BSPCB","26-03-2025 17:00:00",25.560083,87.553265,PM2.5,28,143,80
India,Bihar,Katihar,"Mirchaibari, Katihar - BSPCB","26-03-2025 17:00:00",25.560083,87.553265,NH3,1,1,1
India,Bihar,Katihar,"Mirchaibari, Katihar - BSPCB","26-03-2025 17:00:00",25.560083,87.553265,OZONE,19,58,45
India,Bihar,Kishanganj,"SDM Office_Khagra, Kishanganj - BSPCB","26-03-2025 17:00:00",26.0881305,87.93840336,PM10,70,268,147
India,Bihar,Kishanganj,"SDM Office_Khagra, Kishanganj - BSPCB","26-03-2025 17:00:00",26.0881305,87.93840336,SO2,6,68,30
India,Bihar,Kishanganj,"SDM Office_Khagra, Kishanganj - BSPCB","26-03-2025 17:00:00",26.0881305,87.93840336,OZONE,19,21,19
India,Bihar,Manguraha,"Forest Rest House, Manguraha - BSPCB","26-03-2025 17:00:00",27.308328,84.531742,NO2,4,9,6
India,Bihar,Manguraha,"Forest Rest House, Manguraha - BSPCB","26-03-2025 17:00:00",27.308328,84.531742,NH3,1,1,1
India,Bihar,Manguraha,"Forest Rest House, Manguraha - BSPCB","26-03-2025 17:00:00",27.308328,84.531742,OZONE,9,10,10
India,Assam,Byrnihat,"Central Academy for SFS, Byrnihat - PCBA","26-03-2025 17:00:00",26.071318,91.87488,PM2.5,63,500,334
India,Assam,Byrnihat,"Central Academy for SFS, Byrnihat - PCBA","26-03-2025 17:00:00",26.071318,91.87488,NH3,4,4,4
India,Assam,Byrnihat,"Central Academy for SFS, Byrnihat - PCBA","26-03-2025 17:00:00",26.071318,91.87488,SO2,28,35,31
India,Assam,Byrnihat,"Central Academy for SFS, Byrnihat - PCBA","26-03-2025 17:00:00",26.071318,91.87488,CO,42,66,54
India,Assam,Guwahati,"IITG, Guwahati - PCBA","26-03-2025 17:00:00",26.2028636,91.70046436,PM2.5,50,314,218
India,Assam,Guwahati,"IITG, Guwahati - PCBA","26-03-2025 17:00:00",26.2028636,91.70046436,OZONE,1,72,43
India,Assam,Guwahati,"Pan Bazaar, Guwahati - PCBA","26-03-2025 17:00:00",26.187500,91.744194,PM2.5,199,359,296
India,Andhra_Pradesh,Anantapur,"Gulzarpet, Anantapur - APPCB","26-03-2025 17:00:00",14.675886,77.593027,PM10,48,66,58
India,Andhra_Pradesh,Anantapur,"Gulzarpet, Anantapur - APPCB","26-03-2025 17:00:00",14.675886,77.593027,NO2,25,52,35
India,Andhra_Pradesh,Anantapur,"Gulzarpet, Anantapur - APPCB","26-03-2025 17:00:00",14.675886,77.593027,SO2,7,12,10
India,Andhra_Pradesh,Kadapa,"Yerramukkapalli, Kadapa - APPCB","26-03-2025 17:00:00",14.465052,78.824187,PM10,44,65,55
India,Andhra_Pradesh,Kadapa,"Yerramukkapalli, Kadapa - APPCB","26-03-2025 17:00:00",14.465052,78.824187,NH3,5,6,5
India,Andhra_Pradesh,Rajamahendravaram,"Anand Kala Kshetram, Rajamahendravaram - APPCB","26-03-2025 17:00:00",16.9872867,81.7363176,PM10,39,73,53
India,Bihar,Arrah,"New DM Office, Arrah - BSPCB","26-03-2025 17:00:00",25.5626095,84.663264,PM2.5,23,67,45
India,Bihar,Aurangabad,"Gurdeo Nagar, Aurangabad - BSPCB","26-03-2025 17:00:00",24.75746,84.366208,SO2,12,18,15
India,Bihar,Aurangabad,"Gurdeo Nagar, Aurangabad - BSPCB","26-03-2025 17:00:00",24.75746,84.366208,CO,21,67,29
India,Bihar,Begusarai,"Lohiyanagar, Begusarai - BSPCB","26-03-2025 17:00:00",25.42742023,86.13886079,CO,44,54,48
India,Bihar,Bettiah,"Kamalnath Nagar, Bettiah - BSPCB","26-03-2025 17:00:00",26.80365,84.51954,CO,37,111,105
India,Andhra_Pradesh,Vijayawada,"Kanuru, Vijayawada - APPCB","26-03-2025 17:00:00",16.486692,80.699436,OZONE,13,13,13
India,Andhra_Pradesh,Vijayawada,"Rajiv Gandhi Park, Vijayawada - APPCB","26-03-2025 17:00:00",16.509717,80.612222,OZONE,7,30,22
India,Andhra_Pradesh,Vijayawada,"Rajiv Nagar, Vijayawada - APPCB","26-03-2025 17:00:00",16.554731,80.649110,SO2,17,26,22
India,Andhra_Pradesh,Vijayawada,"Rajiv Nagar, Vijayawada - APPCB","26-03-2025 17:00:00",16.554731,80.649110,CO,15,40,21
India,Andhra_Pradesh,Visakhapatnam,"GVM Corporation, Visakhapatnam - APPCB","26-03-2025 17:00:00",17.72,83.3,PM10,45,121,70
India,Assam,Guwahati,"Railway Colony, Guwahati - PCBA","26-03-2025 17:00:00",26.181742,91.78063,PM10,97,424,216
India,Assam,Silchar,"Tarapur, Silchar - PCBA","26-03-2025 17:00:00",24.82827,92.79525,SO2,1,7,4
India,Assam,Silchar,"Tarapur, Silchar - PCBA","26-03-2025 17:00:00",24.82827,92.79525,CO,15,22,18
India,Assam,Sivasagar,"Girls College, Sivasagar - PCBA","26-03-2025 17:00:00",26.987634,94.636574,NO2,56,97,81
India,Assam,Sivasagar,"Girls College, Sivasagar - PCBA","26-03-2025 17:00:00",26.987634,94.636574,CO,6,48,14
India,Andhra_Pradesh,Tirupati,"Vaikuntapuram, Tirupati - APPCB","26-03-2025 17:00:00",13.615387,79.409230,NO2,10,34,17
India,Andhra_Pradesh,Vijayawada,"HB Colony, Vijayawada - APPCB","26-03-2025 17:00:00",16.536107,80.594233,PM10,44,112,73
India,Andhra_Pradesh,Vijayawada,"HB Colony, Vijayawada - APPCB","26-03-2025 17:00:00",16.536107,80.594233,NO2,12,16,12
India,Andhra_Pradesh,Vijayawada,"HB Colony, Vijayawada - APPCB","26-03-2025 17:00:00",16.536107,80.594233,NH3,3,3,3
India,Andhra_Pradesh,Vijayawada,"HB Colony, Vijayawada - APPCB","26-03-2025 17:00:00",16.536107,80.594233,CO,21,34,28
India,Bihar,Bhagalpur,"DM Office_Kachari Chowk, Bhagalpur - BSPCB","26-03-2025 17:00:00",25.251013,86.989001,SO2,30,71,58
India,Bihar,Bhagalpur,"Mayaganj, Bhagalpur - BSPCB","26-03-2025 17:00:00",25.265194,87.012947,NH3,1,8,7
India,Bihar,"Bihar Sharif","D M Colony, Bihar Sharif - BSPCB","26-03-2025 17:00:00",25.204762,85.514960,PM2.5,NA,NA,NA
India,Bihar,"Bihar Sharif","D M Colony, Bihar Sharif - BSPCB","26-03-2025 17:00:00",25.204762,85.514960,NO2,NA,NA,NA
India,Andhra_Pradesh,Amaravati,"Secretariat, Amaravati - APPCB","26-03-2025 17:00:00",16.5150833,80.5181667,NH3,4,5,5
India,Chhattisgarh,Korba,"Urja Nagar, Korba - CECB","26-03-2025 17:00:00",22.348441,82.549611,CO,14,84,30
India,Chhattisgarh,Kunjemura,"OP Jindal School, Kunjemura - CECB","26-03-2025 17:00:00",22.126650,83.483212,SO2,3,7,5
India,Chhattisgarh,Milupara,"Govt. Higher Secondary School, Milupara - CECB","26-03-2025 17:00:00",22.1910172,83.5197009,PM10,58,230,123
India,Chhattisgarh,Milupara,"Govt. Higher Secondary School, Milupara - CECB","26-03-2025 17:00:00",22.1910172,83.5197009,NO2,17,91,47
India,Chhattisgarh,Milupara,"Govt. Higher Secondary School, Milupara - CECB","26-03-2025 17:00:00",22.1910172,83.5197009,CO,8,72,26
India,Chhattisgarh,Milupara,"Govt. Higher Secondary School, Milupara - CECB","26-03-2025 17:00:00",22.1910172,83.5197009,OZONE,14,28,24
India,Chhattisgarh,Raipur,"AIIMS, Raipur - CECB","26-03-2025 17:00:00",21.258815,81.578979,PM10,43,198,106
India,Chhattisgarh,Raipur,"AIIMS, Raipur - CECB","26-03-2025 17:00:00",21.258815,81.578979,NO2,36,90,64
India,Bihar,Patna,"Govt. High School Shikarpur, Patna - BSPCB","26-03-2025 17:00:00",25.592539,85.227158,PM2.5,NA,NA,NA
India,Bihar,Patna,"Govt. High School Shikarpur, Patna - BSPCB","26-03-2025 17:00:00",25.592539,85.227158,NO2,NA,NA,NA
India,Bihar,Patna,"IGSC Planetarium Complex, Patna - BSPCB","26-03-2025 17:00:00",25.610369,85.132568,NO2,13,14,13
India,Bihar,Patna,"IGSC Planetarium Complex, Patna - BSPCB","26-03-2025 17:00:00",25.610369,85.132568,SO2,1,10,6
India,Bihar,Patna,"IGSC Planetarium Complex, Patna - BSPCB","26-03-2025 17:00:00",25.610369,85.132568,OZONE,41,45,42
India,Bihar,Patna,"Muradpur, Patna - BSPCB","26-03-2025 17:00:00",25.619651,85.147382,PM2.5,168,346,292
India,Bihar,Patna,"Rajbansi Nagar, Patna - BSPCB","26-03-2025 17:00:00",25.599486,85.113666,NO2,25,87,49
India,Bihar,Saharsa,"Police Line, Saharsa - BSPCB","26-03-2025 17:00:00",25.892357,86.590325,CO,2,42,10
India,Bihar,Samastipur,"DM Office_Kasipur, Samastipur - BSPCB","26-03-2025 17:00:00",25.859655,85.77944,NH3,2,2,2
India,Bihar,Sasaram,"Dada Peer, Sasaram - BSPCB","26-03-2025 17:00:00",24.952822,84.002396,NO2,2,3,2
India,Bihar,Sasaram,"Dada Peer, Sasaram - BSPCB","26-03-2025 17:00:00",24.952822,84.002396,OZONE,NA,NA,NA
India,Bihar,Siwan,"Chitragupta Nagar, Siwan - BSPCB","26-03-2025 17:00:00",26.2271665,84.3570427,PM2.5,75,363,251
India,Bihar,Siwan,"Chitragupta Nagar, Siwan - BSPCB","26-03-2025 17:00:00",26.2271665,84.3570427,NH3,1,2,1
India,Chandigarh,Chandigarh,"Sector 22, Chandigarh - CPCC","26-03-2025 17:00:00",30.735567,76.775714,NO2,19,86,41
India,Chandigarh,Chandigarh,"Sector 22, Chandigarh - CPCC","26-03-2025 17:00:00",30.735567,76.775714,NH3,12,21,17
India,Chandigarh,Chandigarh,"Sector 22, Chandigarh - CPCC","26-03-2025 17:00:00",30.735567,76.775714,OZONE,2,254,151
India,Chandigarh,Chandigarh,"Sector-25, Chandigarh - CPCC","26-03-2025 17:00:00",30.751462,76.762879,NH3,19,33,27
India,Chandigarh,Chandigarh,"Sector-25, Chandigarh - CPCC","26-03-2025 17:00:00",30.751462,76.762879,OZONE,1,115,75
India,Chhattisgarh,Bhilai,"Civic Center, Bhilai - Bhilai Steel Plant","26-03-2025 17:00:00",21.185571,81.343175,PM10,42,98,73
India,Chhattisgarh,Raipur,"Krishak Nagar, Raipur - CECB","26-03-2025 17:00:00",21.237755,81.705301,SO2,11,27,14
India,Chhattisgarh,Raipur,"Siltara Phase-II, Raipur - CECB","26-03-2025 17:00:00",21.371751,81.664929,PM10,NA,NA,NA
India,Chhattisgarh,Raipur,"Siltara Phase-II, Raipur - CECB","26-03-2025 17:00:00",21.371751,81.664929,OZONE,4,32,21
India,Chhattisgarh,Tumidih,"OP Jindal Industrial Park, Tumidih - CECB","26-03-2025 17:00:00",22.06631475,83.33820077,PM10,NA,NA,NA
India,Chhattisgarh,Tumidih,"OP Jindal Industrial Park, Tumidih - CECB","26-03-2025 17:00:00",22.06631475,83.33820077,NH3,NA,NA,NA
India,Chhattisgarh,Bhilai,"Hathkhoj, Bhilai - CECB","26-03-2025 17:00:00",21.224231,81.408350,PM10,52,197,114
India,Chhattisgarh,Bilaspur,"Mangala, Bilaspur - NTPC","26-03-2025 17:00:00",22.08815,82.13737,PM10,NA,NA,NA
India,Chhattisgarh,Chhal,"Nawapara SECL Colony, Chhal - CECB","26-03-2025 17:00:00",22.118125,83.140608,NH3,7,7,7
India,Chhattisgarh,Korba,"Rampur, Korba - CECB","26-03-2025 17:00:00",22.368195,82.746431,PM10,37,130,88
India,Delhi,Delhi,"Alipur, Delhi - DPCC","26-03-2025 17:00:00",28.815329,77.153010,PM2.5,30,383,225
India,Delhi,Delhi,"Anand Vihar, Delhi - DPCC","26-03-2025 17:00:00",28.647622,77.3158090,PM2.5,45,453,256
India,Delhi,Delhi,"Ashok Vihar, Delhi - DPCC","26-03-2025 17:00:00",28.695381,77.181665,PM2.5,52,357,224
India,Delhi,Delhi,"Ashok Vihar, Delhi - DPCC","26-03-2025 17:00:00",28.695381,77.181665,OZONE,1,219,127
India,Delhi,Delhi,"Aya Nagar, Delhi - IMD","26-03-2025 17:00:00",28.4706914,77.1099364,PM10,28,219,145
India,Bihar,Patna,"Rajbansi Nagar, Patna - BSPCB","26-03-2025 17:00:00",25.599486,85.113666,CO,20,76,31
India,Bihar,Patna,"Samanpura, Patna - BSPCB","26-03-2025 17:00:00",25.596727,85.085624,NH3,5,7,6
India,Bihar,Purnia,"Mariam Nagar, Purnia - BSPCB","26-03-2025 17:00:00",25.366336,87.117468,SO2,11,18,17
India,Bihar,Rajgir,"Dangi Tola, Rajgir - BSPCB","26-03-2025 17:00:00",25.03280,85.41948,NO2,8,10,9
India,Bihar,Munger,"Town Hall, Munger - BSPCB","26-03-2025 17:00:00",25.376776,86.471523,NO2,43,46,45
India,Bihar,Munger,"Town Hall, Munger - BSPCB","26-03-2025 17:00:00",25.376776,86.471523,NH3,7,8,7
India,Bihar,Muzaffarpur,"Buddha Colony, Muzaffarpur - BSPCB","26-03-2025 17:00:00",26.11442,85.39813,NH3,5,10,9
India,Bihar,Muzaffarpur,"Muzaffarpur Collectorate, Muzaffarpur - BSPCB","26-03-2025 17:00:00",26.1209,85.3647,SO2,4,9,5
India,Delhi,Delhi,"DTU, Delhi - CPCB","26-03-2025 17:00:00",28.7500499,77.1112615,CO,29,74,53
India,Delhi,Delhi,"Dr. Karni Singh Shooting Range, Delhi - DPCC","26-03-2025 17:00:00",28.498571,77.264840,PM2.5,37,349,200
India,Delhi,Delhi,"Dr. Karni Singh Shooting Range, Delhi - DPCC","26-03-2025 17:00:00",28.498571,77.264840,PM10,90,432,193
India,Delhi,Delhi,"Dr. Karni Singh Shooting Range, Delhi - DPCC","26-03-2025 17:00:00",28.498571,77.264840,NO2,41,112,73
India,Delhi,Delhi,"Dr. Karni Singh Shooting Range, Delhi - DPCC","26-03-2025 17:00:00",28.498571,77.264840,SO2,20,89,45
India,Delhi,Delhi,"Dwarka-Sector 8, Delhi - DPCC ","26-03-2025 17:00:00",28.5710274,77.0719006,CO,24,134,59
India,Delhi,Delhi,"IHBAS, Dilshad Garden, Delhi - CPCB","26-03-2025 17:00:00",28.6811736,77.3025234,PM2.5,66,309,173
India,Delhi,Delhi,"IHBAS, Dilshad Garden, Delhi - CPCB","26-03-2025 17:00:00",28.6811736,77.3025234,PM10,90,281,171
India,Delhi,Delhi,"Lodhi Road, Delhi - IITM","26-03-2025 17:00:00",28.588333,77.221667,SO2,22,58,37
India,Delhi,Delhi,"Lodhi Road, Delhi - IMD","26-03-2025 17:00:00",28.5918245,77.2273074,OZONE,6,110,66
India,Delhi,Delhi,"Major Dhyan Chand National Stadium, Delhi - DPCC","26-03-2025 17:00:00",28.611281,77.237738,PM2.5,40,334,210
India,Delhi,Delhi,"Major Dhyan Chand National Stadium, Delhi - DPCC","26-03-2025 17:00:00",28.611281,77.237738,NH3,15,22,19
India,Delhi,Delhi,"Major Dhyan Chand National Stadium, Delhi - DPCC","26-03-2025 17:00:00",28.611281,77.237738,CO,12,104,25
India,Delhi,Delhi,"Major Dhyan Chand National Stadium, Delhi - DPCC","26-03-2025 17:00:00",28.611281,77.237738,OZONE,2,248,133
India,Delhi,Delhi,"Mandir Marg, Delhi - DPCC","26-03-2025 17:00:00",28.636429,77.201067,PM2.5,28,330,195
India,Delhi,Delhi,"Rohini, Delhi - DPCC","26-03-2025 17:00:00",28.732528,77.119920,NO2,23,133,85
India,Delhi,Delhi,"Rohini, Delhi - DPCC","26-03-2025 17:00:00",28.732528,77.119920,NH3,11,17,14
India,Delhi,Delhi,"Shadipur, Delhi - CPCB","26-03-2025 17:00:00",28.6514781,77.1473105,PM10,95,500,210
India,Delhi,Delhi,"Shadipur, Delhi - CPCB","26-03-2025 17:00:00",28.6514781,77.1473105,OZONE,12,90,43
India,Delhi,Delhi,"Sirifort, Delhi - CPCB","26-03-2025 17:00:00",28.5504249,77.2159377,SO2,77,83,80
India,Delhi,Delhi,"Sonia Vihar, Delhi - DPCC","26-03-2025 17:00:00",28.710508,77.249485,PM2.5,32,356,195
India,Delhi,Delhi,"Sonia Vihar, Delhi - DPCC","26-03-2025 17:00:00",28.710508,77.249485,NO2,18,142,65
India,Delhi,Delhi,"Sri Aurobindo Marg, Delhi - DPCC","26-03-2025 17:00:00",28.531346,77.190156,NO2,13,119,64
India,Delhi,Delhi,"Vivek Vihar, Delhi - DPCC","26-03-2025 17:00:00",28.672342,77.315260,PM10,101,378,220
India,Delhi,Delhi,"Vivek Vihar, Delhi - DPCC","26-03-2025 17:00:00",28.672342,77.315260,OZONE,7,183,121
India,Delhi,Delhi,"Wazirpur, Delhi - DPCC","26-03-2025 17:00:00",28.699793,77.165453,NO2,42,190,125
India,Delhi,Delhi,"Wazirpur, Delhi - DPCC","26-03-2025 17:00:00",28.699793,77.165453,NH3,10,17,12
India,Gujarat,Ahmedabad,"Chandkheda, Ahmedabad - IITM","26-03-2025 17:00:00",23.107969,72.574648,PM2.5,66,382,159
India,Delhi,Delhi,"NSIT Dwarka, Delhi - CPCB","26-03-2025 17:00:00",28.60909,77.0325413,OZONE,18,68,43
India,Delhi,Delhi,"Najafgarh, Delhi - DPCC","26-03-2025 17:00:00",28.570173,76.933762,NH3,7,11,9
India,Delhi,Delhi,"Narela, Delhi - DPCC","26-03-2025 17:00:00",28.822836,77.101981,PM2.5,48,411,257
India,Delhi,Delhi,"Nehru Nagar, Delhi - DPCC","26-03-2025 17:00:00",28.567890,77.250515,CO,2,143,65
India,Delhi,Delhi,"North Campus, DU, Delhi - IMD","26-03-2025 17:00:00",28.6573814,77.1585447,CO,52,117,75
India,Delhi,Delhi,"Patparganj, Delhi - DPCC","26-03-2025 17:00:00",28.623763,77.287209,PM10,100,398,258
India,Delhi,Delhi,"Punjabi Bagh, Delhi - DPCC","26-03-2025 17:00:00",28.674045,77.131023,CO,4,69,22
India,Delhi,Delhi,"Punjabi Bagh, Delhi - DPCC","26-03-2025 17:00:00",28.674045,77.131023,OZONE,1,117,78
India,Delhi,Delhi,"Pusa, Delhi - DPCC","26-03-2025 17:00:00",28.639652,77.146275,PM10,92,355,175
India,Delhi,Delhi,"Pusa, Delhi - DPCC","26-03-2025 17:00:00",28.639652,77.146275,SO2,15,40,24
India,Delhi,Delhi,"Pusa, Delhi - IMD","26-03-2025 17:00:00",28.636110,77.173332,PM2.5,60,329,192
India,Delhi,Delhi,"Mundka, Delhi - DPCC","26-03-2025 17:00:00",28.684678,77.076574,NH3,6,21,9
India,Delhi,Delhi,"Mundka, Delhi - DPCC","26-03-2025 17:00:00",28.684678,77.076574,CO,13,68,20
India,Delhi,Delhi,"NSIT Dwarka, Delhi - CPCB","26-03-2025 17:00:00",28.60909,77.0325413,PM2.5,48,295,147
India,Delhi,Delhi,"NSIT Dwarka, Delhi - CPCB","26-03-2025 17:00:00",28.60909,77.0325413,PM10,71,282,185
India,Delhi,Delhi,"IHBAS, Dilshad Garden, Delhi - CPCB","26-03-2025 17:00:00",28.6811736,77.3025234,SO2,7,16,10
India,Delhi,Delhi,"Jawaharlal Nehru Stadium, Delhi - DPCC","26-03-2025 17:00:00",28.580280,77.233829,NO2,41,118,86
India,Delhi,Delhi,"Jawaharlal Nehru Stadium, Delhi - DPCC","26-03-2025 17:00:00",28.580280,77.233829,CO,7,118,35
India,Delhi,Delhi,"Aya Nagar, Delhi - IMD","26-03-2025 17:00:00",28.4706914,77.1099364,OZONE,5,287,191
India,Delhi,Delhi,"CRRI Mathura Road, Delhi - IMD","26-03-2025 17:00:00",28.5512005,77.2735737,PM2.5,61,346,219
India,Delhi,Delhi,"CRRI Mathura Road, Delhi - IMD","26-03-2025 17:00:00",28.5512005,77.2735737,OZONE,48,248,93
India,Gujarat,Ahmedabad,"Rakhial, Ahmedabad - IITM","26-03-2025 17:00:00",23.016834,72.625775,OZONE,4,287,78
India,Gujarat,Ahmedabad,"SVPI Airport Hansol, Ahmedabad - IITM","26-03-2025 17:00:00",23.076793,72.627874,PM2.5,77,295,139
India,Gujarat,Ahmedabad,"SVPI Airport Hansol, Ahmedabad - IITM","26-03-2025 17:00:00",23.076793,72.627874,NH3,3,7,5
India,Gujarat,Ahmedabad,"SVPI Airport Hansol, Ahmedabad - IITM","26-03-2025 17:00:00",23.076793,72.627874,SO2,5,31,12
India,Gujarat,Ahmedabad,"SVPI Airport Hansol, Ahmedabad - IITM","26-03-2025 17:00:00",23.076793,72.627874,OZONE,1,99,48
India,Gujarat,Ahmedabad,"Sardar Vallabhbhai Patel Stadium, Ahmedabad - IITM","26-03-2025 17:00:00",23.043070,72.562968,PM2.5,48,319,131
India,Gujarat,Ahmedabad,"Sardar Vallabhbhai Patel Stadium, Ahmedabad - IITM","26-03-2025 17:00:00",23.043070,72.562968,CO,14,159,20
India,Gujarat,Ankleshwar,"GIDC, Ankleshwar - GPCB","26-03-2025 17:00:00",21.613267,73.010555,PM10,63,107,81
India,Gujarat,Ankleshwar,"GIDC, Ankleshwar - GPCB","26-03-2025 17:00:00",21.613267,73.010555,NH3,5,5,5
India,Karnataka,Bengaluru,"City Railway Station, Bengaluru - KSPCB","26-03-2025 17:00:00",12.9756843,77.5660749,PM10,91,101,97
India,Karnataka,Bengaluru,"Hebbal, Bengaluru - KSPCB","26-03-2025 17:00:00",13.029152,77.585901,SO2,10,17,13
India,Karnataka,Bengaluru,"Hebbal, Bengaluru - KSPCB","26-03-2025 17:00:00",13.029152,77.585901,CO,4,40,20
India,Karnataka,Bengaluru,"Hombegowda Nagar, Bengaluru - KSPCB","26-03-2025 17:00:00",12.938539,77.590100,PM2.5,31,46,41
India,Karnataka,Bengaluru,"Jayanagar 5th Block, Bengaluru - KSPCB","26-03-2025 17:00:00",12.920984,77.584908,PM10,63,120,80
India,Karnataka,Bengaluru,"Jayanagar 5th Block, Bengaluru - KSPCB","26-03-2025 17:00:00",12.920984,77.584908,NO2,NA,NA,NA
India,Karnataka,Bengaluru,"Jayanagar 5th Block, Bengaluru - KSPCB","26-03-2025 17:00:00",12.920984,77.584908,SO2,4,17,9
India,Gujarat,Ahmedabad,"Gyaspur, Ahmedabad - IITM","26-03-2025 17:00:00",22.977134,72.553024,PM2.5,67,406,211
India,Gujarat,Ahmedabad,"Maninagar, Ahmedabad - GPCB","26-03-2025 17:00:00",23.002657,72.591912,SO2,28,41,34
India,Gujarat,Ahmedabad,"Maninagar, Ahmedabad - GPCB","26-03-2025 17:00:00",23.002657,72.591912,OZONE,5,55,43
India,Gujarat,Ahmedabad,"Raikhad, Ahmedabad - IITM","26-03-2025 17:00:00",23.020509,72.579261,SO2,10,33,19
India,Gujarat,Ahmedabad,"Raikhad, Ahmedabad - IITM","26-03-2025 17:00:00",23.020509,72.579261,CO,14,149,30
India,Gujarat,Ahmedabad,"Rakhial, Ahmedabad - IITM","26-03-2025 17:00:00",23.016834,72.625775,NO2,8,25,13
India,Gujarat,Ahmedabad,"Rakhial, Ahmedabad - IITM","26-03-2025 17:00:00",23.016834,72.625775,CO,12,160,19
India,Jharkhand,Dhanbad,"Sardar Patel Nagar, Dhanbad - JSPCB","26-03-2025 17:00:00",23.80569,86.44268,OZONE,20,67,52
India,Karnataka,Bagalkot,"Vidayagiri, Bagalkot - KSPCB","26-03-2025 17:00:00",16.172806,75.659694,PM2.5,NA,NA,NA
India,Karnataka,Belgaum,"Ramteerth Nagar, Belgaum - KSPCB","26-03-2025 17:00:00",15.888653,74.541751,CO,14,24,17
India,Karnataka,Bengaluru,"Bapuji Nagar, Bengaluru - KSPCB","26-03-2025 17:00:00",12.951913,77.539784,NH3,1,2,1
India,Haryana,Faridabad,"Sector 11, Faridabad - HSPCB","26-03-2025 17:00:00",28.376058,77.315741,PM2.5,44,52,47
India,Haryana,Faridabad,"Sector 11, Faridabad - HSPCB","26-03-2025 17:00:00",28.376058,77.315741,NO2,29,32,31
India,Haryana,Faridabad,"Sector 30, Faridabad - HSPCB","26-03-2025 17:00:00",28.4417,77.3217,PM2.5,40,43,42
India,Haryana,Gurugram,"Sector-51, Gurugram - HSPCB","26-03-2025 17:00:00",28.4227,77.0667,CO,7,116,52
India,Haryana,Gurugram,"Teri Gram, Gurugram - HSPCB","26-03-2025 17:00:00",28.4275,77.1465,PM2.5,119,490,293
India,Haryana,Panchgaon,"Amity University, Panchgaon - IITM","26-03-2025 17:00:00",28.3153,76.9143,NO2,52,99,76
India,Haryana,Panchgaon,"Amity University, Panchgaon - IITM","26-03-2025 17:00:00",28.3153,76.9143,NH3,6,12,9
India,"Himachal Pradesh",Baddi,"HIMUDA Complex Phase-1, Baddi - HPPCB","26-03-2025 17:00:00",30.943887,76.801991,SO2,7,124,57
India,Jharkhand,Dhanbad,"Sardar Patel Nagar, Dhanbad - JSPCB","26-03-2025 17:00:00",23.80569,86.44268,NO2,NA,NA,NA
India,Gujarat,Gandhinagar,"Sector-10, Gandhinagar - GPCB","26-03-2025 17:00:00",23.221714,72.654328,NH3,5,6,5
India,Gujarat,Vapi,"Phase-1 GIDC, Vapi - GPCB","26-03-2025 17:00:00",20.362421,72.918013,SO2,32,36,36
India,Gujarat,Vapi,"Phase-1 GIDC, Vapi - GPCB","26-03-2025 17:00:00",20.362421,72.918013,OZONE,2,2,2
India,Haryana,"Charkhi Dadri","Mini Secretariat, Charkhi Dadri - HSPCB","26-03-2025 17:00:00",28.593883,76.270653,OZONE,13,17,15
India,Gujarat,Gandhinagar,"IIPHG Lekawada, Gandhinagar - IITM","26-03-2025 17:00:00",23.243639,72.68994,PM2.5,71,310,166
India,Gujarat,Gandhinagar,"IIPHG Lekawada, Gandhinagar - IITM","26-03-2025 17:00:00",23.243639,72.68994,NO2,22,163,75
India,Gujarat,Gandhinagar,"Sector-10, Gandhinagar - GPCB","26-03-2025 17:00:00",23.221714,72.654328,PM2.5,21,69,44
India,Karnataka,Bengaluru,"Jigani, Bengaluru - KSPCB","26-03-2025 17:00:00",12.7816279,77.6299145,CO,15,180,64
India,Karnataka,Bengaluru,"Kasturi Nagar, Bengaluru - KSPCB","26-03-2025 17:00:00",13.003872,77.664217,PM2.5,NA,NA,NA
India,"Madhya Pradesh",Gwalior,"Deen Dayal Nagar, Gwalior - MPPCB","26-03-2025 17:00:00",26.259242,78.216432,OZONE,10,63,46
India,"Madhya Pradesh",Gwalior,"Maharaj Bada, Gwalior - MPPCB","26-03-2025 17:00:00",26.200388,78.147714,OZONE,3,116,104
India,"Madhya Pradesh",Indore,"Airport Area, Indore - IMC","26-03-2025 17:00:00",22.7289,75.8076,PM10,40,118,68
India,"Madhya Pradesh",Indore,"Airport Area, Indore - IMC","26-03-2025 17:00:00",22.7289,75.8076,SO2,16,16,16
India,"Madhya Pradesh",Indore,"Airport Area, Indore - IMC","26-03-2025 17:00:00",22.7289,75.8076,OZONE,8,26,20
India,"Madhya Pradesh",Indore,"Chhoti Gwaltoli, Indore - MPPCB","26-03-2025 17:00:00",22.4310,75.5213,PM10,96,302,184
India,"Madhya Pradesh",Indore,"Chhoti Gwaltoli, Indore - MPPCB","26-03-2025 17:00:00",22.4310,75.5213,CO,12,127,61
India,"Madhya Pradesh",Indore,"Regional Park, Indore - IMC","26-03-2025 17:00:00",22.6780,75.8559,PM2.5,39,198,108
India,"Madhya Pradesh",Indore,"Regional Park, Indore - IMC","26-03-2025 17:00:00",22.6780,75.8559,CO,34,56,42
India,"Madhya Pradesh",Bhopal,"Paryavaran Parisar, Bhopal - MPPCB","26-03-2025 17:00:00",23.210494,77.425409,SO2,5,27,12
India,"Madhya Pradesh",Bhopal,"Paryavaran Parisar, Bhopal - MPPCB","26-03-2025 17:00:00",23.210494,77.425409,OZONE,7,73,57
India,"Madhya Pradesh",Bhopal,"T T Nagar, Bhopal - MPPCB","26-03-2025 17:00:00",23.233584,77.400574,CO,8,104,30
India,"Madhya Pradesh",Damoh,"Shrivastav Colony, Damoh - MPPCB","26-03-2025 17:00:00",23.81748678,79.446246,PM10,15,46,30
India,"Madhya Pradesh",Dewas,"Bhopal Chauraha, Dewas - MPPCB","26-03-2025 17:00:00",22.9682591,76.064118,PM2.5,33,177,79
India,"Madhya Pradesh",Gwalior,"City Center, Gwalior - MPPCB","26-03-2025 17:00:00",26.203442,78.193251,PM10,54,314,136
India,"Madhya Pradesh",Gwalior,"City Center, Gwalior - MPPCB","26-03-2025 17:00:00",26.203442,78.193251,SO2,9,20,14
India,"Madhya Pradesh",Gwalior,"City Center, Gwalior - MPPCB","26-03-2025 17:00:00",26.203442,78.193251,CO,10,131,20
India,Kerala,Kollam,"Polayathode, Kollam - Kerala PCB","26-03-2025 17:00:00",8.8787,76.6073,NH3,1,1,1
India,Kerala,Thiruvananthapuram,"Kariavattom, Thiruvananthapuram - Kerala PCB","26-03-2025 17:00:00",8.563700,76.886500,PM10,63,81,76
India,Kerala,Thiruvananthapuram,"Kariavattom, Thiruvananthapuram - Kerala PCB","26-03-2025 17:00:00",8.563700,76.886500,OZONE,36,37,37
India,Kerala,Thiruvananthapuram,"Plammoodu, Thiruvananthapuram - Kerala PCB","26-03-2025 17:00:00",8.5149093,76.9435879,PM2.5,18,84,45
India,Kerala,Thiruvananthapuram,"Plammoodu, Thiruvananthapuram - Kerala PCB","26-03-2025 17:00:00",8.5149093,76.9435879,OZONE,11,34,20
India,Kerala,Thrissur,"Corporation Ground, Thrissur - Kerala PCB","26-03-2025 17:00:00",10.532400,76.215900,SO2,1,1,1
India,"Madhya Pradesh",Bhopal,"Idgah Hills, Bhopal - MPPCB","26-03-2025 17:00:00",23.264759,77.381568,NO2,13,103,42
India,Karnataka,Chamarajanagar,"Urban, Chamarajanagar - KSPCB","26-03-2025 17:00:00",11.55358,76.55521,CO,17,120,27
India,Karnataka,Chikkaballapur,"Chikkaballapur Rural, Chikkaballapur - KSPCB","26-03-2025 17:00:00",13.428828,77.731418,CO,3,20,12
India,Karnataka,Chikkamagaluru,"Kalyana Nagara, Chikkamagaluru - KSPCB","26-03-2025 17:00:00",13.328028,75.797056,PM2.5,34,79,54
India,Karnataka,Chikkamagaluru,"Kalyana Nagara, Chikkamagaluru - KSPCB","26-03-2025 17:00:00",13.328028,75.797056,NO2,17,37,23
India,Karnataka,Chikkamagaluru,"Kalyana Nagara, Chikkamagaluru - KSPCB","26-03-2025 17:00:00",13.328028,75.797056,NH3,2,9,4
India,Karnataka,Chikkamagaluru,"Kalyana Nagara, Chikkamagaluru - KSPCB","26-03-2025 17:00:00",13.328028,75.797056,SO2,NA,NA,NA
India,Karnataka,Chikkamagaluru,"Kalyana Nagara, Chikkamagaluru - KSPCB","26-03-2025 17:00:00",13.328028,75.797056,CO,11,110,48
India,Karnataka,Davanagere,"Devaraj Urs Badavane, Davanagere - KSPCB","26-03-2025 17:00:00",14.475800,75.905200,OZONE,19,22,19
India,Karnataka,Shivamogga,"Vinoba Nagara, Shivamogga - KSPCB","26-03-2025 17:00:00",13.940000,75.555917,CO,10,32,22
India,Karnataka,Tumakuru,"Thimmalapura, Tumakuru - KSPCB","26-03-2025 17:00:00",13.377516,77.099072,PM2.5,25,67,47
India,Karnataka,Tumakuru,"Thimmalapura, Tumakuru - KSPCB","26-03-2025 17:00:00",13.377516,77.099072,NH3,2,2,2
India,Karnataka,Yadgir,"Collector Office, Yadgir - KSPCB","26-03-2025 17:00:00",16.7602,77.1428,PM2.5,40,66,50
India,Karnataka,Yadgir,"Collector Office, Yadgir - KSPCB","26-03-2025 17:00:00",16.7602,77.1428,NH3,2,2,2
India,Kerala,Eloor,"Udyogamandal, Eloor - Kerala PCB","26-03-2025 17:00:00",10.073232,76.302765,PM2.5,45,75,56
India,Karnataka,Bengaluru,"Sanegurava Halli, Bengaluru - KSPCB","26-03-2025 17:00:00",12.990328,77.5431385,PM10,38,45,40
India,Karnataka,Bengaluru,"Sanegurava Halli, Bengaluru - KSPCB","26-03-2025 17:00:00",12.990328,77.5431385,NO2,21,35,24
India,Karnataka,Bengaluru,"Sanegurava Halli, Bengaluru - KSPCB","26-03-2025 17:00:00",12.990328,77.5431385,CO,8,105,39
India,Karnataka,Bengaluru,"Shivapura_Peenya, Bengaluru - KSPCB","26-03-2025 17:00:00",13.0246342,77.5080115,NO2,8,8,8
India,Karnataka,Bengaluru,"Shivapura_Peenya, Bengaluru - KSPCB","26-03-2025 17:00:00",13.0246342,77.5080115,NH3,2,2,2
India,Karnataka,Bengaluru,"Shivapura_Peenya, Bengaluru - KSPCB","26-03-2025 17:00:00",13.0246342,77.5080115,SO2,5,11,8
India,Karnataka,Bidar,"Naubad, Bidar - KSPCB","26-03-2025 17:00:00",17.930306,77.482194,NH3,NA,NA,NA
India,Karnataka,Gadag,"Panchal Nagar, Gadag - KSPCB","26-03-2025 17:00:00",15.411456,75.638133,NH3,1,3,2
India,Karnataka,Haveri,"Ashwini Nagar, Haveri - KSPCB","26-03-2025 17:00:00",14.791800,75.389600,PM2.5,39,60,47
India,Karnataka,Hubballi,"Lingaraj Nagar, Hubballi - KSPCB","26-03-2025 17:00:00",15.3714823,75.1160168,PM2.5,35,38,36
India,Karnataka,Kalaburagi,"Mahatma Basaveswar Colony, Kalaburgi - KSPCB","26-03-2025 17:00:00",17.336318,76.847397,OZONE,1,63,18
India,Karnataka,Karwar,"KHB Colony, Karwar - KSPCB","26-03-2025 17:00:00",14.816666,74.141003,PM10,NA,NA,NA
India,Karnataka,Madikeri,"Stuart Hill, Madikeri - KSPCB","26-03-2025 17:00:00",12.415911,75.735050,PM2.5,22,37,31
India,Karnataka,Ramanagara,"Vijay Nagar, Ramanagara - KSPCB","26-03-2025 17:00:00",12.733409,77.298051,SO2,8,20,14
India,Karnataka,Shivamogga,"Vinoba Nagara, Shivamogga - KSPCB","26-03-2025 17:00:00",13.940000,75.555917,PM10,45,67,53
India,Maharashtra,Jalna,"Old MIDC, Jalna - MPCB","26-03-2025 17:00:00",19.854616,75.905894,CO,9,23,19
India,Maharashtra,Kalyan,"Khadakpada, Kalyan - MPCB","26-03-2025 17:00:00",19.25292,73.142019,PM2.5,43,90,68
India,Maharashtra,Kalyan,"Khadakpada, Kalyan - MPCB","26-03-2025 17:00:00",19.25292,73.142019,NO2,4,7,5
India,Maharashtra,Kalyan,"Khadakpada, Kalyan - MPCB","26-03-2025 17:00:00",19.25292,73.142019,CO,6,9,7
India,Maharashtra,Kalyan,"Pimpleshwar Mandir, Kalyan - MPCB","26-03-2025 17:00:00",19.192056,72.9585188,NO2,8,19,13
India,Maharashtra,Kalyan,"Pimpleshwar Mandir, Kalyan - MPCB","26-03-2025 17:00:00",19.192056,72.9585188,SO2,1,27,5
India,Maharashtra,Kolhapur,"Shivaji University, Kolhapur - MPCB","26-03-2025 17:00:00",16.6870449,74.2505872,PM10,NA,NA,NA
India,Maharashtra,Kolhapur,"Shivaji University, Kolhapur - MPCB","26-03-2025 17:00:00",16.6870449,74.2505872,NO2,8,11,9
India,Maharashtra,Kolhapur,"Shivaji University, Kolhapur - MPCB","26-03-2025 17:00:00",16.6870449,74.2505872,CO,6,31,24
India,Maharashtra,Kolhapur,"Sinchan Bhavan, Kolhapur - MPCB","26-03-2025 17:00:00",16.7143745,74.2426398,PM2.5,NA,NA,NA
India,Maharashtra,Kolhapur,"Sinchan Bhavan, Kolhapur - MPCB","26-03-2025 17:00:00",16.7143745,74.2426398,NO2,NA,NA,NA
India,Maharashtra,Latur,"Sawe Wadi, Latur - MPCB","26-03-2025 17:00:00",18.39963,76.57452,PM10,54,157,105
India,"Madhya Pradesh",Ratlam,"Shasthri Nagar, Ratlam - IPCA Lab","26-03-2025 17:00:00",23.331731,75.045981,NO2,30,31,31
India,"Madhya Pradesh",Sagar,"Civil Lines, Sagar - MPPCB","26-03-2025 17:00:00",23.838586,78.759431,NH3,1,1,1
India,"Madhya Pradesh",Sagar,"Civil Lines, Sagar - MPPCB","26-03-2025 17:00:00",23.838586,78.759431,SO2,7,22,12
India,"Madhya Pradesh",Sagar,"Deen Dayal Nagar, Sagar - MPPCB","26-03-2025 17:00:00",23.8640158,78.80289321,SO2,26,28,27
India,"Madhya Pradesh",Satna,"Bandhavgar Colony, Satna - Birla Cement","26-03-2025 17:00:00",24.58434363,80.8549414,NO2,51,117,77
India,"Madhya Pradesh",Satna,"Bandhavgar Colony, Satna - Birla Cement","26-03-2025 17:00:00",24.58434363,80.8549414,SO2,NA,NA,NA
India,"Madhya Pradesh",Satna,"Bandhavgar Colony, Satna - Birla Cement","26-03-2025 17:00:00",24.58434363,80.8549414,OZONE,5,25,10
India,"Madhya Pradesh",Singrauli,"Suryakiran Bhawan NCL, Singrauli - MPPCB","26-03-2025 17:00:00",24.108970,82.645580,PM10,82,390,159
India,"Madhya Pradesh",Jabalpur,"Suhagi, Jabalpur - JMC","26-03-2025 17:00:00",23.218135,79.957770,OZONE,5,85,65
India,"Madhya Pradesh",Katni,"Gole Bazar, Katni - MPPCB","26-03-2025 17:00:00",23.50016,80.23284,PM2.5,19,181,74
India,"Madhya Pradesh",Katni,"Gole Bazar, Katni - MPPCB","26-03-2025 17:00:00",23.50016,80.23284,PM10,57,301,153
India,"Madhya Pradesh",Katni,"Gole Bazar, Katni - MPPCB","26-03-2025 17:00:00",23.50016,80.23284,NO2,17,123,63
India,"Madhya Pradesh",Maihar,"Sahilara, Maihar - KJS Cements","26-03-2025 17:00:00",24.2613009,80.7231783,NO2,34,41,37
India,"Madhya Pradesh",Mandideep,"Sector-D Industrial Area, Mandideep - MPPCB","26-03-2025 17:00:00",23.108440,77.511428,NO2,26,167,92
India,"Madhya Pradesh",Pithampur,"Sector-2 Industrial Area, Pithampur - MPPCB","26-03-2025 17:00:00",22.624758,75.675238,NH3,3,5,4
India,"Madhya Pradesh",Pithampur,"Sector-2 Industrial Area, Pithampur - MPPCB","26-03-2025 17:00:00",22.624758,75.675238,OZONE,87,184,133
India,Maharashtra,Amravati,"Shivneri Colony, Amravati - MPCB","26-03-2025 17:00:00",20.9402359,77.7895248,CO,22,52,27
India,Maharashtra,Amravati,"Shri Shivaji Science College, Amaravati - MPCB","26-03-2025 17:00:00",20.939198,77.765701,PM2.5,30,196,87
India,Maharashtra,Aurangabad,"MIDC Chilkalthana, Aurangabad - MPCB","26-03-2025 17:00:00",19.875620,75.387310,NH3,1,2,1
India,Maharashtra,Aurangabad,"MIDC Chilkalthana, Aurangabad - MPCB","26-03-2025 17:00:00",19.875620,75.387310,CO,32,106,39
India,Maharashtra,Aurangabad,"More Chowk Waluj, Aurangabad - MPCB","26-03-2025 17:00:00",19.8389439,75.244448,NO2,16,30,24
India,Maharashtra,Aurangabad,"Rachnakar Colony, Aurangabad - MPCB","26-03-2025 17:00:00",19.863756,75.321188,NH3,2,4,3
India,"Madhya Pradesh",Indore,"Residency Area, Indore - IMC","26-03-2025 17:00:00",22.7084,75.8815,CO,16,30,20
India,"Madhya Pradesh",Indore,"Residency Area, Indore - IMC","26-03-2025 17:00:00",22.7084,75.8815,OZONE,10,21,17
India,"Madhya Pradesh",Indore,"Vijay Nagar Scheme-78, Indore - Glenmark","26-03-2025 17:00:00",22.76726,75.88710,PM2.5,50,54,52
India,"Madhya Pradesh",Indore,"Vijay Nagar Scheme-78, Indore - Glenmark","26-03-2025 17:00:00",22.76726,75.88710,SO2,26,30,28
India,"Madhya Pradesh",Jabalpur,"Govindh Bhavan Colony, Jabalpur - JMC","26-03-2025 17:00:00",23.163174,79.973061,CO,9,28,16
India,"Madhya Pradesh",Jabalpur,"Marhatal, Jabalpur - MPPCB","26-03-2025 17:00:00",23.168606,79.932247,PM2.5,18,188,60
India,Maharashtra,Mahad,"Kamble Tarf Birwadi, Mahad - MPCB","26-03-2025 17:00:00",18.1023399,73.4783687,PM10,91,118,102
India,Maharashtra,Mahad,"Kamble Tarf Birwadi, Mahad - MPCB","26-03-2025 17:00:00",18.1023399,73.4783687,NH3,4,11,5
India,Maharashtra,Mahad,"Kamble Tarf Birwadi, Mahad - MPCB","26-03-2025 17:00:00",18.1023399,73.4783687,CO,4,47,21
India,Maharashtra,Malegaon,"Mahesh Nagar, Malegaon - MPCB","26-03-2025 17:00:00",20.555712,74.529236,PM10,51,156,102
India,Maharashtra,Malegaon,"Mahesh Nagar, Malegaon - MPCB","26-03-2025 17:00:00",20.555712,74.529236,SO2,30,59,38
India,Maharashtra,Mumbai,"Bandra Kurla Complex, Mumbai - MPCB","26-03-2025 17:00:00",19.065931,72.862131,CO,11,42,20
India,Maharashtra,Aurangabad,"Rachnakar Colony, Aurangabad - MPCB","26-03-2025 17:00:00",19.863756,75.321188,CO,5,52,11
India,Maharashtra,Belapur,"CBD Belapur, Belapur - MPCB","26-03-2025 17:00:00",19.0243902,73.0406721,NO2,21,42,32
India,Maharashtra,Bhiwandi,"Gokul Nagar, Bhiwandi - MPCB","26-03-2025 17:00:00",19.309073,73.057223,NO2,30,53,41
India,Maharashtra,Boisar,"Khaira, Boisar - MPCB","26-03-2025 17:00:00",19.786089,72.757971,NH3,5,9,6
India,Maharashtra,Boisar,"Khaira, Boisar - MPCB","26-03-2025 17:00:00",19.786089,72.757971,CO,1,50,8
India,"Madhya Pradesh",Ujjain,"Mahakaleshwar Temple, Ujjain - MPPCB","26-03-2025 17:00:00","23.182719 ","75.768218 ",PM2.5,32,93,48
India,"Madhya Pradesh",Ujjain,"Mahakaleshwar Temple, Ujjain - MPPCB","26-03-2025 17:00:00","23.182719 ","75.768218 ",SO2,4,18,9
India,Maharashtra,Ahmednagar,"Tarakpur, Ahmednagar - MPCB","26-03-2025 17:00:00",19.10122,74.73339,NO2,32,153,67
India,Maharashtra,Akola,"Ramdaspeth, Akola - MPCB","26-03-2025 17:00:00",20.719516,77.000253,CO,39,105,45
India,Maharashtra,Akola,"Ramdaspeth, Akola - MPCB","26-03-2025 17:00:00",20.719516,77.000253,OZONE,1,108,77
India,Maharashtra,Dhule,"Deopur, Dhule - MPCB","26-03-2025 17:00:00",20.918946,74.776388,PM2.5,46,143,91
India,Maharashtra,Dhule,"Deopur, Dhule - MPCB","26-03-2025 17:00:00",20.918946,74.776388,PM10,76,500,150
India,Maharashtra,Jalgaon,"Prabhat Colony, Jalgaon - MPCB","26-03-2025 17:00:00",21.001264,75.565602,SO2,2,42,20
India,Maharashtra,Jalna,"Old MIDC, Jalna - MPCB","26-03-2025 17:00:00",19.854616,75.905894,PM2.5,72,227,110
India,Maharashtra,Mumbai,"Vasai West, Mumbai - MPCB","26-03-2025 17:00:00",19.383200,72.820400,OZONE,6,7,7
India,Maharashtra,Mumbai,"Vile Parle West, Mumbai - MPCB","26-03-2025 17:00:00",19.10861,72.83622,PM2.5,22,51,35
India,Maharashtra,Mumbai,"Vile Parle West, Mumbai - MPCB","26-03-2025 17:00:00",19.10861,72.83622,NO2,71,106,81
India,Maharashtra,Mumbai,"Vile Parle West, Mumbai - MPCB","26-03-2025 17:00:00",19.10861,72.83622,NH3,3,5,4
India,Maharashtra,Mumbai,"Worli, Mumbai - MPCB","26-03-2025 17:00:00",18.9936162,72.8128113,PM10,71,95,80
India,Maharashtra,Mumbai,"Worli, Mumbai - MPCB","26-03-2025 17:00:00",18.9936162,72.8128113,OZONE,25,25,25
India,Maharashtra,Nagpur,"Ambazari, Nagpur - MPCB","26-03-2025 17:00:00",21.121801,79.04952,PM2.5,8,251,158
India,Maharashtra,Nagpur,"Ambazari, Nagpur - MPCB","26-03-2025 17:00:00",21.121801,79.04952,PM10,12,151,123
India,Maharashtra,Nagpur,"Ambazari, Nagpur - MPCB","26-03-2025 17:00:00",21.121801,79.04952,SO2,18,105,44
India,Maharashtra,Nagpur,"Ambazari, Nagpur - MPCB","26-03-2025 17:00:00",21.121801,79.04952,CO,10,107,35
India,Maharashtra,Nagpur,"Ambazari, Nagpur - MPCB","26-03-2025 17:00:00",21.121801,79.04952,OZONE,7,171,171
India,Maharashtra,Mumbai,"Mulund West, Mumbai - MPCB","26-03-2025 17:00:00",19.1750,72.9419,PM2.5,20,50,37
India,Maharashtra,Mumbai,"Mulund West, Mumbai - MPCB","26-03-2025 17:00:00",19.1750,72.9419,PM10,NA,NA,NA
India,Maharashtra,Mumbai,"Mulund West, Mumbai - MPCB","26-03-2025 17:00:00",19.1750,72.9419,NO2,14,18,16
India,Maharashtra,Mumbai,"Navy Nagar-Colaba, Mumbai - IITM","26-03-2025 17:00:00",18.897756,72.813320,NH3,4,4,4
India,Maharashtra,Mumbai,"Navy Nagar-Colaba, Mumbai - IITM","26-03-2025 17:00:00",18.897756,72.813320,SO2,1,24,10
India,Maharashtra,Mumbai,"Powai, Mumbai - MPCB","26-03-2025 17:00:00",19.137500,72.915056,PM10,62,90,72
India,Maharashtra,Mumbai,"Sewri, Mumbai - BMC","26-03-2025 17:00:00",19.000084,72.856730,NO2,NA,NA,NA
India,Maharashtra,Mumbai,"Shivaji Nagar, Mumbai - BMC","26-03-2025 17:00:00",19.060498,72.923356,PM2.5,29,59,43
India,Maharashtra,Mumbai,"Shivaji Nagar, Mumbai - BMC","26-03-2025 17:00:00",19.060498,72.923356,NO2,13,34,24
India,Maharashtra,Nashik,"Hirawadi, Nashik - MPCB","26-03-2025 17:00:00",20.021503,73.813844,NO2,3,19,7
India,Maharashtra,Nashik,"Hirawadi, Nashik - MPCB","26-03-2025 17:00:00",20.021503,73.813844,NH3,1,2,2
India,Maharashtra,Nashik,"Hirawadi, Nashik - MPCB","26-03-2025 17:00:00",20.021503,73.813844,CO,14,36,21
India,Maharashtra,Nashik,"Pandav Nagari, Nashik - MPCB","26-03-2025 17:00:00",19.9591346,73.7788008,SO2,9,28,17
India,Maharashtra,Nashik,"Pandav Nagari, Nashik - MPCB","26-03-2025 17:00:00",19.9591346,73.7788008,CO,11,45,22
India,Maharashtra,"Navi Mumbai","Kopripada-Vashi, Navi Mumbai - MPCB","26-03-2025 17:00:00",19.090337,73.014232,OZONE,18,33,30
India,Maharashtra,Mumbai,"Chhatrapati Shivaji Intl. Airport (T2), Mumbai - MPCB","26-03-2025 17:00:00",19.10078,72.87462,NH3,1,1,1
India,Maharashtra,Mumbai,"Colaba, Mumbai - MPCB","26-03-2025 17:00:00",18.910000,72.820000,PM2.5,7,27,19
India,Maharashtra,Mumbai,"Colaba, Mumbai - MPCB","26-03-2025 17:00:00",18.910000,72.820000,SO2,NA,NA,NA
India,Maharashtra,Mumbai,"Colaba, Mumbai - MPCB","26-03-2025 17:00:00",18.910000,72.820000,OZONE,7,12,10
India,Maharashtra,Mumbai,"Ghatkopar, Mumbai - BMC","26-03-2025 17:00:00",19.083694,72.920967,PM10,52,82,69
India,Maharashtra,Mumbai,"Ghatkopar, Mumbai - BMC","26-03-2025 17:00:00",19.083694,72.920967,NH3,5,15,8
India,Maharashtra,Mumbai,"Khindipada-Bhandup West, Mumbai - IITM","26-03-2025 17:00:00",19.1653323,72.922099,PM2.5,26,47,43
India,Maharashtra,Mumbai,"Khindipada-Bhandup West, Mumbai - IITM","26-03-2025 17:00:00",19.1653323,72.922099,NO2,NA,NA,NA
India,Maharashtra,Mumbai,"Kurla, Mumbai - MPCB","26-03-2025 17:00:00",19.0863,72.8888,SO2,36,37,36
India,Maharashtra,Mumbai,"Kurla, Mumbai - MPCB","26-03-2025 17:00:00",19.0863,72.8888,OZONE,28,29,28
India,Maharashtra,Mumbai,"Malad West, Mumbai - IITM","26-03-2025 17:00:00",19.19709,72.82204,NO2,34,90,50
India,Maharashtra,Mumbai,"Mazgaon, Mumbai - IITM","26-03-2025 17:00:00",18.96702,72.84214,OZONE,20,72,48
India,Maharashtra,Nagpur,"Mahal, Nagpur - MPCB","26-03-2025 17:00:00",21.14472,79.107595,SO2,5,104,58
India,Maharashtra,Nagpur,"Opp GPO Civil Lines, Nagpur - MPCB","26-03-2025 17:00:00",21.152875,79.0517531,NO2,17,88,42
India,Maharashtra,Nagpur,"Opp GPO Civil Lines, Nagpur - MPCB","26-03-2025 17:00:00",21.152875,79.0517531,CO,13,107,40
India,Maharashtra,Nagpur,"Ram Nagar, Nagpur - MPCB","26-03-2025 17:00:00",21.143383,79.048912,PM10,102,154,133
India,Maharashtra,Mumbai,"Kandivali East, Mumbai - MPCB","26-03-2025 17:00:00",19.205800,72.868200,PM10,NA,NA,NA
India,Maharashtra,Mumbai,"Kandivali West, Mumbai - BMC","26-03-2025 17:00:00",19.215859,72.831718,SO2,1,4,2
India,Maharashtra,Mumbai,"Kandivali West, Mumbai - BMC","26-03-2025 17:00:00",19.215859,72.831718,CO,6,26,13
India,Maharashtra,Mumbai,"Kherwadi_Bandra East, Mumbai - MPCB","26-03-2025 17:00:00",19.0632143,72.8456324,SO2,NA,NA,NA
India,Maharashtra,Mumbai,"Byculla, Mumbai - BMC","26-03-2025 17:00:00",18.9767,72.8380,PM10,33,59,43
India,Maharashtra,Mumbai,"Chembur, Mumbai - MPCB","26-03-2025 17:00:00",19.0364585,72.8954371,PM10,54,108,73
India,Maharashtra,Mumbai,"Chembur, Mumbai - MPCB","26-03-2025 17:00:00",19.0364585,72.8954371,CO,8,25,12
India,Maharashtra,Mumbai,"Siddharth Nagar-Worli, Mumbai - IITM","26-03-2025 17:00:00",19.000083,72.813993,CO,2,74,34
India,Maharashtra,Mumbai,"Sion, Mumbai - MPCB","26-03-2025 17:00:00",19.047000,72.874600,PM2.5,64,81,70
India,Maharashtra,Mumbai,"Sion, Mumbai - MPCB","26-03-2025 17:00:00",19.047000,72.874600,PM10,57,87,72
India,Odisha,Bhubaneswar,"Lingraj Mandir, Bhubaneswar - OSPCB","26-03-2025 17:00:00",20.240790,85.836784,NO2,8,37,16
India,Odisha,Bhubaneswar,"Patia, Bhubaneswar - OSPCB","26-03-2025 17:00:00",20.34652,85.81630,PM10,48,94,68
India,Odisha,Bhubaneswar,"Patia, Bhubaneswar - OSPCB","26-03-2025 17:00:00",20.34652,85.81630,SO2,4,15,7
India,Odisha,Bileipada,"Tata Township, Bileipada - OSPCB","26-03-2025 17:00:00",22.06156703,85.47409613,PM10,74,284,176
India,Odisha,Bileipada,"Tata Township, Bileipada - OSPCB","26-03-2025 17:00:00",22.06156703,85.47409613,NO2,7,7,7
India,Odisha,Bileipada,"Tata Township, Bileipada - OSPCB","26-03-2025 17:00:00",22.06156703,85.47409613,NH3,2,2,2
India,Odisha,Brajrajnagar,"GM Office, Brajrajnagar - OSPCB","26-03-2025 17:00:00",21.8004996,83.8396977,PM10,81,189,124
India,Odisha,Brajrajnagar,"GM Office, Brajrajnagar - OSPCB","26-03-2025 17:00:00",21.8004996,83.8396977,CO,31,66,49
India,Odisha,Brajrajnagar,"GM Office, Brajrajnagar - OSPCB","26-03-2025 17:00:00",21.8004996,83.8396977,OZONE,1,157,110
India,Odisha,Byasanagar,"Ferro Chrome Colony, Byasanagar - OSPCB","26-03-2025 17:00:00",20.94185,86.11510,CO,31,46,35
India,Odisha,Cuttack,"CDA Area, Cuttack - OSPCB","26-03-2025 17:00:00","20.48891     ","85.84768     ",PM2.5,35,63,44
India,Mizoram,Aizawl,"Sikulpuikawn, Aizawl - Mizoram PCB","26-03-2025 17:00:00",23.7176342,92.7192841,OZONE,14,22,19
India,Nagaland,Kohima,"PWD Juction, Kohima - NPCB","26-03-2025 17:00:00",25.6635413,94.0989878,PM10,69,125,98
India,Nagaland,Kohima,"PWD Juction, Kohima - NPCB","26-03-2025 17:00:00",25.6635413,94.0989878,NO2,3,6,4
India,Nagaland,Kohima,"PWD Juction, Kohima - NPCB","26-03-2025 17:00:00",25.6635413,94.0989878,OZONE,7,32,23
India,Odisha,Balasore,"Kalidaspur, Balasore - OSPCB","26-03-2025 17:00:00",21.51161,86.89088,PM2.5,47,160,84
India,Odisha,Balasore,"Kalidaspur, Balasore - OSPCB","26-03-2025 17:00:00",21.51161,86.89088,NH3,3,5,4
India,Odisha,Barbil,"Forest Office, Barbil - OSPCB","26-03-2025 17:00:00",22.1166054,85.3945546,NO2,9,46,25
India,Odisha,Baripada,"Meher Colony, Baripada - OSPCB","26-03-2025 17:00:00",21.941841,86.728318,PM2.5,46,93,70
India,Odisha,Baripada,"Meher Colony, Baripada - OSPCB","26-03-2025 17:00:00",21.941841,86.728318,SO2,23,42,34
India,Odisha,Cuttack,"CDA Area, Cuttack - OSPCB","26-03-2025 17:00:00","20.48891     ","85.84768     ",NO2,10,48,26
India,Odisha,Nayagarh,"Dabuna, Nayagarh - OSPCB","26-03-2025 17:00:00",21.847279,85.416905,NO2,1,4,1
India,Odisha,Nayagarh,"Dabuna, Nayagarh - OSPCB","26-03-2025 17:00:00",21.847279,85.416905,OZONE,9,28,17
India,Odisha,Rairangpur,"Divisional Forest Office, Rairangpur - OSPCB","26-03-2025 17:00:00",22.265816,86.174829,PM10,50,126,90
India,Odisha,Rairangpur,"Divisional Forest Office, Rairangpur - OSPCB","26-03-2025 17:00:00",22.265816,86.174829,SO2,10,30,16
India,Odisha,Rourkela,"Raghunathpali, Rourkela - OSPCB","26-03-2025 17:00:00",22.220833,84.809444,CO,45,104,70
India,Odisha,Rourkela,"Sector-2, Rourkela - OSPCB","26-03-2025 17:00:00",22.24500000,84.88111111,PM10,NA,NA,NA
India,Maharashtra,Pune,"Mhada Colony, Pune - IITM","26-03-2025 17:00:00",18.573040,73.927715,PM2.5,59,192,126
India,Maharashtra,Pune,"Revenue Colony-Shivajinagar, Pune - IITM","26-03-2025 17:00:00",18.530085,73.849598,PM2.5,73,176,113
India,Maharashtra,Pune,"Revenue Colony-Shivajinagar, Pune - IITM","26-03-2025 17:00:00",18.530085,73.849598,OZONE,17,149,110
India,Maharashtra,Pune,"Savitribai Phule Pune University, Pune - MPCB","26-03-2025 17:00:00",18.547056,73.826908,NH3,2,5,3
India,Maharashtra,Pune,"Savitribai Phule Pune University, Pune - MPCB","26-03-2025 17:00:00",18.547056,73.826908,SO2,3,13,7
India,Maharashtra,Pune,"Transport Nagar-Nigdi, Pune - IITM","26-03-2025 17:00:00",18.664282,73.763966,PM2.5,39,92,63
India,Maharashtra,Pune,"Transport Nagar-Nigdi, Pune - IITM","26-03-2025 17:00:00",18.664282,73.763966,PM10,NA,NA,NA
India,Maharashtra,Pune,"Transport Nagar-Nigdi, Pune - IITM","26-03-2025 17:00:00",18.664282,73.763966,OZONE,89,304,304
India,Maharashtra,"Navi Mumbai","Sector-2E Kalamboli, Navi Mumbai - MPCB","26-03-2025 17:00:00",19.02579,73.10297,PM2.5,41,115,58
India,Maharashtra,"Navi Mumbai","Tondare-Taloja, Navi Mumbai - MPCB","26-03-2025 17:00:00",19.0630,73.1209,NH3,5,10,7
India,Maharashtra,"Navi Mumbai","Tondare-Taloja, Navi Mumbai - MPCB","26-03-2025 17:00:00",19.0630,73.1209,CO,4,56,12
India,Maharashtra,Pimpri-Chinchwad,"Gavalinagar, Pimpri Chinchwad - MPCB","26-03-2025 17:00:00",18.63673,73.82487,PM10,66,102,79
India,Maharashtra,Pimpri-Chinchwad,"Gavalinagar, Pimpri Chinchwad - MPCB","26-03-2025 17:00:00",18.63673,73.82487,NH3,6,23,8
India,Maharashtra,Pimpri-Chinchwad,"Gavalinagar, Pimpri Chinchwad - MPCB","26-03-2025 17:00:00",18.63673,73.82487,SO2,8,32,16
India,Maharashtra,Pimpri-Chinchwad,"Park Street Wakad, Pimpri Chinchwad - MPCB","26-03-2025 17:00:00",18.59051,73.77946,PM10,31,176,69
India,Maharashtra,Pimpri-Chinchwad,"Savta Mali Nagar, Pimpri-Chinchwad - IITM","26-03-2025 17:00:00",18.614767,73.799516,PM2.5,89,166,113
India,Maharashtra,Pimpri-Chinchwad,"Savta Mali Nagar, Pimpri-Chinchwad - IITM","26-03-2025 17:00:00",18.614767,73.799516,PM10,114,153,130
India,Maharashtra,Pimpri-Chinchwad,"Thergaon, Pimpri Chinchwad - MPCB","26-03-2025 17:00:00",18.616318,73.765797,NH3,3,4,3
India,Maharashtra,Pune,"Bhosari, Pune - IITM","26-03-2025 17:00:00",18.640051,73.848956,CO,39,82,54
India,Maharashtra,Pune,"Bhosari, Pune - IITM","26-03-2025 17:00:00",18.640051,73.848956,OZONE,13,135,103
India,Maharashtra,Pune,"Bhumkar Nagar, Pune - IITM","26-03-2025 17:00:00",18.605770,73.749976,NO2,23,147,70
India,Maharashtra,Virar,"Bolinj, Virar - MPCB","26-03-2025 17:00:00",19.4458210,72.7988231,PM2.5,11,68,42
India,Maharashtra,Virar,"Bolinj, Virar - MPCB","26-03-2025 17:00:00",19.4458210,72.7988231,SO2,1,5,1
India,Maharashtra,Virar,"Bolinj, Virar - MPCB","26-03-2025 17:00:00",19.4458210,72.7988231,CO,9,108,20
India,Maharashtra,Virar,"Bolinj, Virar - MPCB","26-03-2025 17:00:00",19.4458210,72.7988231,OZONE,3,62,31
India,Meghalaya,Shillong,"JN Stadium, Shillong - Meghalaya PCB","26-03-2025 17:00:00",25.5803419,91.8942571,NH3,13,17,15
India,Mizoram,Aizawl,"Sikulpuikawn, Aizawl - Mizoram PCB","26-03-2025 17:00:00",23.7176342,92.7192841,PM10,48,115,82
India,Maharashtra,Sangli,"Vijay Nagar, Sangli - MPCB","26-03-2025 17:00:00"," 16.5038",74.3623,OZONE,14,86,65
India,Maharashtra,Solapur,"Dnyaneshwar Nagar, Solapur - MPCB","26-03-2025 17:00:00",17.6336264,75.9132495,PM10,41,119,86
India,Maharashtra,Solapur,"Ratandeep Housing Society, Solapur - MPCB","26-03-2025 17:00:00",17.65439,75.90649,CO,13,122,19
India,Maharashtra,Thane,"Kasarvadavali, Thane - MPCB","26-03-2025 17:00:00",19.26777,72.97182,NO2,13,73,42
India,Maharashtra,Thane,"Kasarvadavali, Thane - MPCB","26-03-2025 17:00:00",19.26777,72.97182,NH3,4,12,7
India,Odisha,Tensa,"Barsua Iron Ore Mines, Tensa - OSPCB","26-03-2025 17:00:00",21.869985,85.167016,NH3,4,17,11
India,Punjab,Amritsar,"Golden Temple, Amritsar - PPCB","26-03-2025 17:00:00",31.620000,74.876512,SO2,19,85,42
India,Punjab,Patiala,"Model Town, Patiala - PPCB","26-03-2025 17:00:00",30.349388,76.366642,NO2,NA,NA,NA
India,Punjab,Patiala,"Model Town, Patiala - PPCB","26-03-2025 17:00:00",30.349388,76.366642,NH3,NA,NA,NA
India,Punjab,Patiala,"Model Town, Patiala - PPCB","26-03-2025 17:00:00",30.349388,76.366642,CO,26,52,32
India,Rajasthan,Ajmer,"Civil Lines,  Ajmer - RSPCB","26-03-2025 17:00:00",26.470859,74.646594,PM2.5,35,150,74
India,Rajasthan,Ajmer,"Civil Lines,  Ajmer - RSPCB","26-03-2025 17:00:00",26.470859,74.646594,NH3,NA,NA,NA
India,Rajasthan,Ajmer,"Civil Lines,  Ajmer - RSPCB","26-03-2025 17:00:00",26.470859,74.646594,SO2,5,44,11
India,Rajasthan,Ajmer,"Civil Lines,  Ajmer - RSPCB","26-03-2025 17:00:00",26.470859,74.646594,OZONE,19,41,30
India,Rajasthan,Alwar,"Moti Doongri, Alwar - RSPCB","26-03-2025 17:00:00",27.554793,76.611536,NH3,13,25,20
India,Rajasthan,Alwar,"Moti Doongri, Alwar - RSPCB","26-03-2025 17:00:00",27.554793,76.611536,OZONE,10,70,54
India,Rajasthan,Banswara,"Rati Talai, Banswara - RSPCB","26-03-2025 17:00:00",23.555190,74.440010,PM2.5,40,170,89
India,Rajasthan,Banswara,"Rati Talai, Banswara - RSPCB","26-03-2025 17:00:00",23.555190,74.440010,NH3,4,10,7
India,Rajasthan,Baran,"Bamboliya, Baran - RSPCB","26-03-2025 17:00:00",25.106006,76.469948,PM2.5,16,140,62
India,Rajasthan,Churu,"Subash Chowk, Churu - RSPCB","26-03-2025 17:00:00",28.296139,74.961696,NH3,NA,NA,NA
India,Rajasthan,Churu,"Subash Chowk, Churu - RSPCB","26-03-2025 17:00:00",28.296139,74.961696,SO2,NA,NA,NA
India,Rajasthan,Churu,"Subash Chowk, Churu - RSPCB","26-03-2025 17:00:00",28.296139,74.961696,OZONE,55,111,90
India,Rajasthan,Dausa,"Khatikan Mohalla, Dausa - RSPCB","26-03-2025 17:00:00",26.895552,76.334753,PM2.5,25,247,70
India,Rajasthan,Dausa,"Khatikan Mohalla, Dausa - RSPCB","26-03-2025 17:00:00",26.895552,76.334753,PM10,41,173,85
India,Rajasthan,Dausa,"Khatikan Mohalla, Dausa - RSPCB","26-03-2025 17:00:00",26.895552,76.334753,NH3,4,54,10
India,Rajasthan,Dausa,"Khatikan Mohalla, Dausa - RSPCB","26-03-2025 17:00:00",26.895552,76.334753,CO,1,111,26
India,Rajasthan,Dausa,"Khatikan Mohalla, Dausa - RSPCB","26-03-2025 17:00:00",26.895552,76.334753,OZONE,3,134,97
India,Rajasthan,Dholpur,"Raja Ganj, Dholpur - RSPCB","26-03-2025 17:00:00",26.699557,77.898881,PM2.5,17,108,51
India,Rajasthan,Dholpur,"Raja Ganj, Dholpur - RSPCB","26-03-2025 17:00:00",26.699557,77.898881,NH3,6,12,9
India,Rajasthan,Dholpur,"Raja Ganj, Dholpur - RSPCB","26-03-2025 17:00:00",26.699557,77.898881,OZONE,3,113,71
India,Rajasthan,Dungarpur,"Bhoiwada, Dungarpur - RSPCB","26-03-2025 17:00:00",23.837789,73.714926,OZONE,29,157,77
India,Rajasthan,Jodhpur,"Samrat Ashok Udhyan, Jodhpur - RSPCB","26-03-2025 17:00:00",26.253384,72.976571,CO,12,60,15
India,Rajasthan,Jodhpur,"Samrat Ashok Udhyan, Jodhpur - RSPCB","26-03-2025 17:00:00",26.253384,72.976571,OZONE,21,121,91
India,Rajasthan,Karauli,"Satyawati Vihar, Karauli - RSPCB","26-03-2025 17:00:00",26.506177,77.025989,PM2.5,12,104,40
India,Rajasthan,Karauli,"Satyawati Vihar, Karauli - RSPCB","26-03-2025 17:00:00",26.506177,77.025989,OZONE,5,161,160
India,Rajasthan,Kota,"Dhanmandi, Kota - RSPCB","26-03-2025 17:00:00",25.164090,75.858137,PM2.5,30,352,105
India,Rajasthan,Kota,"Nayapura, Kota - RSPCB","26-03-2025 17:00:00",25.196024,75.855668,PM2.5,27,329,135
India,Rajasthan,Kota,"Nayapura, Kota - RSPCB","26-03-2025 17:00:00",25.196024,75.855668,PM10,73,500,156
India,Rajasthan,Kota,"Nayapura, Kota - RSPCB","26-03-2025 17:00:00",25.196024,75.855668,NH3,10,28,16
India,Rajasthan,Kota,"Shrinath Puram, Kota - RSPCB","26-03-2025 17:00:00",25.14389,75.821256,SO2,5,80,22
India,Punjab,Jalandhar,"Civil Line, Jalandhar - PPCB","26-03-2025 17:00:00",31.321907,75.578914,SO2,20,21,20
India,Punjab,Khanna,"Kalal Majra, Khanna - PPCB","26-03-2025 17:00:00","30.736056 ",76.209694,CO,46,81,69
India,Punjab,Ludhiana,"Punjab Agricultural University, Ludhiana - PPCB","26-03-2025 17:00:00",30.9028,75.8086,PM2.5,38,87,66
India,Punjab,Ludhiana,"Punjab Agricultural University, Ludhiana - PPCB","26-03-2025 17:00:00",30.9028,75.8086,PM10,45,103,79
India,Punjab,Ludhiana,"Punjab Agricultural University, Ludhiana - PPCB","26-03-2025 17:00:00",30.9028,75.8086,SO2,13,46,27
India,Punjab,"Mandi Gobindgarh","RIMT University, Mandi Gobindgarh - PPCB","26-03-2025 17:00:00",30.649961,76.331442,OZONE,47,51,48
India,Rajasthan,Bikaner,"MM Ground, Bikaner - RSPCB","26-03-2025 17:00:00",28.018792,73.292658,PM2.5,26,95,49
India,Rajasthan,Bikaner,"MM Ground, Bikaner - RSPCB","26-03-2025 17:00:00",28.018792,73.292658,SO2,4,33,9
India,Rajasthan,Chittorgarh,"Shastri Nagar, Chittorgarh - RSPCB","26-03-2025 17:00:00",24.892047,74.623527,NO2,9,138,54
India,Rajasthan,Chittorgarh,"Shastri Nagar, Chittorgarh - RSPCB","26-03-2025 17:00:00",24.892047,74.623527,NH3,1,35,10
India,Rajasthan,Churu,"Subash Chowk, Churu - RSPCB","26-03-2025 17:00:00",28.296139,74.961696,PM2.5,NA,NA,NA
India,Rajasthan,Churu,"Subash Chowk, Churu - RSPCB","26-03-2025 17:00:00",28.296139,74.961696,PM10,NA,NA,NA
India,Rajasthan,Jalore,"Mudtra Sili, Jalore - RSPCB","26-03-2025 17:00:00",25.344694,72.626208,PM2.5,31,78,50
India,Rajasthan,Jalore,"Mudtra Sili, Jalore - RSPCB","26-03-2025 17:00:00",25.344694,72.626208,OZONE,28,127,72
India,Rajasthan,Jhalawar,"Rajlaxmi Nagar, Jhalawar - RSPCB","26-03-2025 17:00:00",24.588397,76.172782,OZONE,9,123,79
India,Rajasthan,Jhunjhunu,"Indra Nagar, Jhunjhunu - RSPCB","26-03-2025 17:00:00",28.108988,75.386577,PM2.5,16,228,108
India,Rajasthan,Jhunjhunu,"Indra Nagar, Jhunjhunu - RSPCB","26-03-2025 17:00:00",28.108988,75.386577,PM10,70,295,149
India,Rajasthan,Baran,"Bamboliya, Baran - RSPCB","26-03-2025 17:00:00",25.106006,76.469948,SO2,5,34,15
India,Rajasthan,Bharatpur,"Krishna Nagar, Bharatpur - RSPCB","26-03-2025 17:00:00",27.215415,77.50873,SO2,9,28,15
India,Rajasthan,Bharatpur,"Krishna Nagar, Bharatpur - RSPCB","26-03-2025 17:00:00",27.215415,77.50873,CO,6,76,41
India,Rajasthan,Bhiwadi,"RIICO Ind. Area III, Bhiwadi - RSPCB","26-03-2025 17:00:00",28.194909,76.862296,NO2,24,64,47
India,Rajasthan,Bhiwadi,"RIICO Ind. Area III, Bhiwadi - RSPCB","26-03-2025 17:00:00",28.194909,76.862296,OZONE,11,72,51
India,Rajasthan,Jodhpur,"Collectorate, Jodhpur - RSPCB","26-03-2025 17:00:00",26.268249,73.0193853,PM2.5,11,177,72
India,Rajasthan,Jodhpur,"Collectorate, Jodhpur - RSPCB","26-03-2025 17:00:00",26.268249,73.0193853,CO,4,106,43
India,Rajasthan,Jodhpur,"Jhalamand, Jodhpur - RSPCB","26-03-2025 17:00:00",26.215415,73.070156,CO,11,106,19
India,Rajasthan,Jodhpur,"Mandor, Jodhpur - RSPCB","26-03-2025 17:00:00",26.358805,73.047444,NO2,17,47,24
India,Rajasthan,Jaipur,"Mansarovar Sector-12, Jaipur - RSPCB","26-03-2025 17:00:00",26.843698,75.766894,OZONE,10,113,100
India,Rajasthan,Jaipur,"RIICO Sitapura, Jaipur - RSPCB","26-03-2025 17:00:00",26.786682,75.827928,NH3,1,4,3
India,Rajasthan,Jaipur,"Sector-2 Murlipura, Jaipur - RSPCB","26-03-2025 17:00:00",26.960669,75.771817,PM10,59,242,127
India,Rajasthan,Nagaur,"Karni Colony, Nagaur - RSPCB","26-03-2025 17:00:00",27.213494,73.734444,NO2,9,41,22
India,Rajasthan,Pali,"Indira Colony Vistar, Pali - RSPCB","26-03-2025 17:00:00",25.771061," 73.340227",PM10,104,199,137
India,Rajasthan,Pali,"Indira Colony Vistar, Pali - RSPCB","26-03-2025 17:00:00",25.771061," 73.340227",NH3,3,6,4
India,Rajasthan,Pratapgarh,"Pragati Nagar, Pratapgarh - RSPCB","26-03-2025 17:00:00",24.041198,74.780702,PM2.5,37,281,88
India,Rajasthan,Pratapgarh,"Pragati Nagar, Pratapgarh - RSPCB","26-03-2025 17:00:00",24.041198,74.780702,PM10,67,432,140
India,Rajasthan,Pratapgarh,"Pragati Nagar, Pratapgarh - RSPCB","26-03-2025 17:00:00",24.041198,74.780702,NH3,3,4,4
India,Rajasthan,Rajsamand,"Dhoinda, Rajsamand - RSPCB","26-03-2025 17:00:00",25.036360,73.883502,NO2,1,57,20
India,Rajasthan,Rajsamand,"Dhoinda, Rajsamand - RSPCB","26-03-2025 17:00:00",25.036360,73.883502,SO2,9,34,18
India,Rajasthan,Rajsamand,"Dhoinda, Rajsamand - RSPCB","26-03-2025 17:00:00",25.036360,73.883502,OZONE,7,125,103
India,Rajasthan,"Sawai Madhopur","Sahu Nagar, Sawai Madhopur - RSPCB","26-03-2025 17:00:00",26.031443,76.359327,PM2.5,23,341,111
India,Rajasthan,"Sawai Madhopur","Sahu Nagar, Sawai Madhopur - RSPCB","26-03-2025 17:00:00",26.031443,76.359327,SO2,5,19,9
India,Rajasthan,"Sawai Madhopur","Sahu Nagar, Sawai Madhopur - RSPCB","26-03-2025 17:00:00",26.031443,76.359327,CO,28,107,41
India,TamilNadu,Coimbatore,"SIDCO Kurichi, Coimbatore - TNPCB","26-03-2025 17:00:00",10.942451,76.978996,SO2,19,20,19
India,TamilNadu,Cuddalore,"Kudikadu, Cuddalore - TNPCB","26-03-2025 17:00:00",11.6829898,79.7532099,PM10,NA,NA,NA
India,TamilNadu,Cuddalore,"Kudikadu, Cuddalore - TNPCB","26-03-2025 17:00:00",11.6829898,79.7532099,SO2,NA,NA,NA
India,TamilNadu,Cuddalore,"Semmandalam, Cuddalore - TNPCB","26-03-2025 17:00:00",11.7637683,79.7499835,NO2,6,22,13
India,TamilNadu,Dindigul,"Mendonsa Colony, Dindigul - TNPCB","26-03-2025 17:00:00",10.358535,77.984321,PM2.5,47,85,64
India,TamilNadu,Dindigul,"Mendonsa Colony, Dindigul - TNPCB","26-03-2025 17:00:00",10.358535,77.984321,NH3,1,1,1
India,TamilNadu,Dindigul,"Mendonsa Colony, Dindigul - TNPCB","26-03-2025 17:00:00",10.358535,77.984321,SO2,19,23,21
India,TamilNadu,Dindigul,"Mendonsa Colony, Dindigul - TNPCB","26-03-2025 17:00:00",10.358535,77.984321,CO,8,26,21
India,TamilNadu,Dindigul,"Mendonsa Colony, Dindigul - TNPCB","26-03-2025 17:00:00",10.358535,77.984321,OZONE,2,29,5
India,TamilNadu,Namakkal,"Ponnusamy Nagar, Namakkal - TNPCB","26-03-2025 17:00:00",11.273992,78.163545,OZONE,10,11,10
India,TamilNadu,Ooty,"Bombay Castel, Ooty - TNPCB","26-03-2025 17:00:00",11.4068288,76.7138973,OZONE,5,6,5
India,TamilNadu,Palkalaiperur,"Bharathidasan University, Palkalaiperur - TNPCB","26-03-2025 17:00:00",10.681158,78.741746,PM2.5,26,48,37
India,TamilNadu,Perundurai,"SIPCOT Industrial Park, Perundurai - TNPCB","26-03-2025 17:00:00",11.258242,77.552761,SO2,19,20,20
India,TamilNadu,Perundurai,"SIPCOT Industrial Park, Perundurai - TNPCB","26-03-2025 17:00:00",11.258242,77.552761,CO,34,46,40
India,TamilNadu,Pudukottai,"SIPCOT Nathampannai, Pudukottai - TNPCB","26-03-2025 17:00:00",10.423417,78.784889,PM2.5,39,78,56
India,TamilNadu,Hosur,"SIPCOT Phase-1, Hosur - TNPCB","26-03-2025 17:00:00",12.746998,77.813811,OZONE,40,40,40
India,TamilNadu,Kanchipuram,"Kilambi, Kanchipuram - TNPCB","26-03-2025 17:00:00",12.864618,79.659968,PM2.5,17,68,45
India,TamilNadu,Kanchipuram,"Kilambi, Kanchipuram - TNPCB","26-03-2025 17:00:00",12.864618,79.659968,PM10,22,84,55
India,TamilNadu,Kanchipuram,"Kilambi, Kanchipuram - TNPCB","26-03-2025 17:00:00",12.864618,79.659968,NH3,1,2,1
India,TamilNadu,Nagapattinam,"Velippalayam, Nagapattinam - TNPCB","26-03-2025 17:00:00",10.798548,79.838212,PM2.5,38,83,54
India,TamilNadu,Namakkal,"Ponnusamy Nagar, Namakkal - TNPCB","26-03-2025 17:00:00",11.273992,78.163545,PM2.5,42,111,66
India,TamilNadu,Namakkal,"Ponnusamy Nagar, Namakkal - TNPCB","26-03-2025 17:00:00",11.273992,78.163545,SO2,13,17,16
India,Rajasthan,Sikar,"Radhakishan Pura, Sikar - RSPCB","26-03-2025 17:00:00",27.608912,75.153302,OZONE,8,82,66
India,Rajasthan,"Sri Ganganagar","Old City, Sri Ganganagar - RSPCB","26-03-2025 17:00:00",29.931624,73.864511,PM10,110,500,190
India,Rajasthan,"Sri Ganganagar","Old City, Sri Ganganagar - RSPCB","26-03-2025 17:00:00",29.931624,73.864511,OZONE,23,85,47
India,Rajasthan,Tonk,"Shastri Nagar, Tonk - RSPCB","26-03-2025 17:00:00",26.159933,75.780517,PM2.5,35,117,66
India,Rajasthan,Tonk,"Shastri Nagar, Tonk - RSPCB","26-03-2025 17:00:00",26.159933,75.780517,PM10,74,451,155
India,Rajasthan,Tonk,"Shastri Nagar, Tonk - RSPCB","26-03-2025 17:00:00",26.159933,75.780517,NH3,4,9,6
India,Rajasthan,Tonk,"Shastri Nagar, Tonk - RSPCB","26-03-2025 17:00:00",26.159933,75.780517,OZONE,19,90,68
India,Rajasthan,Udaipur,"Ashok Nagar, Udaipur - RSPCB","26-03-2025 17:00:00",24.5886166,73.6321397,PM2.5,44,227,88
India,Rajasthan,Udaipur,"Ashok Nagar, Udaipur - RSPCB","26-03-2025 17:00:00",24.5886166,73.6321397,OZONE,3,77,60
India,Sikkim,Gangtok,"Zero Point GICI, Gangtok - SSPCB","26-03-2025 17:00:00",27.338530,88.614099,PM2.5,60,96,81
India,TamilNadu,Ariyalur,"Keelapalur, Ariyalur - TNPCB","26-03-2025 17:00:00",11.06825,79.07033,NH3,NA,NA,NA
India,TamilNadu,Chengalpattu,"Crescent University, Chengalpattu - TNPCB","26-03-2025 17:00:00",12.8777316,80.0834807,NH3,2,2,2
India,TamilNadu,Chennai,"Alandur Bus Depot, Chennai - CPCB","26-03-2025 17:00:00",12.9099161,80.1076538,OZONE,18,301,88
India,TamilNadu,Chennai,"Manali Village, Chennai - TNPCB","26-03-2025 17:00:00",13.1662,80.2584,PM10,27,89,46
India,TamilNadu,Chennai,"Perungudi, Chennai - TNPCB","26-03-2025 17:00:00",12.9533,80.2357,SO2,2,10,6
India,TamilNadu,Chennai,"Velachery Res. Area, Chennai - CPCB","26-03-2025 17:00:00",13.0052189,80.2398125,NH3,3,5,5
India,TamilNadu,Coimbatore,"PSG College of Arts and Science, Coimbatore - TNPCB","26-03-2025 17:00:00",11.0328,77.0349,NH3,2,2,2
India,TamilNadu,Chennai,"Manali, Chennai - CPCB","26-03-2025 17:00:00",13.164544,80.26285,NO2,3,12,8
India,Uttar_Pradesh,Agra,"Rohta, Agra - UPPCB","26-03-2025 17:00:00",27.106972,78.000111,NO2,8,9,8
India,Uttar_Pradesh,Agra,"Sanjay Palace, Agra - UPPCB","26-03-2025 17:00:00",27.19865833,78.00598056,NO2,15,102,54
India,Uttar_Pradesh,Agra,"Sanjay Palace, Agra - UPPCB","26-03-2025 17:00:00",27.19865833,78.00598056,OZONE,5,171,101
India,Uttar_Pradesh,Agra,"Sector-3B Avas Vikas Colony, Agra - UPPCB","26-03-2025 17:00:00",27.19412,77.96237,NH3,3,6,4
India,Uttar_Pradesh,Agra,"Sector-3B Avas Vikas Colony, Agra - UPPCB","26-03-2025 17:00:00",27.19412,77.96237,CO,20,48,33
India,Uttar_Pradesh,Agra,"Shahjahan Garden, Agra - UPPCB","26-03-2025 17:00:00",27.169338,78.03582,PM2.5,35,239,98
India,Uttar_Pradesh,Agra,"Shahjahan Garden, Agra - UPPCB","26-03-2025 17:00:00",27.169338,78.03582,NH3,1,1,1
India,Uttar_Pradesh,Agra,"Shahjahan Garden, Agra - UPPCB","26-03-2025 17:00:00",27.169338,78.03582,OZONE,1,117,86
India,Uttar_Pradesh,Baghpat,"Sardar Patel Inter College, Baghpat - UPPCB","26-03-2025 17:00:00",28.964949,77.278761,PM2.5,117,405,297
India,Uttar_Pradesh,Baghpat,"Sardar Patel Inter College, Baghpat - UPPCB","26-03-2025 17:00:00",28.964949,77.278761,PM10,149,451,272
India,Uttar_Pradesh,Baghpat,"Sardar Patel Inter College, Baghpat - UPPCB","26-03-2025 17:00:00",28.964949,77.278761,NH3,1,10,4
India,Uttar_Pradesh,Bareilly,"Civil Lines, Bareilly - UPPCB","26-03-2025 17:00:00",28.359581,79.414455,NH3,1,2,1
India,Uttar_Pradesh,Bareilly,"Civil Lines, Bareilly - UPPCB","26-03-2025 17:00:00",28.359581,79.414455,OZONE,15,23,19
India,Uttar_Pradesh,Bareilly,"Rajendra Nagar, Bareilly - UPPCB","26-03-2025 17:00:00",28.38910936,79.42963708,NH3,1,4,1
India,Uttar_Pradesh,Bulandshahr,"Yamunapuram, Bulandshahr - UPPCB","26-03-2025 17:00:00",28.406963,77.849831,OZONE,1,78,60
India,Uttar_Pradesh,Firozabad,"Nagla Bhau, Firozabad - UPPCB","26-03-2025 17:00:00",27.168897,78.376960,SO2,25,33,29
India,Uttar_Pradesh,Firozabad,"Nagla Bhau, Firozabad - UPPCB","26-03-2025 17:00:00",27.168897,78.376960,CO,16,30,25
India,Uttar_Pradesh,Firozabad,"Nagla Bhau, Firozabad - UPPCB","26-03-2025 17:00:00",27.168897,78.376960,OZONE,4,8,5
India,TamilNadu,Tiruchirappalli,"St Joseph College, Tiruchirappalli - TNPCB","26-03-2025 17:00:00",10.830158,78.691849,PM2.5,37,57,45
India,TamilNadu,Tiruchirappalli,"St Joseph College, Tiruchirappalli - TNPCB","26-03-2025 17:00:00",10.830158,78.691849,CO,6,6,6
India,TamilNadu,Tirunelveli,"Municipal Corporation Office, Tirunelveli - TNPCB","26-03-2025 17:00:00",8.728442,77.6962,PM2.5,15,30,26
India,TamilNadu,Tirunelveli,"Municipal Corporation Office, Tirunelveli - TNPCB","26-03-2025 17:00:00",8.728442,77.6962,NH3,1,14,4
India,TamilNadu,Tirupur,"Kumaran College, Tirupur - TNPCB","26-03-2025 17:00:00",11.0973603,77.3228673,NH3,NA,NA,NA
India,TamilNadu,Vellore,"Vasanthapuram, Vellore - TNPCB","26-03-2025 17:00:00",12.909494,79.131861,PM10,59,109,82
India,TamilNadu,Vellore,"Vasanthapuram, Vellore - TNPCB","26-03-2025 17:00:00",12.909494,79.131861,NO2,12,16,14
India,TamilNadu,Vellore,"Vasanthapuram, Vellore - TNPCB","26-03-2025 17:00:00",12.909494,79.131861,NH3,1,1,1
India,Telangana,Hyderabad,"Kompally Municipal Office, Hyderabad - TSPCB","26-03-2025 17:00:00",17.544899,78.486949,NH3,3,4,4
India,Telangana,Hyderabad,"Kompally Municipal Office, Hyderabad - TSPCB","26-03-2025 17:00:00",17.544899,78.486949,SO2,4,17,11
India,Telangana,Hyderabad,"Nacharam_TSIIC IALA, Hyderabad - TSPCB","26-03-2025 17:00:00",17.429398,78.569354,SO2,9,30,16
India,Telangana,Hyderabad,"New Malakpet, Hyderabad - TSPCB","26-03-2025 17:00:00",17.37206,78.50864,PM10,56,99,74
India,Telangana,Hyderabad,"New Malakpet, Hyderabad - TSPCB","26-03-2025 17:00:00",17.37206,78.50864,NH3,3,4,3
India,Telangana,Hyderabad,"New Malakpet, Hyderabad - TSPCB","26-03-2025 17:00:00",17.37206,78.50864,OZONE,4,47,35
India,Telangana,Hyderabad,"Sanathnagar, Hyderabad - TSPCB","26-03-2025 17:00:00",17.4559458,78.4332152,CO,10,119,39
India,Telangana,Hyderabad,"Somajiguda, Hyderabad - TSPCB","26-03-2025 17:00:00",17.417094,78.457437,PM2.5,53,150,80
India,Telangana,Hyderabad,"Zoo Park, Hyderabad - TSPCB","26-03-2025 17:00:00",17.349694,78.451437,PM10,100,157,135
India,Tripura,Agartala,"Bardowali, Agartala - Tripura SPCB","26-03-2025 17:00:00",23.8175497,91.2726974,SO2,22,48,27
India,Tripura,Agartala,"Bardowali, Agartala - Tripura SPCB","26-03-2025 17:00:00",23.8175497,91.2726974,OZONE,6,299,219
India,Uttar_Pradesh,Agra,"Manoharpur, Agra - UPPCB","26-03-2025 17:00:00",27.23711,78.01936,NH3,2,2,2
India,Telangana,Hyderabad,"Bollaram Industrial Area, Hyderabad - TSPCB","26-03-2025 17:00:00",17.540891,78.358528,NH3,2,6,4
India,Telangana,Hyderabad,"Central University, Hyderabad - TSPCB","26-03-2025 17:00:00",17.460103,78.334361,PM2.5,38,55,43
India,Telangana,Hyderabad,"ECIL Kapra, Hyderabad - TSPCB","26-03-2025 17:00:00",17.470431,78.566959,CO,26,66,44
India,Telangana,Hyderabad,"ECIL Kapra, Hyderabad - TSPCB","26-03-2025 17:00:00",17.470431,78.566959,OZONE,13,57,27
India,Telangana,Hyderabad,"ICRISAT Patancheru, Hyderabad - TSPCB","26-03-2025 17:00:00",17.518400,78.278777,OZONE,16,107,65
India,Uttar_Pradesh,Firozabad,"Vibhab Nagar, Firozabad - UPPCB","26-03-2025 17:00:00",27.1594,78.3953,NH3,2,2,2
India,Uttar_Pradesh,Firozabad,"Vibhab Nagar, Firozabad - UPPCB","26-03-2025 17:00:00",27.1594,78.3953,OZONE,NA,NA,NA
India,Uttar_Pradesh,Ghaziabad,"Indirapuram, Ghaziabad - UPPCB","26-03-2025 17:00:00",28.646233,77.358075,CO,8,96,19
India,Uttar_Pradesh,Ghaziabad,"Loni, Ghaziabad - UPPCB","26-03-2025 17:00:00",28.757294,77.278792,SO2,3,79,35
India,Uttar_Pradesh,Ghaziabad,"Sanjay Nagar, Ghaziabad - UPPCB","26-03-2025 17:00:00",28.685382,77.453839,OZONE,8,109,56
India,Telangana,Hyderabad,"IDA Pashamylaram, Hyderabad - TSPCB","26-03-2025 17:00:00",17.5316895,78.218939,SO2,3,28,9
India,Telangana,Hyderabad,"IITH Kandi, Hyderabad - TSPCB","26-03-2025 17:00:00",17.585705,78.126199,NO2,15,19,16
India,Telangana,Hyderabad,"IITH Kandi, Hyderabad - TSPCB","26-03-2025 17:00:00",17.585705,78.126199,SO2,12,14,13
India,Telangana,Hyderabad,"IITH Kandi, Hyderabad - TSPCB","26-03-2025 17:00:00",17.585705,78.126199,CO,26,44,39
India,Telangana,Hyderabad,"IITH Kandi, Hyderabad - TSPCB","26-03-2025 17:00:00",17.585705,78.126199,OZONE,37,40,39
India,TamilNadu,Ramanathapuram,"Chalai Bazaar, Ramanathapuram - TNPCB","26-03-2025 17:00:00",9.36399,78.831977,CO,14,17,14
India,TamilNadu,Thanjavur,"Parisutham Nagar, Thanjavur - TNPCB","26-03-2025 17:00:00",10.7654824,79.1389968,PM10,44,74,54
India,Uttar_Pradesh,Ghaziabad,"Vasundhara, Ghaziabad - UPPCB","26-03-2025 17:00:00",28.6603346,77.3572563,NO2,22,127,64
India,Uttar_Pradesh,Gorakhpur,"Madan Mohan Malaviya University of Technology, Gorakhpur - UPPCB","26-03-2025 17:00:00",26.730136,83.433859,OZONE,9,57,26
India,Uttar_Pradesh,"Greater Noida","Knowledge Park - III, Greater Noida - UPPCB","26-03-2025 17:00:00",28.47272,77.482000,NO2,17,180,93
India,Uttar_Pradesh,"Greater Noida","Knowledge Park - III, Greater Noida - UPPCB","26-03-2025 17:00:00",28.47272,77.482000,NH3,9,14,12
India,Uttar_Pradesh,"Greater Noida","Knowledge Park - III, Greater Noida - UPPCB","26-03-2025 17:00:00",28.47272,77.482000,SO2,18,85,36
India,Uttar_Pradesh,"Greater Noida","Knowledge Park - V, Greater Noida - UPPCB","26-03-2025 17:00:00",28.557054,77.453663,NH3,6,15,12
India,Uttar_Pradesh,"Greater Noida","Knowledge Park - V, Greater Noida - UPPCB","26-03-2025 17:00:00",28.557054,77.453663,SO2,4,45,19
India,Uttar_Pradesh,Hapur,"Anand Vihar, Hapur - UPPCB","26-03-2025 17:00:00",28.725645,77.749675,PM10,56,256,136
India,Uttar_Pradesh,Hapur,"Anand Vihar, Hapur - UPPCB","26-03-2025 17:00:00",28.725645,77.749675,CO,32,101,67
India,Uttar_Pradesh,Jhansi,"Shivaji Nagar, Jhansi - UPPCB","26-03-2025 17:00:00",25.4547,78.6039,NO2,6,7,6
India,Uttar_Pradesh,Kanpur,"FTI Kidwai Nagar, Kanpur - UPPCB","26-03-2025 17:00:00",26.428282,80.327067,PM2.5,32,325,135
India,Uttar_Pradesh,Kanpur,"NSI Kalyanpur, Kanpur - UPPCB","26-03-2025 17:00:00",26.509954,80.249612,SO2,18,36,25
India,Uttar_Pradesh,Khurja,"Kalindi Kunj, Khurja - UPPCB","26-03-2025 17:00:00",28.2348927,77.8683002,PM2.5,16,176,86
India,Uttar_Pradesh,Khurja,"Kalindi Kunj, Khurja - UPPCB","26-03-2025 17:00:00",28.2348927,77.8683002,PM10,70,196,137
India,Uttar_Pradesh,Khurja,"Kalindi Kunj, Khurja - UPPCB","26-03-2025 17:00:00",28.2348927,77.8683002,NO2,2,4,3
India,Uttar_Pradesh,Khurja,"Kalindi Kunj, Khurja - UPPCB","26-03-2025 17:00:00",28.2348927,77.8683002,NH3,1,1,1
India,Uttar_Pradesh,Lucknow,"Talkatora District Industries Center, Lucknow - CPCB","26-03-2025 17:00:00",26.83399722,80.8917361,NH3,5,19,12
India,Uttar_Pradesh,Meerut,"Ganga Nagar, Meerut - UPPCB","26-03-2025 17:00:00",28.999264,77.7590354,NH3,7,15,12
India,Uttar_Pradesh,Meerut,"Jai Bhim Nagar, Meerut - UPPCB","26-03-2025 17:00:00",28.9535882,77.7622941,SO2,3,64,17
India,Uttar_Pradesh,Meerut,"Pallavpuram Phase 2, Meerut - UPPCB","26-03-2025 17:00:00",29.063510,77.709723,NO2,10,65,32
India,Uttar_Pradesh,Meerut,"Pallavpuram Phase 2, Meerut - UPPCB","26-03-2025 17:00:00",29.063510,77.709723,NH3,14,25,20
India,Uttar_Pradesh,Moradabad,"Buddhi Vihar, Moradabad - UPPCB","26-03-2025 17:00:00",28.83526,78.74460,NO2,23,24,23
India,Uttar_Pradesh,Lucknow,"B R Ambedkar University, Lucknow - UPPCB","26-03-2025 17:00:00",26.766433,80.927299,CO,9,36,15
India,Uttar_Pradesh,Lucknow,"Gomti Nagar, Lucknow - UPPCB","26-03-2025 17:00:00",26.868120,81.005119,PM10,56,180,105
India,Uttar_Pradesh,Lucknow,"Kukrail Picnic Spot-1, Lucknow - UPPCB","26-03-2025 17:00:00",26.90723,80.98579,PM10,51,304,116
India,Uttar_Pradesh,Lucknow,"Kukrail Picnic Spot-1, Lucknow - UPPCB","26-03-2025 17:00:00",26.90723,80.98579,NO2,22,23,23
India,Uttar_Pradesh,Lucknow,"Kukrail Picnic Spot-1, Lucknow - UPPCB","26-03-2025 17:00:00",26.90723,80.98579,NH3,4,4,4
India,Uttar_Pradesh,Lucknow,"Lalbagh, Lucknow - CPCB","26-03-2025 17:00:00",26.8458805,80.9365541,NO2,46,100,70
India,Uttar_Pradesh,Lucknow,"Lalbagh, Lucknow - CPCB","26-03-2025 17:00:00",26.8458805,80.9365541,NH3,10,25,17
India,Uttar_Pradesh,Varanasi,"Bhelupur, Varanasi - UPPCB","26-03-2025 17:00:00",25.301778,82.996789,CO,8,89,14
India,Uttar_Pradesh,Varanasi,"Bhelupur, Varanasi - UPPCB","26-03-2025 17:00:00",25.301778,82.996789,OZONE,1,19,10
India,Uttar_Pradesh,Varanasi,"Maldahiya, Varanasi - UPPCB","26-03-2025 17:00:00",25.32393,82.99687,NO2,1,2,2
India,Uttar_Pradesh,Varanasi,"Maldahiya, Varanasi - UPPCB","26-03-2025 17:00:00",25.32393,82.99687,NH3,1,1,1
India,Uttar_Pradesh,Varanasi,"Maldahiya, Varanasi - UPPCB","26-03-2025 17:00:00",25.32393,82.99687,SO2,28,28,28
India,Uttarakhand,Dehradun,"Doon University, Dehradun - UKPCB","26-03-2025 17:00:00",30.269444,78.044167,PM10,93,147,115
India,Uttarakhand,Kashipur,"Govt. Girls Inter College, Kashipur - UKPCB","26-03-2025 17:00:00",29.2124114,78.9611753,SO2,NA,NA,NA
India,West_Bengal,Asansol,"Evelyn Lodge, Asansol - WBPCB","26-03-2025 17:00:00",23.6979360,86.9443950,PM10,78,269,171
India,West_Bengal,Asansol,"Evelyn Lodge, Asansol - WBPCB","26-03-2025 17:00:00",23.6979360,86.9443950,NO2,14,95,48
India,West_Bengal,Asansol,"Mahabir Colliery, Asansol - WBPCB","26-03-2025 17:00:00",23.6181830,87.1057180,NO2,16,118,60
India,West_Bengal,Asansol,"Mahabir Colliery, Asansol - WBPCB","26-03-2025 17:00:00",23.6181830,87.1057180,CO,47,115,74
India,Uttar_Pradesh,Noida,"Sector-116, Noida - UPPCB","26-03-2025 17:00:00",28.569230,77.393848,CO,26,187,50
India,Uttar_Pradesh,Prayagraj,"Jhunsi, Prayagraj - UPPCB","26-03-2025 17:00:00",25.425602,81.917152,OZONE,4,84,46
India,Uttar_Pradesh,Prayagraj,"Motilal Nehru NIT, Prayagraj - UPPCB","26-03-2025 17:00:00",25.494,81.863,PM2.5,23,163,81
India,Uttar_Pradesh,Prayagraj,"Motilal Nehru NIT, Prayagraj - UPPCB","26-03-2025 17:00:00",25.494,81.863,NO2,11,12,12
India,Uttar_Pradesh,Prayagraj,"Motilal Nehru NIT, Prayagraj - UPPCB","26-03-2025 17:00:00",25.494,81.863,OZONE,5,68,48
India,Uttar_Pradesh,Moradabad,"Eco Herbal Park, Moradabad - UPPCB","26-03-2025 17:00:00",28.840739,78.697531,OZONE,6,174,174
India,Uttar_Pradesh,Moradabad,"Jigar Colony, Moradabad - UPPCB","26-03-2025 17:00:00",28.856664,78.772638,PM10,74,175,111
India,Uttar_Pradesh,Moradabad,"Jigar Colony, Moradabad - UPPCB","26-03-2025 17:00:00",28.856664,78.772638,SO2,35,86,46
India,Uttar_Pradesh,Moradabad,"Jigar Colony, Moradabad - UPPCB","26-03-2025 17:00:00",28.856664,78.772638,CO,18,48,36
India,Uttar_Pradesh,Moradabad,"Kashiram Nagar, Moradabad - UPPCB","26-03-2025 17:00:00",28.849399,78.742362,NH3,3,4,4
India,Uttar_Pradesh,Moradabad,"Transport Nagar, Moradabad - UPPCB","26-03-2025 17:00:00",28.802625,78.753728,OZONE,21,76,56
India,Uttar_Pradesh,Muzaffarnagar,"New Mandi, Muzaffarnagar - UPPCB","26-03-2025 17:00:00",29.4723508,77.7194031,PM10,NA,NA,NA
India,Uttar_Pradesh,Muzaffarnagar,"New Mandi, Muzaffarnagar - UPPCB","26-03-2025 17:00:00",29.4723508,77.7194031,OZONE,15,206,186
India,Uttar_Pradesh,Noida,"Sector - 125, Noida - UPPCB","26-03-2025 17:00:00",28.5447608,77.3231257,CO,2,112,34
India,West_Bengal,Asansol,"Trivenidevi Bhalotia College, Asansol - WBPCB","26-03-2025 17:00:00",23.616515,87.119133,SO2,16,68,30
India,West_Bengal,Asansol,"Trivenidevi Bhalotia College, Asansol - WBPCB","26-03-2025 17:00:00",23.616515,87.119133,OZONE,7,193,167
India,West_Bengal,Barrackpore,"SVSPA Campus, Barrackpore - WBPCB","26-03-2025 17:00:00",22.7605581,88.3617589,PM10,79,266,134
India,West_Bengal,Barrackpore,"SVSPA Campus, Barrackpore - WBPCB","26-03-2025 17:00:00",22.7605581,88.3617589,NO2,11,46,28
India,West_Bengal,Durgapur,"Mahishkapur Road_B-Zone, Durgapur - WBPCB","26-03-2025 17:00:00",23.567923,87.306843,PM2.5,52,185,126
India,West_Bengal,Durgapur,"Mahishkapur Road_B-Zone, Durgapur - WBPCB","26-03-2025 17:00:00",23.567923,87.306843,PM10,126,217,175
India,West_Bengal,Durgapur,"Mahishkapur Road_B-Zone, Durgapur - WBPCB","26-03-2025 17:00:00",23.567923,87.306843,NO2,10,56,20
India,West_Bengal,Durgapur,"Mahishkapur Road_B-Zone, Durgapur - WBPCB","26-03-2025 17:00:00",23.567923,87.306843,NH3,NA,NA,NA
India,West_Bengal,Durgapur,"Mahishkapur Road_B-Zone, Durgapur - WBPCB","26-03-2025 17:00:00",23.567923,87.306843,SO2,5,70,25
India,West_Bengal,Durgapur,"Mahishkapur Road_B-Zone, Durgapur - WBPCB","26-03-2025 17:00:00",23.567923,87.306843,CO,4,97,44
India,West_Bengal,Durgapur,"PCBL Residential Complex, Durgapur - WBPCB","26-03-2025 17:00:00",23.5087640,87.3544400,PM2.5,53,212,116
India,West_Bengal,Durgapur,"PCBL Residential Complex, Durgapur - WBPCB","26-03-2025 17:00:00",23.5087640,87.3544400,NO2,20,154,72
India,West_Bengal,Durgapur,"PCBL Residential Complex, Durgapur - WBPCB","26-03-2025 17:00:00",23.5087640,87.3544400,SO2,5,45,20
India,West_Bengal,Durgapur,"PCBL Residential Complex, Durgapur - WBPCB","26-03-2025 17:00:00",23.5087640,87.3544400,OZONE,5,115,77
India,West_Bengal,Howrah,"Belur Math, Howrah - WBPCB","26-03-2025 17:00:00",22.629801,88.352017,NO2,31,37,33
India,West_Bengal,Howrah,"Dasnagar, Howrah - WBPCB","26-03-2025 17:00:00",22.6025571,88.3105664,PM10,44,194,107
India,West_Bengal,Howrah,"Dasnagar, Howrah - WBPCB","26-03-2025 17:00:00",22.6025571,88.3105664,NO2,11,142,44
India,West_Bengal,Howrah,"Dasnagar, Howrah - WBPCB","26-03-2025 17:00:00",22.6025571,88.3105664,NH3,4,8,5
India,West_Bengal,Howrah,"Dasnagar, Howrah - WBPCB","26-03-2025 17:00:00",22.6025571,88.3105664,CO,35,111,37
India,West_Bengal,Howrah,"Ghusuri, Howrah - WBPCB","26-03-2025 17:00:00",22.611968,88.347422,PM2.5,69,240,119
India,West_Bengal,Howrah,"Ghusuri, Howrah - WBPCB","26-03-2025 17:00:00",22.611968,88.347422,NO2,23,36,30
India,West_Bengal,Howrah,"Ghusuri, Howrah - WBPCB","26-03-2025 17:00:00",22.611968,88.347422,CO,2,68,4
India,West_Bengal,Howrah,"Ghusuri, Howrah - WBPCB","26-03-2025 17:00:00",22.611968,88.347422,OZONE,9,16,12
India,West_Bengal,Howrah,"Padmapukur, Howrah - WBPCB","26-03-2025 17:00:00",22.5687319,88.2797276,SO2,7,83,21
India,West_Bengal,Kolkata,"Ballygunge, Kolkata - WBPCB","26-03-2025 17:00:00",22.5367507,88.3638022,PM2.5,40,231,103
India,West_Bengal,Kolkata,"Ballygunge, Kolkata - WBPCB","26-03-2025 17:00:00",22.5367507,88.3638022,CO,31,101,35
India,West_Bengal,Kolkata,"Bidhannagar, Kolkata - WBPCB","26-03-2025 17:00:00",22.58157048,88.41002457,SO2,8,13,10
India,West_Bengal,Kolkata,"Jadavpur, Kolkata - WBPCB","26-03-2025 17:00:00",22.49929,88.36917,PM2.5,77,158,98
India,West_Bengal,Kolkata,"Jadavpur, Kolkata - WBPCB","26-03-2025 17:00:00",22.49929,88.36917,NH3,5,7,6
India,West_Bengal,Kolkata,"Jadavpur, Kolkata - WBPCB","26-03-2025 17:00:00",22.49929,88.36917,SO2,3,12,5
India,West_Bengal,Kolkata,"Rabindra Bharati University, Kolkata - WBPCB","26-03-2025 17:00:00",22.627847,88.380669,SO2,10,15,12
India,West_Bengal,Kolkata,"Rabindra Bharati University, Kolkata - WBPCB","26-03-2025 17:00:00",22.627847,88.380669,CO,27,53,28
India,West_Bengal,Kolkata,"Rabindra Sarobar, Kolkata - WBPCB","26-03-2025 17:00:00",22.51106,88.35142,NO2,41,104,57
India,West_Bengal,Kolkata,"Victoria, Kolkata - WBPCB","26-03-2025 17:00:00",22.5448082,88.3403691,PM2.5,79,182,122
India,West_Bengal,Kolkata,"Victoria, Kolkata - WBPCB","26-03-2025 17:00:00",22.5448082,88.3403691,SO2,5,9,7
India,West_Bengal,Kolkata,"Victoria, Kolkata - WBPCB","26-03-2025 17:00:00",22.5448082,88.3403691,OZONE,8,59,49
India,West_Bengal,Siliguri,"Ward-32 Bapupara, Siliguri - WBPCB","26-03-2025 17:00:00",26.6879226,88.4152495,SO2,NA,NA,NA
India,West_Bengal,Siliguri,"Ward-32 Bapupara, Siliguri - WBPCB","26-03-2025 17:00:00",26.6879226,88.4152495,CO,30,88,32
India,West_Bengal,Siliguri,"Ward-32 Bapupara, Siliguri - WBPCB","26-03-2025 17:00:00",26.6879226,88.4152495,OZONE,14,39,20
India,Bihar,Hajipur,"Industrial Area, Hajipur - BSPCB","26-03-2025 17:00:00",25.697189,85.245900,SO2,5,8,6
India,Bihar,Hajipur,"Industrial Area, Hajipur - BSPCB","26-03-2025 17:00:00",25.697189,85.245900,OZONE,9,151,151
India,Bihar,Katihar,"Mirchaibari, Katihar - BSPCB","26-03-2025 17:00:00",25.560083,87.553265,PM10,22,93,60
India,Bihar,Katihar,"Mirchaibari, Katihar - BSPCB","26-03-2025 17:00:00",25.560083,87.553265,SO2,16,25,21
India,Bihar,Kishanganj,"SDM Office_Khagra, Kishanganj - BSPCB","26-03-2025 17:00:00",26.0881305,87.93840336,CO,38,130,62
India,Bihar,Manguraha,"Forest Rest House, Manguraha - BSPCB","26-03-2025 17:00:00",27.308328,84.531742,PM2.5,47,167,80
India,Bihar,Motihari,"Gandak Colony, Motihari - BSPCB","26-03-2025 17:00:00",26.63086,84.90051,OZONE,11,14,13
India,Bihar,Munger,"Town Hall, Munger - BSPCB","26-03-2025 17:00:00",25.376776,86.471523,PM2.5,42,376,103
India,Andhra_Pradesh,Vijayawada,"Rajiv Gandhi Park, Vijayawada - APPCB","26-03-2025 17:00:00",16.509717,80.612222,PM10,64,86,76
India,Andhra_Pradesh,Vijayawada,"Rajiv Gandhi Park, Vijayawada - APPCB","26-03-2025 17:00:00",16.509717,80.612222,NH3,3,4,4
India,Andhra_Pradesh,Vijayawada,"Rajiv Nagar, Vijayawada - APPCB","26-03-2025 17:00:00",16.554731,80.649110,PM2.5,37,63,44
India,Andhra_Pradesh,Vijayawada,"Rajiv Nagar, Vijayawada - APPCB","26-03-2025 17:00:00",16.554731,80.649110,PM10,36,65,44
India,Andhra_Pradesh,Vijayawada,"Rajiv Nagar, Vijayawada - APPCB","26-03-2025 17:00:00",16.554731,80.649110,OZONE,17,60,41
India,Andhra_Pradesh,Visakhapatnam,"GVM Corporation, Visakhapatnam - APPCB","26-03-2025 17:00:00",17.72,83.3,NH3,2,4,2
India,Andhra_Pradesh,Visakhapatnam,"GVM Corporation, Visakhapatnam - APPCB","26-03-2025 17:00:00",17.72,83.3,OZONE,8,13,10
India,Arunachal_Pradesh,Naharlagun,"Naharlagun, Naharlagun - APSPCB","26-03-2025 17:00:00",27.103358,93.679645,PM10,38,288,83
India,Andhra_Pradesh,Anantapur,"Gulzarpet, Anantapur - APPCB","26-03-2025 17:00:00",14.675886,77.593027,PM2.5,46,61,54
India,Andhra_Pradesh,Anantapur,"Gulzarpet, Anantapur - APPCB","26-03-2025 17:00:00",14.675886,77.593027,OZONE,10,53,37
India,Andhra_Pradesh,Chittoor,"Gangineni Cheruvu, Chittoor - APPCB","26-03-2025 17:00:00",13.204880,79.097889,SO2,2,3,3
India,Andhra_Pradesh,Chittoor,"Gangineni Cheruvu, Chittoor - APPCB","26-03-2025 17:00:00",13.204880,79.097889,CO,6,9,8
India,Andhra_Pradesh,Rajamahendravaram,"Anand Kala Kshetram, Rajamahendravaram - APPCB","26-03-2025 17:00:00",16.9872867,81.7363176,NO2,12,50,23
India,Andhra_Pradesh,Rajamahendravaram,"Anand Kala Kshetram, Rajamahendravaram - APPCB","26-03-2025 17:00:00",16.9872867,81.7363176,CO,8,117,62
India,Assam,Guwahati,"Railway Colony, Guwahati - PCBA","26-03-2025 17:00:00",26.181742,91.78063,NO2,3,3,3
India,Assam,Nagaon,"Christianpatty, Nagaon - PCBA","26-03-2025 17:00:00",26.349082,92.68449,NO2,6,22,13
India,Assam,Nagaon,"Christianpatty, Nagaon - PCBA","26-03-2025 17:00:00",26.349082,92.68449,CO,24,101,62
India,Assam,Nalbari,"Bata Chowk, Nalbari - PCBA","26-03-2025 17:00:00",26.446912,91.439057,NH3,1,1,1
India,Assam,Nalbari,"Bata Chowk, Nalbari - PCBA","26-03-2025 17:00:00",26.446912,91.439057,OZONE,4,336,12
India,Assam,Sivasagar,"Girls College, Sivasagar - PCBA","26-03-2025 17:00:00",26.987634,94.636574,OZONE,1,16,10
India,Bihar,Bhagalpur,"DM Office_Kachari Chowk, Bhagalpur - BSPCB","26-03-2025 17:00:00",25.251013,86.989001,PM2.5,27,62,39
India,Bihar,Bhagalpur,"DM Office_Kachari Chowk, Bhagalpur - BSPCB","26-03-2025 17:00:00",25.251013,86.989001,PM10,42,98,62
India,Bihar,Bhagalpur,"DM Office_Kachari Chowk, Bhagalpur - BSPCB","26-03-2025 17:00:00",25.251013,86.989001,CO,12,21,18
India,Bihar,Bhagalpur,"Mayaganj, Bhagalpur - BSPCB","26-03-2025 17:00:00",25.265194,87.012947,CO,14,72,35
India,Bihar,"Bihar Sharif","D M Colony, Bihar Sharif - BSPCB","26-03-2025 17:00:00",25.204762,85.514960,NH3,NA,NA,NA
India,Bihar,Buxar,"Charitra Van, Buxar - BSPCB","26-03-2025 17:00:00",25.567520,83.966379,NH3,4,4,4
India,Andhra_Pradesh,Tirumala,"Toll Gate, Tirumala - APPCB (Formerly known as Tirumala, Tirupati - APPCB)","26-03-2025 17:00:00",13.67,79.35,PM10,51,103,68
India,Andhra_Pradesh,Tirupati,"Vaikuntapuram, Tirupati - APPCB","26-03-2025 17:00:00",13.615387,79.409230,CO,21,26,23
India,Andhra_Pradesh,Vijayawada,"HB Colony, Vijayawada - APPCB","26-03-2025 17:00:00",16.536107,80.594233,PM2.5,43,135,73
India,Andhra_Pradesh,Vijayawada,"Kanuru, Vijayawada - APPCB","26-03-2025 17:00:00",16.486692,80.699436,PM2.5,52,69,60
India,Andhra_Pradesh,Vijayawada,"Kanuru, Vijayawada - APPCB","26-03-2025 17:00:00",16.486692,80.699436,CO,13,22,16
India,Bihar,Araria,"Kharahiya Basti, Araria - BSPCB","26-03-2025 17:00:00",26.146529,87.454184,NO2,2,163,15
India,Bihar,Araria,"Kharahiya Basti, Araria - BSPCB","26-03-2025 17:00:00",26.146529,87.454184,OZONE,9,11,10
India,Bihar,Aurangabad,"Gurdeo Nagar, Aurangabad - BSPCB","26-03-2025 17:00:00",24.75746,84.366208,PM2.5,42,361,175
India,Bihar,Begusarai,"Lohiyanagar, Begusarai - BSPCB","26-03-2025 17:00:00",25.42742023,86.13886079,PM2.5,25,375,143
India,Bihar,Bettiah,"Kamalnath Nagar, Bettiah - BSPCB","26-03-2025 17:00:00",26.80365,84.51954,PM2.5,27,217,132
India,Bihar,Gaya,"Collectorate, Gaya - BSPCB","26-03-2025 17:00:00",24.7955,84.9994,PM2.5,39,351,153
India,Bihar,Gaya,"Kareemganj, Gaya - BSPCB","26-03-2025 17:00:00",24.792403,84.992416,PM2.5,43,325,128
India,Bihar,Gaya,"Kareemganj, Gaya - BSPCB","26-03-2025 17:00:00",24.792403,84.992416,PM10,95,285,141
India,Bihar,Gaya,"Kareemganj, Gaya - BSPCB","26-03-2025 17:00:00",24.792403,84.992416,NH3,NA,NA,NA
India,Bihar,Gaya,"Kareemganj, Gaya - BSPCB","26-03-2025 17:00:00",24.792403,84.992416,SO2,12,17,15
India,Bihar,Gaya,"SFTI Kusdihra, Gaya - BSPCB","26-03-2025 17:00:00",24.762518,84.982348,NO2,17,25,22
India,Bihar,Gaya,"SFTI Kusdihra, Gaya - BSPCB","26-03-2025 17:00:00",24.762518,84.982348,SO2,8,10,9
India,"Andaman and Nicobar","Sri Vijaya Puram","Police Line, Sri Vijaya Puram - ANPCC","26-03-2025 17:00:00",11.654054,92.734055,PM10,22,192,80
India,"Andaman and Nicobar","Sri Vijaya Puram","Police Line, Sri Vijaya Puram - ANPCC","26-03-2025 17:00:00",11.654054,92.734055,SO2,2,36,17
India,Andhra_Pradesh,Amaravati,"Secretariat, Amaravati - APPCB","26-03-2025 17:00:00",16.5150833,80.5181667,PM2.5,34,50,43
India,Assam,Byrnihat,"Central Academy for SFS, Byrnihat - PCBA","26-03-2025 17:00:00",26.071318,91.87488,OZONE,21,112,62
India,Assam,Guwahati,"IITG, Guwahati - PCBA","26-03-2025 17:00:00",26.2028636,91.70046436,NH3,5,5,5
India,Assam,Guwahati,"Pan Bazaar, Guwahati - PCBA","26-03-2025 17:00:00",26.187500,91.744194,CO,24,104,53
India,Bihar,Patna,"DRM Office Danapur, Patna - BSPCB","26-03-2025 17:00:00",25.586562,85.043586,CO,16,106,35
India,Bihar,Patna,"Govt. High School Shikarpur, Patna - BSPCB","26-03-2025 17:00:00",25.592539,85.227158,NH3,NA,NA,NA
India,Bihar,Patna,"IGSC Planetarium Complex, Patna - BSPCB","26-03-2025 17:00:00",25.610369,85.132568,CO,2,24,11
India,Bihar,Patna,"Muradpur, Patna - BSPCB","26-03-2025 17:00:00",25.619651,85.147382,PM10,120,500,278
India,Bihar,Patna,"Muradpur, Patna - BSPCB","26-03-2025 17:00:00",25.619651,85.147382,NO2,11,157,82
India,Bihar,Patna,"Muradpur, Patna - BSPCB","26-03-2025 17:00:00",25.619651,85.147382,SO2,6,8,7
India,Bihar,Patna,"Muradpur, Patna - BSPCB","26-03-2025 17:00:00",25.619651,85.147382,OZONE,6,42,34
India,Bihar,Patna,"Samanpura, Patna - BSPCB","26-03-2025 17:00:00",25.596727,85.085624,PM2.5,72,321,215
India,Bihar,Patna,"Samanpura, Patna - BSPCB","26-03-2025 17:00:00",25.596727,85.085624,SO2,4,8,6
India,Bihar,Patna,"Samanpura, Patna - BSPCB","26-03-2025 17:00:00",25.596727,85.085624,OZONE,18,56,37
India,Bihar,Purnia,"Mariam Nagar, Purnia - BSPCB","26-03-2025 17:00:00",25.366336,87.117468,PM10,50,137,104
India,Bihar,Purnia,"Mariam Nagar, Purnia - BSPCB","26-03-2025 17:00:00",25.366336,87.117468,NH3,3,3,3
India,Bihar,Rajgir,"Dangi Tola, Rajgir - BSPCB","26-03-2025 17:00:00",25.03280,85.41948,PM10,NA,NA,NA
India,Bihar,Rajgir,"Dangi Tola, Rajgir - BSPCB","26-03-2025 17:00:00",25.03280,85.41948,NH3,2,2,2
India,Chhattisgarh,Raipur,"Bhatagaon New ISBT, Raipur - CECB","26-03-2025 17:00:00",21.219665,81.630094,PM2.5,30,281,85
India,Chhattisgarh,Raipur,"Bhatagaon New ISBT, Raipur - CECB","26-03-2025 17:00:00",21.219665,81.630094,SO2,5,28,11
India,Chhattisgarh,Raipur,"Bhatagaon New ISBT, Raipur - CECB","26-03-2025 17:00:00",21.219665,81.630094,CO,24,90,44
India,Chhattisgarh,Raipur,"Krishak Nagar, Raipur - CECB","26-03-2025 17:00:00",21.237755,81.705301,PM2.5,49,83,64
India,Chhattisgarh,Raipur,"Krishak Nagar, Raipur - CECB","26-03-2025 17:00:00",21.237755,81.705301,NH3,7,7,7
India,Chhattisgarh,Raipur,"Krishak Nagar, Raipur - CECB","26-03-2025 17:00:00",21.237755,81.705301,CO,28,50,38
India,Chhattisgarh,Raipur,"Siltara Phase-II, Raipur - CECB","26-03-2025 17:00:00",21.371751,81.664929,PM2.5,57,256,126
India,Chandigarh,Chandigarh,"Sector-25, Chandigarh - CPCC","26-03-2025 17:00:00",30.751462,76.762879,PM2.5,89,273,142
India,Chandigarh,Chandigarh,"Sector-25, Chandigarh - CPCC","26-03-2025 17:00:00",30.751462,76.762879,SO2,3,22,8
India,Chhattisgarh,Bhilai,"32Bungalows, Bhilai - CECB","26-03-2025 17:00:00",21.194815,81.314770,PM2.5,50,96,70
India,Chhattisgarh,Bhilai,"Civic Center, Bhilai - Bhilai Steel Plant","26-03-2025 17:00:00",21.185571,81.343175,PM2.5,28,66,47
India,Chhattisgarh,Bhilai,"Civic Center, Bhilai - Bhilai Steel Plant","26-03-2025 17:00:00",21.185571,81.343175,CO,16,52,39
India,Bihar,Munger,"Town Hall, Munger - BSPCB","26-03-2025 17:00:00",25.376776,86.471523,PM10,60,432,124
India,Bihar,Muzaffarpur,"Buddha Colony, Muzaffarpur - BSPCB","26-03-2025 17:00:00",26.11442,85.39813,SO2,2,42,9
India,Bihar,Muzaffarpur,"MIT-Daudpur Kothi, Muzaffarpur - BSPCB","26-03-2025 17:00:00",26.1403345,85.3650192,CO,48,109,74
India,Bihar,Patna,"DRM Office Danapur, Patna - BSPCB","26-03-2025 17:00:00",25.586562,85.043586,PM10,91,435,189
India,Chhattisgarh,Bhilai,"Hathkhoj, Bhilai - CECB","26-03-2025 17:00:00",21.224231,81.408350,NH3,3,7,4
India,Chhattisgarh,Bhilai,"Hathkhoj, Bhilai - CECB","26-03-2025 17:00:00",21.224231,81.408350,SO2,18,131,53
India,Chhattisgarh,Bhilai,"Hathkhoj, Bhilai - CECB","26-03-2025 17:00:00",21.224231,81.408350,CO,7,102,56
India,Chhattisgarh,Bilaspur,"Mangala, Bilaspur - NTPC","26-03-2025 17:00:00",22.08815,82.13737,CO,24,42,41
India,Chhattisgarh,Korba,"Rampur, Korba - CECB","26-03-2025 17:00:00",22.368195,82.746431,SO2,15,52,22
India,Chhattisgarh,Kunjemura,"OP Jindal School, Kunjemura - CECB","26-03-2025 17:00:00",22.126650,83.483212,PM2.5,2,10,3
India,Chhattisgarh,Kunjemura,"OP Jindal School, Kunjemura - CECB","26-03-2025 17:00:00",22.126650,83.483212,CO,16,88,39
India,Chhattisgarh,Kunjemura,"OP Jindal School, Kunjemura - CECB","26-03-2025 17:00:00",22.126650,83.483212,OZONE,8,9,9
India,Chhattisgarh,Milupara,"Govt. Higher Secondary School, Milupara - CECB","26-03-2025 17:00:00",22.1910172,83.5197009,PM2.5,49,133,85
India,Delhi,Delhi,"Alipur, Delhi - DPCC","26-03-2025 17:00:00",28.815329,77.153010,NO2,14,87,45
India,Delhi,Delhi,"Alipur, Delhi - DPCC","26-03-2025 17:00:00",28.815329,77.153010,SO2,15,54,27
India,Delhi,Delhi,"Ashok Vihar, Delhi - DPCC","26-03-2025 17:00:00",28.695381,77.181665,NH3,8,12,10
India,Delhi,Delhi,"Aya Nagar, Delhi - IMD","26-03-2025 17:00:00",28.4706914,77.1099364,PM2.5,22,355,198
India,Bihar,Siwan,"Chitragupta Nagar, Siwan - BSPCB","26-03-2025 17:00:00",26.2271665,84.3570427,NO2,6,11,8
India,Bihar,Siwan,"Chitragupta Nagar, Siwan - BSPCB","26-03-2025 17:00:00",26.2271665,84.3570427,SO2,1,10,4
India,Bihar,Siwan,"Chitragupta Nagar, Siwan - BSPCB","26-03-2025 17:00:00",26.2271665,84.3570427,OZONE,32,124,100
India,Delhi,Delhi,"R K Puram, Delhi - DPCC","26-03-2025 17:00:00",28.563262,77.186937,PM2.5,48,348,211
India,Delhi,Delhi,"R K Puram, Delhi - DPCC","26-03-2025 17:00:00",28.563262,77.186937,PM10,100,310,200
India,Delhi,Delhi,"R K Puram, Delhi - DPCC","26-03-2025 17:00:00",28.563262,77.186937,SO2,29,63,47
India,Delhi,Delhi,"R K Puram, Delhi - DPCC","26-03-2025 17:00:00",28.563262,77.186937,CO,2,119,20
India,Delhi,Delhi,"R K Puram, Delhi - DPCC","26-03-2025 17:00:00",28.563262,77.186937,OZONE,16,34,27
India,Delhi,Delhi,"Rohini, Delhi - DPCC","26-03-2025 17:00:00",28.732528,77.119920,PM10,100,418,254
India,Delhi,Delhi,"Shadipur, Delhi - CPCB","26-03-2025 17:00:00",28.6514781,77.1473105,SO2,2,41,14
India,Delhi,Delhi,"Sirifort, Delhi - CPCB","26-03-2025 17:00:00",28.5504249,77.2159377,PM2.5,36,379,210
India,Delhi,Delhi,"Sirifort, Delhi - CPCB","26-03-2025 17:00:00",28.5504249,77.2159377,NH3,8,26,16
India,Delhi,Delhi,"Sirifort, Delhi - CPCB","26-03-2025 17:00:00",28.5504249,77.2159377,CO,12,115,52
India,Delhi,Delhi,"Sirifort, Delhi - CPCB","26-03-2025 17:00:00",28.5504249,77.2159377,OZONE,27,77,35
India,Delhi,Delhi,"IHBAS, Dilshad Garden, Delhi - CPCB","26-03-2025 17:00:00",28.6811736,77.3025234,CO,3,97,17
India,Delhi,Delhi,"ITO, Delhi - CPCB","26-03-2025 17:00:00",28.628624,77.241060,PM2.5,46,426,208
India,Delhi,Delhi,"ITO, Delhi - CPCB","26-03-2025 17:00:00",28.628624,77.241060,SO2,8,28,15
India,Delhi,Delhi,"ITO, Delhi - CPCB","26-03-2025 17:00:00",28.628624,77.241060,CO,30,128,50
India,Delhi,Delhi,"Jahangirpuri, Delhi - DPCC","26-03-2025 17:00:00",28.732820,77.170633,PM10,121,461,279
India,Delhi,Delhi,"Jahangirpuri, Delhi - DPCC","26-03-2025 17:00:00",28.732820,77.170633,NO2,29,277,102
India,Delhi,Delhi,"Jahangirpuri, Delhi - DPCC","26-03-2025 17:00:00",28.732820,77.170633,CO,14,108,61
India,Delhi,Delhi,"Jahangirpuri, Delhi - DPCC","26-03-2025 17:00:00",28.732820,77.170633,OZONE,2,255,159
India,Delhi,Delhi,"Jawaharlal Nehru Stadium, Delhi - DPCC","26-03-2025 17:00:00",28.580280,77.233829,PM2.5,22,308,156
India,Delhi,Delhi,"NSIT Dwarka, Delhi - CPCB","26-03-2025 17:00:00",28.60909,77.0325413,CO,20,90,58
India,Delhi,Delhi,"Najafgarh, Delhi - DPCC","26-03-2025 17:00:00",28.570173,76.933762,OZONE,1,303,191
India,Delhi,Delhi,"Nehru Nagar, Delhi - DPCC","26-03-2025 17:00:00",28.567890,77.250515,PM2.5,30,356,228
India,Delhi,Delhi,"Nehru Nagar, Delhi - DPCC","26-03-2025 17:00:00",28.567890,77.250515,OZONE,4,302,230
India,Delhi,Delhi,"North Campus, DU, Delhi - IMD","26-03-2025 17:00:00",28.6573814,77.1585447,PM2.5,54,328,234
India,Delhi,Delhi,"North Campus, DU, Delhi - IMD","26-03-2025 17:00:00",28.6573814,77.1585447,PM10,123,355,206
India,Delhi,Delhi,"Bawana, Delhi - DPCC","26-03-2025 17:00:00",28.776200,77.051074,PM2.5,48,431,264
India,Delhi,Delhi,"Bawana, Delhi - DPCC","26-03-2025 17:00:00",28.776200,77.051074,PM10,92,428,252
India,Delhi,Delhi,"Bawana, Delhi - DPCC","26-03-2025 17:00:00",28.776200,77.051074,SO2,12,78,25
India,Delhi,Delhi,"Burari Crossing, Delhi - IMD","26-03-2025 17:00:00",28.7256504,77.2011573,NO2,NA,NA,NA
India,Delhi,Delhi,"CRRI Mathura Road, Delhi - IMD","26-03-2025 17:00:00",28.5512005,77.2735737,NO2,28,161,122
India,Delhi,Delhi,"DTU, Delhi - CPCB","26-03-2025 17:00:00",28.7500499,77.1112615,NH3,12,21,15
India,Delhi,Delhi,"Sonia Vihar, Delhi - DPCC","26-03-2025 17:00:00",28.710508,77.249485,NH3,5,9,7
India,Delhi,Delhi,"Sonia Vihar, Delhi - DPCC","26-03-2025 17:00:00",28.710508,77.249485,OZONE,4,88,40
India,Delhi,Delhi,"Sri Aurobindo Marg, Delhi - DPCC","26-03-2025 17:00:00",28.531346,77.190156,NH3,5,8,6
India,Gujarat,Ahmedabad,"Chandkheda, Ahmedabad - IITM","26-03-2025 17:00:00",23.107969,72.574648,PM10,57,245,106
India,Delhi,Delhi,"Lodhi Road, Delhi - IITM","26-03-2025 17:00:00",28.588333,77.221667,PM2.5,97,316,238
India,Delhi,Delhi,"Lodhi Road, Delhi - IITM","26-03-2025 17:00:00",28.588333,77.221667,NO2,56,189,110
India,Delhi,Delhi,"Lodhi Road, Delhi - IMD","26-03-2025 17:00:00",28.5918245,77.2273074,PM10,108,241,162
India,Delhi,Delhi,"Lodhi Road, Delhi - IMD","26-03-2025 17:00:00",28.5918245,77.2273074,CO,16,68,28
India,Delhi,Delhi,"Mandir Marg, Delhi - DPCC","26-03-2025 17:00:00",28.636429,77.201067,PM10,46,240,149
India,Delhi,Delhi,"Mandir Marg, Delhi - DPCC","26-03-2025 17:00:00",28.636429,77.201067,CO,4,50,19
India,Delhi,Delhi,"Mundka, Delhi - DPCC","26-03-2025 17:00:00",28.684678,77.076574,PM10,119,479,338
India,Delhi,Delhi,"Mundka, Delhi - DPCC","26-03-2025 17:00:00",28.684678,77.076574,SO2,3,69,16
India,Delhi,Delhi,"DTU, Delhi - CPCB","26-03-2025 17:00:00",28.7500499,77.1112615,OZONE,24,40,29
India,Delhi,Delhi,"IGI Airport (T3), Delhi - IMD","26-03-2025 17:00:00",28.5627763,77.1180053,PM2.5,7,323,167
India,Delhi,Delhi,"IGI Airport (T3), Delhi - IMD","26-03-2025 17:00:00",28.5627763,77.1180053,PM10,69,411,207
India,Delhi,Delhi,"Okhla Phase-2, Delhi - DPCC","26-03-2025 17:00:00",28.530785,77.271255,PM2.5,57,396,228
India,Delhi,Delhi,"Okhla Phase-2, Delhi - DPCC","26-03-2025 17:00:00",28.530785,77.271255,NH3,9,12,11
India,Delhi,Delhi,"Punjabi Bagh, Delhi - DPCC","26-03-2025 17:00:00",28.674045,77.131023,PM2.5,48,348,230
India,Haryana,Gurugram,"Teri Gram, Gurugram - HSPCB","26-03-2025 17:00:00",28.4275,77.1465,NH3,8,27,21
India,Haryana,Panchgaon,"Amity University, Panchgaon - IITM","26-03-2025 17:00:00",28.3153,76.9143,CO,2,57,25
India,Haryana,Panchgaon,"Amity University, Panchgaon - IITM","26-03-2025 17:00:00",28.3153,76.9143,OZONE,5,238,147
India,"Himachal Pradesh",Baddi,"HIMUDA Complex Phase-1, Baddi - HPPCB","26-03-2025 17:00:00",30.943887,76.801991,PM10,51,345,127
India,"Himachal Pradesh",Baddi,"HIMUDA Complex Phase-1, Baddi - HPPCB","26-03-2025 17:00:00",30.943887,76.801991,CO,39,101,50
India,Jammu_and_Kashmir,Srinagar,"Rajbagh, Srinagar - JKSPCB","26-03-2025 17:00:00",34.066206,74.819820,NO2,21,21,21
India,Jharkhand,Dhanbad,"Sardar Patel Nagar, Dhanbad - JSPCB","26-03-2025 17:00:00",23.80569,86.44268,PM10,NA,NA,NA
India,Karnataka,Bengaluru,"City Railway Station, Bengaluru - KSPCB","26-03-2025 17:00:00",12.9756843,77.5660749,SO2,7,22,12
India,Karnataka,Bengaluru,"Hebbal, Bengaluru - KSPCB","26-03-2025 17:00:00",13.029152,77.585901,NO2,48,90,72
India,Karnataka,Bengaluru,"Hebbal, Bengaluru - KSPCB","26-03-2025 17:00:00",13.029152,77.585901,OZONE,6,86,31
India,Karnataka,Bengaluru,"Hombegowda Nagar, Bengaluru - KSPCB","26-03-2025 17:00:00",12.938539,77.590100,SO2,9,18,12
India,Karnataka,Bengaluru,"Hombegowda Nagar, Bengaluru - KSPCB","26-03-2025 17:00:00",12.938539,77.590100,OZONE,51,177,156
India,Karnataka,Bengaluru,"Jigani, Bengaluru - KSPCB","26-03-2025 17:00:00",12.7816279,77.6299145,PM2.5,24,299,111
India,Karnataka,Bagalkot,"Vidayagiri, Bagalkot - KSPCB","26-03-2025 17:00:00",16.172806,75.659694,NO2,NA,NA,NA
India,Karnataka,Bagalkot,"Vidayagiri, Bagalkot - KSPCB","26-03-2025 17:00:00",16.172806,75.659694,NH3,NA,NA,NA
India,Karnataka,Bagalkot,"Vidayagiri, Bagalkot - KSPCB","26-03-2025 17:00:00",16.172806,75.659694,CO,9,20,15
India,Karnataka,Belgaum,"Ramteerth Nagar, Belgaum - KSPCB","26-03-2025 17:00:00",15.888653,74.541751,NO2,2,47,17
India,Karnataka,Bengaluru,"BTM Layout, Bengaluru - CPCB","26-03-2025 17:00:00",12.9135218,77.5950804,NH3,7,8,7
India,Karnataka,Bengaluru,"Bapuji Nagar, Bengaluru - KSPCB","26-03-2025 17:00:00",12.951913,77.539784,OZONE,50,204,133
India,Gujarat,Ahmedabad,"Chandkheda, Ahmedabad - IITM","26-03-2025 17:00:00",23.107969,72.574648,OZONE,3,169,76
India,Gujarat,Ahmedabad,"Gyaspur, Ahmedabad - IITM","26-03-2025 17:00:00",22.977134,72.553024,SO2,NA,NA,NA
India,Gujarat,Ahmedabad,"Maninagar, Ahmedabad - GPCB","26-03-2025 17:00:00",23.002657,72.591912,PM2.5,16,295,84
India,Gujarat,Ahmedabad,"Maninagar, Ahmedabad - GPCB","26-03-2025 17:00:00",23.002657,72.591912,NO2,30,31,30
India,Gujarat,Ahmedabad,"Raikhad, Ahmedabad - IITM","26-03-2025 17:00:00",23.020509,72.579261,OZONE,14,198,60
India,Gujarat,Ahmedabad,"Rakhial, Ahmedabad - IITM","26-03-2025 17:00:00",23.016834,72.625775,PM10,22,455,171
India,Gujarat,Ahmedabad,"SVPI Airport Hansol, Ahmedabad - IITM","26-03-2025 17:00:00",23.076793,72.627874,PM10,98,177,122
India,Gujarat,Ahmedabad,"SVPI Airport Hansol, Ahmedabad - IITM","26-03-2025 17:00:00",23.076793,72.627874,NO2,12,91,34
India,Gujarat,Ahmedabad,"Sardar Vallabhbhai Patel Stadium, Ahmedabad - IITM","26-03-2025 17:00:00",23.043070,72.562968,SO2,13,102,37
India,Gujarat,Ahmedabad,"Sardar Vallabhbhai Patel Stadium, Ahmedabad - IITM","26-03-2025 17:00:00",23.043070,72.562968,OZONE,4,83,68
India,Gujarat,Ankleshwar,"GIDC, Ankleshwar - GPCB","26-03-2025 17:00:00",21.613267,73.010555,PM2.5,55,237,101
India,Karnataka,Bengaluru,"Jigani, Bengaluru - KSPCB","26-03-2025 17:00:00",12.7816279,77.6299145,NH3,6,7,6
India,Karnataka,Bengaluru,"Jigani, Bengaluru - KSPCB","26-03-2025 17:00:00",12.7816279,77.6299145,SO2,22,23,22
India,Karnataka,Bengaluru,"Kasturi Nagar, Bengaluru - KSPCB","26-03-2025 17:00:00",13.003872,77.664217,PM10,82,500,145
India,Karnataka,Bengaluru,"Kasturi Nagar, Bengaluru - KSPCB","26-03-2025 17:00:00",13.003872,77.664217,SO2,8,27,9
India,Karnataka,Bengaluru,"Kasturi Nagar, Bengaluru - KSPCB","26-03-2025 17:00:00",13.003872,77.664217,OZONE,30,33,31
India,Karnataka,Bengaluru,"Peenya, Bengaluru - CPCB","26-03-2025 17:00:00",13.0270199,77.494094,PM10,39,104,87
India,Gujarat,Gandhinagar,"Sector-10, Gandhinagar - GPCB","26-03-2025 17:00:00",23.221714,72.654328,CO,6,96,7
India,Gujarat,Surat,"Science Center, Surat - SMC","26-03-2025 17:00:00",21.170046,72.795405,NO2,13,18,16
India,Gujarat,Vatva,"Phase-4 GIDC, Vatva - GPCB","26-03-2025 17:00:00",22.969611,72.643500,SO2,21,35,28
India,Haryana,"Charkhi Dadri","Mini Secretariat, Charkhi Dadri - HSPCB","26-03-2025 17:00:00",28.593883,76.270653,SO2,7,17,11
India,Haryana,Faridabad,"Sector 30, Faridabad - HSPCB","26-03-2025 17:00:00",28.4417,77.3217,NO2,36,39,37
India,Haryana,Gurugram,"NISE Gwal Pahari, Gurugram - IMD","26-03-2025 17:00:00",28.422681,77.148944,PM10,87,341,181
India,Haryana,Gurugram,"Sector-51, Gurugram - HSPCB","26-03-2025 17:00:00",28.4227,77.0667,NO2,10,10,10
India,Haryana,Gurugram,"Sector-51, Gurugram - HSPCB","26-03-2025 17:00:00",28.4227,77.0667,NH3,92,102,94
India,Gujarat,Gandhinagar,"IIPHG Lekawada, Gandhinagar - IITM","26-03-2025 17:00:00",23.243639,72.68994,PM10,71,148,104
India,Gujarat,Gandhinagar,"IIPHG Lekawada, Gandhinagar - IITM","26-03-2025 17:00:00",23.243639,72.68994,NH3,2,23,7
India,Gujarat,Gandhinagar,"IIPHG Lekawada, Gandhinagar - IITM","26-03-2025 17:00:00",23.243639,72.68994,SO2,8,29,13
India,Gujarat,Gandhinagar,"IIPHG Lekawada, Gandhinagar - IITM","26-03-2025 17:00:00",23.243639,72.68994,OZONE,1,81,59
India,Karnataka,Hubballi,"Lingaraj Nagar, Hubballi - KSPCB","26-03-2025 17:00:00",15.3714823,75.1160168,CO,1,11,5
India,Karnataka,Kalaburagi,"Mahatma Basaveswar Colony, Kalaburgi - KSPCB","26-03-2025 17:00:00",17.336318,76.847397,PM2.5,25,49,31
India,Karnataka,Kalaburagi,"Mahatma Basaveswar Colony, Kalaburgi - KSPCB","26-03-2025 17:00:00",17.336318,76.847397,NH3,3,3,3
India,Karnataka,Kalaburagi,"Mahatma Basaveswar Colony, Kalaburgi - KSPCB","26-03-2025 17:00:00",17.336318,76.847397,SO2,3,6,3
India,Karnataka,Karwar,"KHB Colony, Karwar - KSPCB","26-03-2025 17:00:00",14.816666,74.141003,NH3,NA,NA,NA
India,Karnataka,Koppal,"Diwator Nagar, Koppal - KSPCB","26-03-2025 17:00:00",15.347630,76.181767,PM2.5,11,42,20
India,Karnataka,Koppal,"Diwator Nagar, Koppal - KSPCB","26-03-2025 17:00:00",15.347630,76.181767,SO2,12,28,19
India,Karnataka,Madikeri,"Stuart Hill, Madikeri - KSPCB","26-03-2025 17:00:00",12.415911,75.735050,PM10,19,34,29
India,Karnataka,Madikeri,"Stuart Hill, Madikeri - KSPCB","26-03-2025 17:00:00",12.415911,75.735050,SO2,4,4,4
India,Karnataka,Mysuru,"Hebbal 1st Stage, Mysuru - KSPCB","26-03-2025 17:00:00",12.21041,76.37376,PM10,36,86,58
India,Karnataka,Mysuru,"Hebbal 1st Stage, Mysuru - KSPCB","26-03-2025 17:00:00",12.21041,76.37376,NO2,15,29,20
India,Karnataka,Mysuru,"Hebbal 1st Stage, Mysuru - KSPCB","26-03-2025 17:00:00",12.21041,76.37376,SO2,3,14,6
India,Karnataka,Mysuru,"Hebbal 1st Stage, Mysuru - KSPCB","26-03-2025 17:00:00",12.21041,76.37376,OZONE,18,105,63
India,Karnataka,Ramanagara,"Vijay Nagar, Ramanagara - KSPCB","26-03-2025 17:00:00",12.733409,77.298051,NH3,1,1,1
India,Karnataka,Ramanagara,"Vijay Nagar, Ramanagara - KSPCB","26-03-2025 17:00:00",12.733409,77.298051,CO,8,40,20
India,Karnataka,Shivamogga,"Vinoba Nagara, Shivamogga - KSPCB","26-03-2025 17:00:00",13.940000,75.555917,PM2.5,29,49,36
India,Karnataka,Shivamogga,"Vinoba Nagara, Shivamogga - KSPCB","26-03-2025 17:00:00",13.940000,75.555917,NH3,2,2,2
India,"Madhya Pradesh",Gwalior,"Deen Dayal Nagar, Gwalior - MPPCB","26-03-2025 17:00:00",26.259242,78.216432,SO2,10,19,16
India,"Madhya Pradesh",Gwalior,"Deen Dayal Nagar, Gwalior - MPPCB","26-03-2025 17:00:00",26.259242,78.216432,CO,14,116,43
India,"Madhya Pradesh",Gwalior,"Maharaj Bada, Gwalior - MPPCB","26-03-2025 17:00:00",26.200388,78.147714,CO,12,153,72
India,"Madhya Pradesh",Indore,"Chhoti Gwaltoli, Indore - MPPCB","26-03-2025 17:00:00",22.4310,75.5213,OZONE,11,142,104
India,"Madhya Pradesh",Indore,"Regional Park, Indore - IMC","26-03-2025 17:00:00",22.6780,75.8559,PM10,24,111,71
India,"Madhya Pradesh",Indore,"Regional Park, Indore - IMC","26-03-2025 17:00:00",22.6780,75.8559,NO2,38,70,56
India,"Madhya Pradesh",Indore,"Regional Park, Indore - IMC","26-03-2025 17:00:00",22.6780,75.8559,OZONE,6,22,15
India,"Madhya Pradesh",Bhopal,"Paryavaran Parisar, Bhopal - MPPCB","26-03-2025 17:00:00",23.210494,77.425409,PM2.5,28,267,122
India,"Madhya Pradesh",Bhopal,"Paryavaran Parisar, Bhopal - MPPCB","26-03-2025 17:00:00",23.210494,77.425409,NH3,3,44,12
India,"Madhya Pradesh",Bhopal,"T T Nagar, Bhopal - MPPCB","26-03-2025 17:00:00",23.233584,77.400574,NH3,16,35,27
India,"Madhya Pradesh",Dewas,"Bhopal Chauraha, Dewas - MPPCB","26-03-2025 17:00:00",22.9682591,76.064118,PM10,83,191,129
India,"Madhya Pradesh",Dewas,"Bhopal Chauraha, Dewas - MPPCB","26-03-2025 17:00:00",22.9682591,76.064118,NO2,26,143,94
India,"Madhya Pradesh",Dewas,"Bhopal Chauraha, Dewas - MPPCB","26-03-2025 17:00:00",22.9682591,76.064118,NH3,7,10,8
India,"Madhya Pradesh",Gwalior,"City Center, Gwalior - MPPCB","26-03-2025 17:00:00",26.203442,78.193251,NO2,7,98,27
India,Karnataka,Dharwad,"Kalabhavan, Dharwad - KSPCB","26-03-2025 17:00:00",15.459706,75.008381,NH3,4,4,4
India,Karnataka,Dharwad,"Kalabhavan, Dharwad - KSPCB","26-03-2025 17:00:00",15.459706,75.008381,SO2,1,4,2
India,Karnataka,Gadag,"Panchal Nagar, Gadag - KSPCB","26-03-2025 17:00:00",15.411456,75.638133,PM2.5,5,13,9
India,Karnataka,Gadag,"Panchal Nagar, Gadag - KSPCB","26-03-2025 17:00:00",15.411456,75.638133,NO2,5,18,12
India,Karnataka,Haveri,"Ashwini Nagar, Haveri - KSPCB","26-03-2025 17:00:00",14.791800,75.389600,SO2,56,60,58
India,Karnataka,Hubballi,"Lingaraj Nagar, Hubballi - KSPCB","26-03-2025 17:00:00",15.3714823,75.1160168,NO2,7,11,7
India,Karnataka,Hubballi,"Lingaraj Nagar, Hubballi - KSPCB","26-03-2025 17:00:00",15.3714823,75.1160168,NH3,1,2,1
India,Karnataka,Chamarajanagar,"Urban, Chamarajanagar - KSPCB","26-03-2025 17:00:00",11.55358,76.55521,PM2.5,19,51,33
India,Karnataka,Chamarajanagar,"Urban, Chamarajanagar - KSPCB","26-03-2025 17:00:00",11.55358,76.55521,NH3,2,3,2
India,Karnataka,Chamarajanagar,"Urban, Chamarajanagar - KSPCB","26-03-2025 17:00:00",11.55358,76.55521,SO2,2,8,5
India,Karnataka,Chikkaballapur,"Chikkaballapur Rural, Chikkaballapur - KSPCB","26-03-2025 17:00:00",13.428828,77.731418,NH3,1,1,1
India,Karnataka,Chikkaballapur,"Chikkaballapur Rural, Chikkaballapur - KSPCB","26-03-2025 17:00:00",13.428828,77.731418,OZONE,23,25,24
India,Karnataka,Davanagere,"Devaraj Urs Badavane, Davanagere - KSPCB","26-03-2025 17:00:00",14.475800,75.905200,NO2,8,17,12
India,Karnataka,Tumakuru,"Thimmalapura, Tumakuru - KSPCB","26-03-2025 17:00:00",13.377516,77.099072,NO2,18,19,18
India,Karnataka,Yadgir,"Collector Office, Yadgir - KSPCB","26-03-2025 17:00:00",16.7602,77.1428,NO2,22,38,28
India,Karnataka,Yadgir,"Collector Office, Yadgir - KSPCB","26-03-2025 17:00:00",16.7602,77.1428,CO,18,36,34
India,Kerala,Eloor,"Udyogamandal, Eloor - Kerala PCB","26-03-2025 17:00:00",10.073232,76.302765,NH3,1,1,1
India,Kerala,Kannur,"Thavakkara, Kannur - Kerala PCB","26-03-2025 17:00:00",11.875000,75.373200,PM2.5,NA,NA,NA
India,Karnataka,Bengaluru,"RVCE-Mailasandra, Bengaluru - KSPCB","26-03-2025 17:00:00",12.921418,77.502466,NH3,2,2,2
India,Karnataka,Bengaluru,"Silk Board, Bengaluru - KSPCB","26-03-2025 17:00:00",12.917348,77.622813,PM10,76,180,128
India,Karnataka,Bidar,"Naubad, Bidar - KSPCB","26-03-2025 17:00:00",17.930306,77.482194,PM10,NA,NA,NA
India,Kerala,Thiruvananthapuram,"Kariavattom, Thiruvananthapuram - Kerala PCB","26-03-2025 17:00:00",8.563700,76.886500,PM2.5,43,55,52
India,Kerala,Thiruvananthapuram,"Kariavattom, Thiruvananthapuram - Kerala PCB","26-03-2025 17:00:00",8.563700,76.886500,CO,18,36,25
India,Kerala,Thiruvananthapuram,"Plammoodu, Thiruvananthapuram - Kerala PCB","26-03-2025 17:00:00",8.5149093,76.9435879,CO,12,28,14
India,"Madhya Pradesh",Indore,"Vijay Nagar Scheme-78, Indore - Glenmark","26-03-2025 17:00:00",22.76726,75.88710,NO2,27,28,28
India,"Madhya Pradesh",Jabalpur,"Govindh Bhavan Colony, Jabalpur - JMC","26-03-2025 17:00:00",23.163174,79.973061,PM2.5,18,58,33
India,"Madhya Pradesh",Jabalpur,"Govindh Bhavan Colony, Jabalpur - JMC","26-03-2025 17:00:00",23.163174,79.973061,PM10,36,82,52
India,"Madhya Pradesh",Jabalpur,"Govindh Bhavan Colony, Jabalpur - JMC","26-03-2025 17:00:00",23.163174,79.973061,NO2,32,58,45
India,"Madhya Pradesh",Jabalpur,"Govindh Bhavan Colony, Jabalpur - JMC","26-03-2025 17:00:00",23.163174,79.973061,NH3,1,2,2
India,"Madhya Pradesh",Jabalpur,"Gupteshwar, Jabalpur - JMC","26-03-2025 17:00:00",23.142888,79.916147,SO2,10,14,13
India,"Madhya Pradesh",Jabalpur,"Gupteshwar, Jabalpur - JMC","26-03-2025 17:00:00",23.142888,79.916147,CO,24,116,40
India,"Madhya Pradesh",Jabalpur,"Marhatal, Jabalpur - MPPCB","26-03-2025 17:00:00",23.168606,79.932247,SO2,16,32,22
India,"Madhya Pradesh",Jabalpur,"Suhagi, Jabalpur - JMC","26-03-2025 17:00:00",23.218135,79.957770,PM2.5,17,75,39
India,"Madhya Pradesh",Jabalpur,"Suhagi, Jabalpur - JMC","26-03-2025 17:00:00",23.218135,79.957770,CO,34,115,41
India,"Madhya Pradesh",Katni,"Gole Bazar, Katni - MPPCB","26-03-2025 17:00:00",23.50016,80.23284,OZONE,5,118,100
India,"Madhya Pradesh",Maihar,"Sahilara, Maihar - KJS Cements","26-03-2025 17:00:00",24.2613009,80.7231783,PM10,12,80,39
India,"Madhya Pradesh",Mandideep,"Sector-D Industrial Area, Mandideep - MPPCB","26-03-2025 17:00:00",23.108440,77.511428,PM2.5,22,500,157
India,"Madhya Pradesh",Mandideep,"Sector-D Industrial Area, Mandideep - MPPCB","26-03-2025 17:00:00",23.108440,77.511428,SO2,8,109,49
India,"Madhya Pradesh",Ratlam,"Shasthri Nagar, Ratlam - IPCA Lab","26-03-2025 17:00:00",23.331731,75.045981,PM10,73,197,126
India,Maharashtra,Chandrapur,"MIDC Khutala, Chandrapur - MPCB","26-03-2025 17:00:00",19.9775302,79.2337086,PM10,92,222,148
India,Maharashtra,Chandrapur,"MIDC Khutala, Chandrapur - MPCB","26-03-2025 17:00:00",19.9775302,79.2337086,NO2,30,35,33
India,Maharashtra,Chandrapur,"MIDC Khutala, Chandrapur - MPCB","26-03-2025 17:00:00",19.9775302,79.2337086,SO2,1,68,25
India,Maharashtra,Chandrapur,"MIDC Khutala, Chandrapur - MPCB","26-03-2025 17:00:00",19.9775302,79.2337086,OZONE,1,191,187
India,Maharashtra,Jalgaon,"Prabhat Colony, Jalgaon - MPCB","26-03-2025 17:00:00",21.001264,75.565602,PM2.5,65,208,122
India,Maharashtra,Jalgaon,"Prabhat Colony, Jalgaon - MPCB","26-03-2025 17:00:00",21.001264,75.565602,NO2,12,133,52
India,Maharashtra,Jalna,"Old MIDC, Jalna - MPCB","26-03-2025 17:00:00",19.854616,75.905894,PM10,56,147,86
India,Maharashtra,Malegaon,"Mahesh Nagar, Malegaon - MPCB","26-03-2025 17:00:00",20.555712,74.529236,CO,8,54,26
India,Maharashtra,Mira-Bhayandar,"Bhayandar West, Mira-Bhayandar - MPCB","26-03-2025 17:00:00",19.296481,72.840923,PM10,42,90,63
India,Maharashtra,Mira-Bhayandar,"Bhayandar West, Mira-Bhayandar - MPCB","26-03-2025 17:00:00",19.296481,72.840923,CO,4,44,9
India,Maharashtra,Mumbai,"Bandra Kurla Complex, Mumbai - MPCB","26-03-2025 17:00:00",19.065931,72.862131,PM2.5,57,134,81
India,Maharashtra,Mumbai,"Bandra Kurla Complex, Mumbai - MPCB","26-03-2025 17:00:00",19.065931,72.862131,PM10,90,133,106
India,Maharashtra,Mumbai,"Borivali East, Mumbai - IITM","26-03-2025 17:00:00",19.23241,72.86895,PM2.5,51,135,78
India,Maharashtra,Amravati,"Shivneri Colony, Amravati - MPCB","26-03-2025 17:00:00",20.9402359,77.7895248,PM10,63,114,91
India,Maharashtra,Amravati,"Shri Shivaji Science College, Amaravati - MPCB","26-03-2025 17:00:00",20.939198,77.765701,NH3,1,12,4
India,Maharashtra,Aurangabad,"More Chowk Waluj, Aurangabad - MPCB","26-03-2025 17:00:00",19.8389439,75.244448,PM10,38,76,52
India,Maharashtra,Aurangabad,"More Chowk Waluj, Aurangabad - MPCB","26-03-2025 17:00:00",19.8389439,75.244448,SO2,25,43,32
India,Maharashtra,Aurangabad,"Rachnakar Colony, Aurangabad - MPCB","26-03-2025 17:00:00",19.863756,75.321188,NO2,18,170,82
India,"Madhya Pradesh",Sagar,"Civil Lines, Sagar - MPPCB","26-03-2025 17:00:00",23.838586,78.759431,OZONE,46,83,72
India,"Madhya Pradesh",Sagar,"Deen Dayal Nagar, Sagar - MPPCB","26-03-2025 17:00:00",23.8640158,78.80289321,CO,57,76,60
India,"Madhya Pradesh",Satna,"Bandhavgar Colony, Satna - Birla Cement","26-03-2025 17:00:00",24.58434363,80.8549414,CO,12,44,17
India,"Madhya Pradesh",Singrauli,"Suryakiran Bhawan NCL, Singrauli - MPPCB","26-03-2025 17:00:00",24.108970,82.645580,PM2.5,33,274,114
India,"Madhya Pradesh",Ujjain,"Mahakaleshwar Temple, Ujjain - MPPCB","26-03-2025 17:00:00","23.182719 ","75.768218 ",NH3,3,6,4
India,Maharashtra,Ahmednagar,"Tarakpur, Ahmednagar - MPCB","26-03-2025 17:00:00",19.10122,74.73339,PM10,48,150,83
India,Maharashtra,Ahmednagar,"Tarakpur, Ahmednagar - MPCB","26-03-2025 17:00:00",19.10122,74.73339,SO2,5,17,10
India,Maharashtra,Ahmednagar,"Tarakpur, Ahmednagar - MPCB","26-03-2025 17:00:00",19.10122,74.73339,CO,30,112,49
India,Maharashtra,Akola,"Ramdaspeth, Akola - MPCB","26-03-2025 17:00:00",20.719516,77.000253,SO2,4,13,8
India,Maharashtra,Kalyan,"Pimpleshwar Mandir, Kalyan - MPCB","26-03-2025 17:00:00",19.192056,72.9585188,PM2.5,3,54,31
India,Maharashtra,Kalyan,"Pimpleshwar Mandir, Kalyan - MPCB","26-03-2025 17:00:00",19.192056,72.9585188,NH3,1,1,1
India,Maharashtra,Kolhapur,"Shivaji University, Kolhapur - MPCB","26-03-2025 17:00:00",16.6870449,74.2505872,OZONE,5,78,52
India,Maharashtra,Badlapur,"Katrap, Badlapur - MPCB","26-03-2025 17:00:00",19.16485,73.23409,PM2.5,40,86,66
India,Maharashtra,Badlapur,"Katrap, Badlapur - MPCB","26-03-2025 17:00:00",19.16485,73.23409,CO,6,43,15
India,Maharashtra,Bhiwandi,"Gokul Nagar, Bhiwandi - MPCB","26-03-2025 17:00:00",19.309073,73.057223,SO2,7,17,13
India,Maharashtra,Nashik,"Hirawadi, Nashik - MPCB","26-03-2025 17:00:00",20.021503,73.813844,SO2,4,27,17
India,Maharashtra,Nashik,"MIDC Ambad, Nashik - MPCB","26-03-2025 17:00:00",19.950220,73.731480,PM10,97,154,124
India,Maharashtra,Nashik,"MIDC Ambad, Nashik - MPCB","26-03-2025 17:00:00",19.950220,73.731480,NH3,3,7,5
India,Maharashtra,Nashik,"MIDC Ambad, Nashik - MPCB","26-03-2025 17:00:00",19.950220,73.731480,OZONE,17,109,74
India,Maharashtra,Nashik,"Pandav Nagari, Nashik - MPCB","26-03-2025 17:00:00",19.9591346,73.7788008,PM2.5,72,190,146
India,Maharashtra,"Navi Mumbai","Kopripada-Vashi, Navi Mumbai - MPCB","26-03-2025 17:00:00",19.090337,73.014232,PM2.5,28,53,37
India,Maharashtra,"Navi Mumbai","Kopripada-Vashi, Navi Mumbai - MPCB","26-03-2025 17:00:00",19.090337,73.014232,SO2,NA,NA,NA
India,Maharashtra,"Navi Mumbai","Sanpada, Navi Mumbai - MPCB","26-03-2025 17:00:00",19.0575752,73.0151367,NO2,29,76,48
India,Maharashtra,"Navi Mumbai","Sanpada, Navi Mumbai - MPCB","26-03-2025 17:00:00",19.0575752,73.0151367,NH3,7,10,9
India,Maharashtra,Mumbai,"Navy Nagar-Colaba, Mumbai - IITM","26-03-2025 17:00:00",18.897756,72.813320,PM2.5,16,57,34
India,Maharashtra,Mumbai,"Navy Nagar-Colaba, Mumbai - IITM","26-03-2025 17:00:00",18.897756,72.813320,PM10,48,79,61
India,Maharashtra,Mumbai,"Powai, Mumbai - MPCB","26-03-2025 17:00:00",19.137500,72.915056,PM2.5,20,33,28
India,Maharashtra,Mumbai,"Powai, Mumbai - MPCB","26-03-2025 17:00:00",19.137500,72.915056,NO2,9,12,10
India,Maharashtra,Mumbai,"Powai, Mumbai - MPCB","26-03-2025 17:00:00",19.137500,72.915056,NH3,2,2,2
India,Maharashtra,Mumbai,"Sewri, Mumbai - BMC","26-03-2025 17:00:00",19.000084,72.856730,NH3,1,4,2
India,Maharashtra,Mumbai,"Sewri, Mumbai - BMC","26-03-2025 17:00:00",19.000084,72.856730,SO2,NA,NA,NA
India,Maharashtra,Mumbai,"Sewri, Mumbai - BMC","26-03-2025 17:00:00",19.000084,72.856730,OZONE,12,51,32
India,Maharashtra,Mumbai,"Shivaji Nagar, Mumbai - BMC","26-03-2025 17:00:00",19.060498,72.923356,PM10,78,116,97
India,Maharashtra,Mumbai,"Borivali East, Mumbai - MPCB","26-03-2025 17:00:00",19.2243333,72.8658113,PM10,42,80,59
India,Maharashtra,Mumbai,"Borivali East, Mumbai - MPCB","26-03-2025 17:00:00",19.2243333,72.8658113,NH3,1,7,4
India,Maharashtra,Mumbai,"Borivali East, Mumbai - MPCB","26-03-2025 17:00:00",19.2243333,72.8658113,CO,6,28,11
India,Maharashtra,Mumbai,"Byculla, Mumbai - BMC","26-03-2025 17:00:00",18.9767,72.8380,CO,1,20,8
India,Maharashtra,Mumbai,"Chakala-Andheri East, Mumbai - IITM","26-03-2025 17:00:00",19.11074,72.86084,PM2.5,37,78,59
India,Maharashtra,Mumbai,"Chembur, Mumbai - MPCB","26-03-2025 17:00:00",19.0364585,72.8954371,NO2,19,49,32
India,Maharashtra,Nagpur,"Mahal, Nagpur - MPCB","26-03-2025 17:00:00",21.14472,79.107595,NH3,3,13,6
India,Maharashtra,Nagpur,"Ram Nagar, Nagpur - MPCB","26-03-2025 17:00:00",21.143383,79.048912,NH3,3,11,5
India,Maharashtra,Nagpur,"Ram Nagar, Nagpur - MPCB","26-03-2025 17:00:00",21.143383,79.048912,SO2,16,105,40
India,Maharashtra,Nanded,"Sneh Nagar, Nanded - MPCB","26-03-2025 17:00:00",19.173852,77.296291,NO2,10,88,36
India,Maharashtra,Nashik,"Gangapur Road, Nashik - MPCB","26-03-2025 17:00:00",20.0073285,73.7762427,NO2,8,30,21
India,Maharashtra,Nashik,"Gangapur Road, Nashik - MPCB","26-03-2025 17:00:00",20.0073285,73.7762427,SO2,4,13,7
India,Maharashtra,Mumbai,"Kandivali East, Mumbai - MPCB","26-03-2025 17:00:00",19.205800,72.868200,SO2,NA,NA,NA
India,Maharashtra,Mumbai,"Kandivali West, Mumbai - BMC","26-03-2025 17:00:00",19.215859,72.831718,PM10,30,58,41
India,Maharashtra,Mumbai,"Kandivali West, Mumbai - BMC","26-03-2025 17:00:00",19.215859,72.831718,NO2,8,62,17
India,Maharashtra,Mumbai,"Kandivali West, Mumbai - BMC","26-03-2025 17:00:00",19.215859,72.831718,OZONE,3,52,26
India,Maharashtra,Mumbai,"Kherwadi_Bandra East, Mumbai - MPCB","26-03-2025 17:00:00",19.0632143,72.8456324,PM2.5,36,84,53
India,Maharashtra,Mumbai,"Kherwadi_Bandra East, Mumbai - MPCB","26-03-2025 17:00:00",19.0632143,72.8456324,CO,2,20,5
India,Maharashtra,Mumbai,"Shivaji Nagar, Mumbai - BMC","26-03-2025 17:00:00",19.060498,72.923356,CO,5,34,7
India,Maharashtra,Mumbai,"Shivaji Nagar, Mumbai - BMC","26-03-2025 17:00:00",19.060498,72.923356,OZONE,1,56,26
India,Maharashtra,Mumbai,"Sion, Mumbai - MPCB","26-03-2025 17:00:00",19.047000,72.874600,NO2,105,125,113
India,Maharashtra,Mumbai,"Vasai West, Mumbai - MPCB","26-03-2025 17:00:00",19.383200,72.820400,PM2.5,12,47,32
India,Maharashtra,Mumbai,"Vasai West, Mumbai - MPCB","26-03-2025 17:00:00",19.383200,72.820400,SO2,28,29,28
India,Maharashtra,Mumbai,"Chhatrapati Shivaji Intl. Airport (T2), Mumbai - MPCB","26-03-2025 17:00:00",19.10078,72.87462,SO2,17,23,20
India,Maharashtra,Mumbai,"Chhatrapati Shivaji Intl. Airport (T2), Mumbai - MPCB","26-03-2025 17:00:00",19.10078,72.87462,OZONE,7,8,7
India,Maharashtra,Mumbai,"Ghatkopar, Mumbai - BMC","26-03-2025 17:00:00",19.083694,72.920967,NO2,20,49,30
India,Maharashtra,Mumbai,"Kurla, Mumbai - MPCB","26-03-2025 17:00:00",19.0863,72.8888,PM2.5,44,62,49
India,Maharashtra,Mumbai,"Malad West, Mumbai - IITM","26-03-2025 17:00:00",19.19709,72.82204,PM10,NA,NA,NA
India,Maharashtra,Mumbai,"Mazgaon, Mumbai - IITM","26-03-2025 17:00:00",18.96702,72.84214,PM10,44,76,55
India,Maharashtra,Mumbai,"Vile Parle West, Mumbai - MPCB","26-03-2025 17:00:00",19.10861,72.83622,CO,65,69,67
India,Maharashtra,Mumbai,"Worli, Mumbai - MPCB","26-03-2025 17:00:00",18.9936162,72.8128113,NH3,5,5,5
India,Maharashtra,"Navi Mumbai","Sector-2E Kalamboli, Navi Mumbai - MPCB","26-03-2025 17:00:00",19.02579,73.10297,PM10,39,87,58
India,Maharashtra,"Navi Mumbai","Tondare-Taloja, Navi Mumbai - MPCB","26-03-2025 17:00:00",19.0630,73.1209,SO2,1,2,1
India,Maharashtra,Pimpri-Chinchwad,"Gavalinagar, Pimpri Chinchwad - MPCB","26-03-2025 17:00:00",18.63673,73.82487,NO2,27,97,46
India,Maharashtra,Pimpri-Chinchwad,"Gavalinagar, Pimpri Chinchwad - MPCB","26-03-2025 17:00:00",18.63673,73.82487,CO,20,52,26
India,Maharashtra,Pimpri-Chinchwad,"Park Street Wakad, Pimpri Chinchwad - MPCB","26-03-2025 17:00:00",18.59051,73.77946,PM2.5,33,73,47
India,Maharashtra,Pimpri-Chinchwad,"Park Street Wakad, Pimpri Chinchwad - MPCB","26-03-2025 17:00:00",18.59051,73.77946,NH3,2,13,4
India,Maharashtra,Pimpri-Chinchwad,"Park Street Wakad, Pimpri Chinchwad - MPCB","26-03-2025 17:00:00",18.59051,73.77946,SO2,7,25,15
India,Maharashtra,Ulhasnagar,"Sidhi Vinayak Nagar, Ulhasnagar - MPCB","26-03-2025 17:00:00",19.235581,73.159121,CO,6,44,18
India,Maharashtra,Ulhasnagar,"Sidhi Vinayak Nagar, Ulhasnagar - MPCB","26-03-2025 17:00:00",19.235581,73.159121,OZONE,1,77,46
India,Meghalaya,Shillong,"JN Stadium, Shillong - Meghalaya PCB","26-03-2025 17:00:00",25.5803419,91.8942571,PM2.5,161,371,268
India,Meghalaya,Shillong,"JN Stadium, Shillong - Meghalaya PCB","26-03-2025 17:00:00",25.5803419,91.8942571,NO2,15,91,52
India,Meghalaya,Shillong,"Lumpyngngad, Shillong - Meghalaya PCB","26-03-2025 17:00:00",25.5586,91.8985,CO,15,39,23
India,Mizoram,Aizawl,"Sikulpuikawn, Aizawl - Mizoram PCB","26-03-2025 17:00:00",23.7176342,92.7192841,PM2.5,3,30,17
India,Odisha,Nayagarh,"Dabuna, Nayagarh - OSPCB","26-03-2025 17:00:00",21.847279,85.416905,SO2,8,13,10
India,Odisha,Rairangpur,"Divisional Forest Office, Rairangpur - OSPCB","26-03-2025 17:00:00",22.265816,86.174829,NO2,8,13,10
India,Odisha,Rairangpur,"Divisional Forest Office, Rairangpur - OSPCB","26-03-2025 17:00:00",22.265816,86.174829,OZONE,3,30,21
India,Odisha,Rourkela,"Fertilizer Township, Rourkela - OSPCB","26-03-2025 17:00:00",22.18972222,84.86277778,CO,1,50,24
India,Odisha,Rourkela,"Raghunathpali, Rourkela - OSPCB","26-03-2025 17:00:00",22.220833,84.809444,PM2.5,128,500,305
India,Odisha,Rourkela,"Raghunathpali, Rourkela - OSPCB","26-03-2025 17:00:00",22.220833,84.809444,PM10,62,436,191
India,Maharashtra,Pune,"Mhada Colony, Pune - IITM","26-03-2025 17:00:00",18.573040,73.927715,PM10,118,167,136
India,Maharashtra,Pune,"Revenue Colony-Shivajinagar, Pune - IITM","26-03-2025 17:00:00",18.530085,73.849598,NO2,NA,NA,NA
India,Maharashtra,Pune,"Revenue Colony-Shivajinagar, Pune - IITM","26-03-2025 17:00:00",18.530085,73.849598,SO2,5,43,18
India,Maharashtra,Pune,"Revenue Colony-Shivajinagar, Pune - IITM","26-03-2025 17:00:00",18.530085,73.849598,CO,NA,NA,NA
India,Maharashtra,Pune,"Savitribai Phule Pune University, Pune - MPCB","26-03-2025 17:00:00",18.547056,73.826908,OZONE,1,192,170
India,Maharashtra,Sangli,"Vijay Nagar, Sangli - MPCB","26-03-2025 17:00:00"," 16.5038",74.3623,PM2.5,NA,NA,NA
India,Maharashtra,Pimpri-Chinchwad,"Park Street Wakad, Pimpri Chinchwad - MPCB","26-03-2025 17:00:00",18.59051,73.77946,OZONE,12,86,67
India,Maharashtra,Pimpri-Chinchwad,"Thergaon, Pimpri Chinchwad - MPCB","26-03-2025 17:00:00",18.616318,73.765797,NO2,27,55,41
India,Maharashtra,Pimpri-Chinchwad,"Thergaon, Pimpri Chinchwad - MPCB","26-03-2025 17:00:00",18.616318,73.765797,SO2,3,27,8
India,Maharashtra,Pimpri-Chinchwad,"Thergaon, Pimpri Chinchwad - MPCB","26-03-2025 17:00:00",18.616318,73.765797,CO,2,59,25
India,Maharashtra,Pune,"Bhumkar Nagar, Pune - IITM","26-03-2025 17:00:00",18.605770,73.749976,PM2.5,39,273,91
India,Maharashtra,Pune,"Bhumkar Nagar, Pune - IITM","26-03-2025 17:00:00",18.605770,73.749976,CO,42,122,56
India,Nagaland,Kohima,"PWD Juction, Kohima - NPCB","26-03-2025 17:00:00",25.6635413,94.0989878,PM2.5,1,197,105
India,Nagaland,Kohima,"PWD Juction, Kohima - NPCB","26-03-2025 17:00:00",25.6635413,94.0989878,NH3,1,1,1
India,Nagaland,Kohima,"PWD Juction, Kohima - NPCB","26-03-2025 17:00:00",25.6635413,94.0989878,CO,2,28,14
India,Odisha,Angul,"Hakimapada, Angul - OSPCB","26-03-2025 17:00:00",20.832874,85.104082,CO,8,101,48
India,Odisha,Barbil,"Forest Office, Barbil - OSPCB","26-03-2025 17:00:00",22.1166054,85.3945546,PM2.5,32,329,120
India,Odisha,Barbil,"Forest Office, Barbil - OSPCB","26-03-2025 17:00:00",22.1166054,85.3945546,OZONE,3,19,13
India,Odisha,Suakati,"OMC Colony, Suakati - OSPCB","26-03-2025 17:00:00",21.606865,85.510538,NH3,4,4,4
India,Odisha,Suakati,"OMC Colony, Suakati - OSPCB","26-03-2025 17:00:00",21.606865,85.510538,SO2,8,110,40
India,Odisha,Suakati,"OMC Colony, Suakati - OSPCB","26-03-2025 17:00:00",21.606865,85.510538,CO,30,34,32
India,Puducherry,Puducherry,"Jawahar Nagar, Puducherry - PPCC","26-03-2025 17:00:00",11.9309,79.8027,PM2.5,36,230,78
India,Puducherry,Puducherry,"Jawahar Nagar, Puducherry - PPCC","26-03-2025 17:00:00",11.9309,79.8027,OZONE,8,60,49
India,Maharashtra,Sangli,"Vijay Nagar, Sangli - MPCB","26-03-2025 17:00:00"," 16.5038",74.3623,NO2,NA,NA,NA
India,Maharashtra,Solapur,"Ratandeep Housing Society, Solapur - MPCB","26-03-2025 17:00:00",17.65439,75.90649,PM2.5,65,303,138
India,Maharashtra,Solapur,"Ratandeep Housing Society, Solapur - MPCB","26-03-2025 17:00:00",17.65439,75.90649,SO2,NA,NA,NA
India,Maharashtra,Thane,"Kasarvadavali, Thane - MPCB","26-03-2025 17:00:00",19.26777,72.97182,PM2.5,47,83,66
India,Odisha,Bhubaneswar,"Patia, Bhubaneswar - OSPCB","26-03-2025 17:00:00",20.34652,85.81630,NO2,14,36,21
India,Odisha,Bileipada,"Tata Township, Bileipada - OSPCB","26-03-2025 17:00:00",22.06156703,85.47409613,PM2.5,45,99,65
India,Odisha,Byasanagar,"Ferro Chrome Colony, Byasanagar - OSPCB","26-03-2025 17:00:00",20.94185,86.11510,PM10,43,123,84
India,Rajasthan,Baran,"Bamboliya, Baran - RSPCB","26-03-2025 17:00:00",25.106006,76.469948,NO2,10,123,49
India,Rajasthan,Barmer,"Railway Colony, Barmer - RSPCB","26-03-2025 17:00:00",25.747299,71.393989,OZONE,54,112,69
India,Rajasthan,Bharatpur,"Krishna Nagar, Bharatpur - RSPCB","26-03-2025 17:00:00",27.215415,77.50873,PM2.5,25,321,113
India,Rajasthan,Bharatpur,"Krishna Nagar, Bharatpur - RSPCB","26-03-2025 17:00:00",27.215415,77.50873,NO2,22,76,49
India,Rajasthan,Bhilwara,"Pratap Nagar, Bhilwara - RSPCB","26-03-2025 17:00:00",25.339605,74.618883,PM2.5,34,261,100
India,Rajasthan,Bhiwadi,"RIICO Ind. Area III, Bhiwadi - RSPCB","26-03-2025 17:00:00",28.194909,76.862296,SO2,4,32,19
India,Rajasthan,Bhiwadi,"Vasundhara Nagar_UIT, Bhiwadi - RSPCB","26-03-2025 17:00:00",28.207266,76.829265,PM10,52,499,233
India,Punjab,Jalandhar,"Civil Line, Jalandhar - PPCB","26-03-2025 17:00:00",31.321907,75.578914,CO,34,42,39
India,Punjab,Khanna,"Kalal Majra, Khanna - PPCB","26-03-2025 17:00:00","30.736056 ",76.209694,PM10,55,116,90
India,Punjab,Khanna,"Kalal Majra, Khanna - PPCB","26-03-2025 17:00:00","30.736056 ",76.209694,NH3,7,7,7
India,Punjab,Ludhiana,"Punjab Agricultural University, Ludhiana - PPCB","26-03-2025 17:00:00",30.9028,75.8086,CO,24,80,47
India,Punjab,"Mandi Gobindgarh","RIMT University, Mandi Gobindgarh - PPCB","26-03-2025 17:00:00",30.649961,76.331442,NO2,25,32,27
India,Punjab,Patiala,"Model Town, Patiala - PPCB","26-03-2025 17:00:00",30.349388,76.366642,PM2.5,NA,NA,NA
India,Rajasthan,Jaipur,"Adarsh Nagar, Jaipur - RSPCB","26-03-2025 17:00:00",26.902909,75.836858,NH3,5,32,15
India,Rajasthan,Jaipur,"Adarsh Nagar, Jaipur - RSPCB","26-03-2025 17:00:00",26.902909,75.836858,SO2,7,70,24
India,Rajasthan,Jaipur,"Mansarovar Sector-12, Jaipur - RSPCB","26-03-2025 17:00:00",26.843698,75.766894,CO,18,120,29
India,Rajasthan,Jaipur,"RIICO Sitapura, Jaipur - RSPCB","26-03-2025 17:00:00",26.786682,75.827928,NO2,23,177,87
India,Rajasthan,Jaipur,"RIICO Sitapura, Jaipur - RSPCB","26-03-2025 17:00:00",26.786682,75.827928,CO,17,129,31
India,Rajasthan,Jaipur,"Sector-2 Murlipura, Jaipur - RSPCB","26-03-2025 17:00:00",26.960669,75.771817,PM2.5,17,203,85
India,Rajasthan,Jaipur,"Sector-2 Murlipura, Jaipur - RSPCB","26-03-2025 17:00:00",26.960669,75.771817,NO2,31,168,85
India,Rajasthan,Jaipur,"Sector-2 Murlipura, Jaipur - RSPCB","26-03-2025 17:00:00",26.960669,75.771817,NH3,3,13,6
India,Punjab,Patiala,"Model Town, Patiala - PPCB","26-03-2025 17:00:00",30.349388,76.366642,PM10,NA,NA,NA
India,Punjab,Rupnagar,"Ratanpura, Rupnagar - Ambuja Cements","26-03-2025 17:00:00",31.0325454,76.5623046,PM2.5,31,220,141
India,Punjab,Rupnagar,"Ratanpura, Rupnagar - Ambuja Cements","26-03-2025 17:00:00",31.0325454,76.5623046,SO2,6,8,7
India,Rajasthan,Ajmer,"Civil Lines,  Ajmer - RSPCB","26-03-2025 17:00:00",26.470859,74.646594,NO2,43,58,54
India,Rajasthan,Alwar,"Moti Doongri, Alwar - RSPCB","26-03-2025 17:00:00",27.554793,76.611536,PM10,37,88,67
India,Rajasthan,Alwar,"Moti Doongri, Alwar - RSPCB","26-03-2025 17:00:00",27.554793,76.611536,NO2,49,93,75
India,Rajasthan,Dholpur,"Raja Ganj, Dholpur - RSPCB","26-03-2025 17:00:00",26.699557,77.898881,CO,20,111,32
India,Rajasthan,Dungarpur,"Bhoiwada, Dungarpur - RSPCB","26-03-2025 17:00:00",23.837789,73.714926,PM2.5,16,116,55
India,Rajasthan,Dungarpur,"Bhoiwada, Dungarpur - RSPCB","26-03-2025 17:00:00",23.837789,73.714926,NO2,6,44,15
India,Rajasthan,Dungarpur,"Bhoiwada, Dungarpur - RSPCB","26-03-2025 17:00:00",23.837789,73.714926,CO,17,42,24
India,Rajasthan,Hanumangarh,"Housing Board, Hanumangarh - RSPCB","26-03-2025 17:00:00",29.610750,74.283608,PM2.5,30,220,123
India,Rajasthan,Hanumangarh,"Housing Board, Hanumangarh - RSPCB","26-03-2025 17:00:00",29.610750,74.283608,NO2,9,30,18
India,Rajasthan,Hanumangarh,"Housing Board, Hanumangarh - RSPCB","26-03-2025 17:00:00",29.610750,74.283608,CO,34,86,74
India,Rajasthan,Jaisalmer,"Sadar Bazar, Jaisalmer - RSPCB","26-03-2025 17:00:00",26.912329,70.909168,CO,2,16,13
India,Rajasthan,Jalore,"Mudtra Sili, Jalore - RSPCB","26-03-2025 17:00:00",25.344694,72.626208,PM10,57,142,82
India,Rajasthan,Jalore,"Mudtra Sili, Jalore - RSPCB","26-03-2025 17:00:00",25.344694,72.626208,SO2,7,16,11
India,Rajasthan,Jhalawar,"Rajlaxmi Nagar, Jhalawar - RSPCB","26-03-2025 17:00:00",24.588397,76.172782,PM10,58,175,94
India,Rajasthan,Jhalawar,"Rajlaxmi Nagar, Jhalawar - RSPCB","26-03-2025 17:00:00",24.588397,76.172782,NO2,16,100,39
India,Rajasthan,Jhunjhunu,"Indra Nagar, Jhunjhunu - RSPCB","26-03-2025 17:00:00",28.108988,75.386577,CO,15,101,31
India,Rajasthan,Jodhpur,"Digari Kalan, Jodhpur - RSPCB","26-03-2025 17:00:00",26.295810,73.082283,PM2.5,36,303,97
India,Rajasthan,Jodhpur,"Digari Kalan, Jodhpur - RSPCB","26-03-2025 17:00:00",26.295810,73.082283,OZONE,1,69,54
India,Rajasthan,Jodhpur,"Mandor, Jodhpur - RSPCB","26-03-2025 17:00:00",26.358805,73.047444,SO2,6,19,11
India,Rajasthan,Jodhpur,"Mandor, Jodhpur - RSPCB","26-03-2025 17:00:00",26.358805,73.047444,CO,20,44,28
India,Rajasthan,Bikaner,"MM Ground, Bikaner - RSPCB","26-03-2025 17:00:00",28.018792,73.292658,PM10,68,434,158
India,Rajasthan,Bikaner,"MM Ground, Bikaner - RSPCB","26-03-2025 17:00:00",28.018792,73.292658,NH3,5,9,7
India,Rajasthan,Bundi,"New Colony, Bundi - RSPCB","26-03-2025 17:00:00",25.435774,75.644272,NH3,10,17,13
India,Rajasthan,Bundi,"New Colony, Bundi - RSPCB","26-03-2025 17:00:00",25.435774,75.644272,CO,28,108,31
India,Rajasthan,Bundi,"New Colony, Bundi - RSPCB","26-03-2025 17:00:00",25.435774,75.644272,OZONE,1,156,156
India,Rajasthan,Jaipur,"Sector-2 Murlipura, Jaipur - RSPCB","26-03-2025 17:00:00",26.960669,75.771817,SO2,2,77,18
India,Rajasthan,Jaipur,"Shastri Nagar, Jaipur - RSPCB","26-03-2025 17:00:00",26.9502929,75.730943,PM10,49,212,132
India,Rajasthan,Nagaur,"Karni Colony, Nagaur - RSPCB","26-03-2025 17:00:00",27.213494,73.734444,PM2.5,34,144,72
India,Rajasthan,Nagaur,"Karni Colony, Nagaur - RSPCB","26-03-2025 17:00:00",27.213494,73.734444,NH3,5,8,7
India,Rajasthan,Nagaur,"Karni Colony, Nagaur - RSPCB","26-03-2025 17:00:00",27.213494,73.734444,SO2,9,65,22
India,Rajasthan,Nagaur,"Karni Colony, Nagaur - RSPCB","26-03-2025 17:00:00",27.213494,73.734444,CO,20,80,30
India,Rajasthan,Pratapgarh,"Pragati Nagar, Pratapgarh - RSPCB","26-03-2025 17:00:00",24.041198,74.780702,CO,14,44,19
India,Rajasthan,Rajsamand,"Dhoinda, Rajsamand - RSPCB","26-03-2025 17:00:00",25.036360,73.883502,PM2.5,17,198,69
India,Rajasthan,"Sawai Madhopur","Sahu Nagar, Sawai Madhopur - RSPCB","26-03-2025 17:00:00",26.031443,76.359327,NH3,12,22,15
India,TamilNadu,Coimbatore,"SIDCO Kurichi, Coimbatore - TNPCB","26-03-2025 17:00:00",10.942451,76.978996,CO,23,36,28
India,TamilNadu,Cuddalore,"Kudikadu, Cuddalore - TNPCB","26-03-2025 17:00:00",11.6829898,79.7532099,PM2.5,NA,NA,NA
India,TamilNadu,Cuddalore,"Kudikadu, Cuddalore - TNPCB","26-03-2025 17:00:00",11.6829898,79.7532099,NO2,NA,NA,NA
India,TamilNadu,Cuddalore,"Semmandalam, Cuddalore - TNPCB","26-03-2025 17:00:00",11.7637683,79.7499835,PM10,31,85,53
India,TamilNadu,Hosur,"SIPCOT Phase-1, Hosur - TNPCB","26-03-2025 17:00:00",12.746998,77.813811,PM10,66,98,87
India,TamilNadu,Hosur,"SIPCOT Phase-1, Hosur - TNPCB","26-03-2025 17:00:00",12.746998,77.813811,NH3,1,1,1
India,TamilNadu,Hosur,"SIPCOT Phase-1, Hosur - TNPCB","26-03-2025 17:00:00",12.746998,77.813811,SO2,52,55,54
India,Rajasthan,Udaipur,"Ashok Nagar, Udaipur - RSPCB","26-03-2025 17:00:00",24.5886166,73.6321397,PM10,67,178,105
India,Rajasthan,Udaipur,"Ashok Nagar, Udaipur - RSPCB","26-03-2025 17:00:00",24.5886166,73.6321397,NH3,5,6,6
India,Rajasthan,Udaipur,"Ashok Nagar, Udaipur - RSPCB","26-03-2025 17:00:00",24.5886166,73.6321397,SO2,2,19,10
India,Rajasthan,Udaipur,"Ashok Nagar, Udaipur - RSPCB","26-03-2025 17:00:00",24.5886166,73.6321397,CO,5,104,75
India,Sikkim,Gangtok,"Zero Point GICI, Gangtok - SSPCB","26-03-2025 17:00:00",27.338530,88.614099,CO,13,34,17
India,TamilNadu,Ariyalur,"Keelapalur, Ariyalur - TNPCB","26-03-2025 17:00:00",11.06825,79.07033,OZONE,18,20,19
India,Rajasthan,Sikar,"Radhakishan Pura, Sikar - RSPCB","26-03-2025 17:00:00",27.608912,75.153302,NH3,5,13,8
India,Rajasthan,Sikar,"Radhakishan Pura, Sikar - RSPCB","26-03-2025 17:00:00",27.608912,75.153302,SO2,7,12,9
India,Rajasthan,Sirohi,"Vedhaynath Colony, Sirohi - RSPCB","26-03-2025 17:00:00",24.885261,72.857549,NO2,9,53,19
India,Rajasthan,Sirohi,"Vedhaynath Colony, Sirohi - RSPCB","26-03-2025 17:00:00",24.885261,72.857549,OZONE,33,68,51
India,Rajasthan,"Sri Ganganagar","Old City, Sri Ganganagar - RSPCB","26-03-2025 17:00:00",29.931624,73.864511,NH3,5,8,6
India,Rajasthan,Tonk,"Shastri Nagar, Tonk - RSPCB","26-03-2025 17:00:00",26.159933,75.780517,NO2,13,100,32
India,TamilNadu,Chennai,"Alandur Bus Depot, Chennai - CPCB","26-03-2025 17:00:00",12.9099161,80.1076538,PM2.5,14,21,17
India,TamilNadu,Chennai,"Alandur Bus Depot, Chennai - CPCB","26-03-2025 17:00:00",12.9099161,80.1076538,PM10,17,27,22
India,TamilNadu,Chennai,"Kodungaiyur, Chennai - TNPCB","26-03-2025 17:00:00",13.1278,80.2642,NO2,12,25,17
India,TamilNadu,Chennai,"Kodungaiyur, Chennai - TNPCB","26-03-2025 17:00:00",13.1278,80.2642,NH3,5,10,7
India,TamilNadu,Chennai,"Kodungaiyur, Chennai - TNPCB","26-03-2025 17:00:00",13.1278,80.2642,OZONE,9,45,30
India,TamilNadu,Chennai,"Manali Village, Chennai - TNPCB","26-03-2025 17:00:00",13.1662,80.2584,SO2,17,21,19
India,TamilNadu,Chennai,"Manali Village, Chennai - TNPCB","26-03-2025 17:00:00",13.1662,80.2584,OZONE,31,40,35
India,Rajasthan,Jodhpur,"Samrat Ashok Udhyan, Jodhpur - RSPCB","26-03-2025 17:00:00",26.253384,72.976571,PM10,50,181,87
India,Rajasthan,Karauli,"Satyawati Vihar, Karauli - RSPCB","26-03-2025 17:00:00",26.506177,77.025989,PM10,60,205,108
India,Rajasthan,Kota,"Dhanmandi, Kota - RSPCB","26-03-2025 17:00:00",25.164090,75.858137,NH3,5,7,6
India,Rajasthan,Kota,"Nayapura, Kota - RSPCB","26-03-2025 17:00:00",25.196024,75.855668,OZONE,4,91,69
India,Rajasthan,Kota,"Shrinath Puram, Kota - RSPCB","26-03-2025 17:00:00",25.14389,75.821256,OZONE,9,50,40
India,TamilNadu,Karur,"Kamadenu Nagar, Karur - TNPCB","26-03-2025 17:00:00",10.967820,78.080882,PM10,20,55,34
India,TamilNadu,Madurai,"Uchapatti, Madurai - TNPCB","26-03-2025 17:00:00",9.865935,78.022669,NH3,3,3,3
India,TamilNadu,Nagapattinam,"Velippalayam, Nagapattinam - TNPCB","26-03-2025 17:00:00",10.798548,79.838212,PM10,32,111,47
India,TamilNadu,Namakkal,"Ponnusamy Nagar, Namakkal - TNPCB","26-03-2025 17:00:00",11.273992,78.163545,NH3,2,2,2
India,TamilNadu,Chennai,"Royapuram, Chennai - TNPCB","26-03-2025 17:00:00",13.1036,80.2909,PM2.5,39,144,62
India,TamilNadu,Chennai,"Royapuram, Chennai - TNPCB","26-03-2025 17:00:00",13.1036,80.2909,NO2,10,57,30
India,TamilNadu,Chennai,"Royapuram, Chennai - TNPCB","26-03-2025 17:00:00",13.1036,80.2909,CO,9,59,25
India,TamilNadu,Coimbatore,"PSG College of Arts and Science, Coimbatore - TNPCB","26-03-2025 17:00:00",11.0328,77.0349,NO2,9,11,10
India,TamilNadu,Chennai,"Manali, Chennai - CPCB","26-03-2025 17:00:00",13.164544,80.26285,PM10,15,92,70
India,TamilNadu,Chennai,"Manali, Chennai - CPCB","26-03-2025 17:00:00",13.164544,80.26285,NH3,6,7,6
India,TamilNadu,Chennai,"Manali, Chennai - CPCB","26-03-2025 17:00:00",13.164544,80.26285,SO2,12,18,14
India,TamilNadu,Namakkal,"Ponnusamy Nagar, Namakkal - TNPCB","26-03-2025 17:00:00",11.273992,78.163545,CO,7,8,8
India,TamilNadu,Ooty,"Bombay Castel, Ooty - TNPCB","26-03-2025 17:00:00",11.4068288,76.7138973,PM10,70,436,154
India,TamilNadu,Ooty,"Bombay Castel, Ooty - TNPCB","26-03-2025 17:00:00",11.4068288,76.7138973,NH3,12,17,16
India,TamilNadu,Ooty,"Bombay Castel, Ooty - TNPCB","26-03-2025 17:00:00",11.4068288,76.7138973,SO2,22,23,22
India,TamilNadu,Palkalaiperur,"Bharathidasan University, Palkalaiperur - TNPCB","26-03-2025 17:00:00",10.681158,78.741746,PM10,32,60,46
India,TamilNadu,Palkalaiperur,"Bharathidasan University, Palkalaiperur - TNPCB","26-03-2025 17:00:00",10.681158,78.741746,NO2,10,10,10
India,TamilNadu,Palkalaiperur,"Bharathidasan University, Palkalaiperur - TNPCB","26-03-2025 17:00:00",10.681158,78.741746,NH3,3,3,3
India,TamilNadu,Perundurai,"SIPCOT Industrial Park, Perundurai - TNPCB","26-03-2025 17:00:00",11.258242,77.552761,NO2,2,5,3
India,TamilNadu,Perundurai,"SIPCOT Industrial Park, Perundurai - TNPCB","26-03-2025 17:00:00",11.258242,77.552761,OZONE,4,14,10
India,TamilNadu,Ramanathapuram,"Chalai Bazaar, Ramanathapuram - TNPCB","26-03-2025 17:00:00",9.36399,78.831977,PM2.5,35,79,53
India,TamilNadu,Ranipet,"VOC Nagar_SIPCOT, Ranipet - TNPCB","26-03-2025 17:00:00",12.952707,79.30394,PM10,44,93,61
India,TamilNadu,Salem,"Sona College of Technology, Salem - TNPCB","26-03-2025 17:00:00",11.679111,78.125052,PM2.5,42,110,71
India,TamilNadu,Salem,"Sona College of Technology, Salem - TNPCB","26-03-2025 17:00:00",11.679111,78.125052,PM10,48,103,74
India,TamilNadu,Salem,"Sona College of Technology, Salem - TNPCB","26-03-2025 17:00:00",11.679111,78.125052,NO2,12,12,12
India,TamilNadu,Salem,"Sona College of Technology, Salem - TNPCB","26-03-2025 17:00:00",11.679111,78.125052,CO,35,36,35
India,TamilNadu,Salem,"Sona College of Technology, Salem - TNPCB","26-03-2025 17:00:00",11.679111,78.125052,OZONE,13,17,16
India,TamilNadu,Thanjavur,"Parisutham Nagar, Thanjavur - TNPCB","26-03-2025 17:00:00",10.7654824,79.1389968,NO2,5,8,6
India,Uttar_Pradesh,Agra,"Rohta, Agra - UPPCB","26-03-2025 17:00:00",27.106972,78.000111,PM2.5,28,325,126
India,Uttar_Pradesh,Agra,"Shahjahan Garden, Agra - UPPCB","26-03-2025 17:00:00",27.169338,78.03582,PM10,46,182,108
India,Uttar_Pradesh,Agra,"Shastripuram, Agra - UPPCB","26-03-2025 17:00:00",27.19862,77.92066,PM2.5,12,153,73
India,Uttar_Pradesh,Agra,"Shastripuram, Agra - UPPCB","26-03-2025 17:00:00",27.19862,77.92066,PM10,55,153,102
India,Uttar_Pradesh,Agra,"Shastripuram, Agra - UPPCB","26-03-2025 17:00:00",27.19862,77.92066,SO2,17,27,20
India,Uttar_Pradesh,Baghpat,"Sardar Patel Inter College, Baghpat - UPPCB","26-03-2025 17:00:00",28.964949,77.278761,NO2,7,103,40
India,Telangana,Hyderabad,"Sanathnagar, Hyderabad - TSPCB","26-03-2025 17:00:00",17.4559458,78.4332152,OZONE,8,17,12
India,Telangana,Hyderabad,"Zoo Park, Hyderabad - TSPCB","26-03-2025 17:00:00",17.349694,78.451437,PM2.5,145,188,165
India,Telangana,Hyderabad,"Zoo Park, Hyderabad - TSPCB","26-03-2025 17:00:00",17.349694,78.451437,NH3,4,8,5
India,Tripura,Agartala,"Bardowali, Agartala - Tripura SPCB","26-03-2025 17:00:00",23.8175497,91.2726974,PM2.5,6,26,17
India,Tripura,Agartala,"Bardowali, Agartala - Tripura SPCB","26-03-2025 17:00:00",23.8175497,91.2726974,NH3,2,3,3
India,Tripura,Agartala,"Bardowali, Agartala - Tripura SPCB","26-03-2025 17:00:00",23.8175497,91.2726974,CO,14,70,17
India,Telangana,Hyderabad,"Kompally Municipal Office, Hyderabad - TSPCB","26-03-2025 17:00:00",17.544899,78.486949,PM2.5,50,62,59
India,Telangana,Hyderabad,"Kompally Municipal Office, Hyderabad - TSPCB","26-03-2025 17:00:00",17.544899,78.486949,CO,20,23,21
India,Telangana,Hyderabad,"Nacharam_TSIIC IALA, Hyderabad - TSPCB","26-03-2025 17:00:00",17.429398,78.569354,NO2,16,17,16
India,Telangana,Hyderabad,"New Malakpet, Hyderabad - TSPCB","26-03-2025 17:00:00",17.37206,78.50864,NO2,16,19,18
India,Telangana,Hyderabad,"Sanathnagar, Hyderabad - TSPCB","26-03-2025 17:00:00",17.4559458,78.4332152,PM2.5,42,65,52
India,Telangana,Hyderabad,"Bollaram Industrial Area, Hyderabad - TSPCB","26-03-2025 17:00:00",17.540891,78.358528,OZONE,48,65,50
India,Telangana,Hyderabad,"ECIL Kapra, Hyderabad - TSPCB","26-03-2025 17:00:00",17.470431,78.566959,PM2.5,58,141,78
India,Telangana,Hyderabad,"ECIL Kapra, Hyderabad - TSPCB","26-03-2025 17:00:00",17.470431,78.566959,SO2,3,104,31
India,Telangana,Hyderabad,"IDA Pashamylaram, Hyderabad - TSPCB","26-03-2025 17:00:00",17.5316895,78.218939,PM2.5,64,183,94
India,Telangana,Hyderabad,"IDA Pashamylaram, Hyderabad - TSPCB","26-03-2025 17:00:00",17.5316895,78.218939,PM10,75,154,108
India,Uttar_Pradesh,Baghpat,"Sardar Patel Inter College, Baghpat - UPPCB","26-03-2025 17:00:00",28.964949,77.278761,CO,32,131,75
India,Uttar_Pradesh,Bulandshahr,"Yamunapuram, Bulandshahr - UPPCB","26-03-2025 17:00:00",28.406963,77.849831,PM2.5,26,355,218
India,Uttar_Pradesh,Bulandshahr,"Yamunapuram, Bulandshahr - UPPCB","26-03-2025 17:00:00",28.406963,77.849831,PM10,86,263,188
India,Uttar_Pradesh,Bulandshahr,"Yamunapuram, Bulandshahr - UPPCB","26-03-2025 17:00:00",28.406963,77.849831,NO2,19,135,59
India,Telangana,Hyderabad,"IDA Pashamylaram, Hyderabad - TSPCB","26-03-2025 17:00:00",17.5316895,78.218939,NH3,NA,NA,NA
India,Telangana,Hyderabad,"IITH Kandi, Hyderabad - TSPCB","26-03-2025 17:00:00",17.585705,78.126199,PM2.5,55,78,68
India,Telangana,Hyderabad,"Kokapet, Hyderabad - TSPCB","26-03-2025 17:00:00",17.393559,78.339194,PM2.5,52,60,55
India,Telangana,Hyderabad,"Kokapet, Hyderabad - TSPCB","26-03-2025 17:00:00",17.393559,78.339194,CO,26,40,35
India,TamilNadu,Tiruchirappalli,"St Joseph College, Tiruchirappalli - TNPCB","26-03-2025 17:00:00",10.830158,78.691849,NO2,10,15,10
India,TamilNadu,Virudhunagar,"Collectorate Office, Virudhunagar - TNPCB","26-03-2025 17:00:00",9.559382,77.948828,PM2.5,44,307,82
India,TamilNadu,Virudhunagar,"Collectorate Office, Virudhunagar - TNPCB","26-03-2025 17:00:00",9.559382,77.948828,NO2,19,19,19
India,Uttar_Pradesh,Gorakhpur,"Madan Mohan Malaviya University of Technology, Gorakhpur - UPPCB","26-03-2025 17:00:00",26.730136,83.433859,PM10,100,193,152
India,Uttar_Pradesh,"Greater Noida","Knowledge Park - III, Greater Noida - UPPCB","26-03-2025 17:00:00",28.47272,77.482000,PM2.5,17,273,137
India,Uttar_Pradesh,"Greater Noida","Knowledge Park - III, Greater Noida - UPPCB","26-03-2025 17:00:00",28.47272,77.482000,OZONE,13,313,97
India,Uttar_Pradesh,"Greater Noida","Knowledge Park - V, Greater Noida - UPPCB","26-03-2025 17:00:00",28.557054,77.453663,PM2.5,32,340,219
India,Uttar_Pradesh,Hapur,"Anand Vihar, Hapur - UPPCB","26-03-2025 17:00:00",28.725645,77.749675,NH3,9,15,11
India,Uttar_Pradesh,Hapur,"Anand Vihar, Hapur - UPPCB","26-03-2025 17:00:00",28.725645,77.749675,SO2,26,105,64
India,Uttar_Pradesh,Jhansi,"Shivaji Nagar, Jhansi - UPPCB","26-03-2025 17:00:00",25.4547,78.6039,PM2.5,26,307,87
India,Uttar_Pradesh,Prayagraj,"Jhunsi, Prayagraj - UPPCB","26-03-2025 17:00:00",25.425602,81.917152,PM10,54,338,137
India,Uttar_Pradesh,Prayagraj,"Motilal Nehru NIT, Prayagraj - UPPCB","26-03-2025 17:00:00",25.494,81.863,CO,11,71,19
India,Uttar_Pradesh,Prayagraj,"Nagar Nigam, Prayagraj - UPPCB","26-03-2025 17:00:00","25.44919916 ","81.82735986 ",PM10,68,223,118
India,Uttar_Pradesh,Prayagraj,"Nagar Nigam, Prayagraj - UPPCB","26-03-2025 17:00:00","25.44919916 ","81.82735986 ",SO2,12,129,59
India,Uttar_Pradesh,Prayagraj,"Nagar Nigam, Prayagraj - UPPCB","26-03-2025 17:00:00","25.44919916 ","81.82735986 ",OZONE,10,13,12
India,Uttar_Pradesh,Varanasi,"Ardhali Bazar, Varanasi - UPPCB","26-03-2025 17:00:00",25.3505986,82.9083074,PM10,23,134,83
India,Uttar_Pradesh,Varanasi,"Ardhali Bazar, Varanasi - UPPCB","26-03-2025 17:00:00",25.3505986,82.9083074,OZONE,25,31,29
India,Uttar_Pradesh,Varanasi,"Bhelupur, Varanasi - UPPCB","26-03-2025 17:00:00",25.301778,82.996789,PM10,58,193,114
India,Uttar_Pradesh,Jhansi,"Shivaji Nagar, Jhansi - UPPCB","26-03-2025 17:00:00",25.4547,78.6039,CO,6,62,10
India,Uttar_Pradesh,Kanpur,"FTI Kidwai Nagar, Kanpur - UPPCB","26-03-2025 17:00:00",26.428282,80.327067,NH3,2,2,2
India,Uttar_Pradesh,Kanpur,"FTI Kidwai Nagar, Kanpur - UPPCB","26-03-2025 17:00:00",26.428282,80.327067,OZONE,5,34,22
India,Uttar_Pradesh,Kanpur,"Nehru Nagar, Kanpur - UPPCB","26-03-2025 17:00:00",26.4703136,80.3229863,PM2.5,20,320,158
India,Uttar_Pradesh,Kanpur,"Nehru Nagar, Kanpur - UPPCB","26-03-2025 17:00:00",26.4703136,80.3229863,CO,20,57,24
India,Uttar_Pradesh,Khurja,"Kalindi Kunj, Khurja - UPPCB","26-03-2025 17:00:00",28.2348927,77.8683002,CO,28,73,55
India,Uttar_Pradesh,Khurja,"Kalindi Kunj, Khurja - UPPCB","26-03-2025 17:00:00",28.2348927,77.8683002,OZONE,5,8,7
India,Uttar_Pradesh,Moradabad,"Eco Herbal Park, Moradabad - UPPCB","26-03-2025 17:00:00",28.840739,78.697531,SO2,9,64,25
India,Uttar_Pradesh,Moradabad,"Jigar Colony, Moradabad - UPPCB","26-03-2025 17:00:00",28.856664,78.772638,PM2.5,44,133,77
India,Uttar_Pradesh,Moradabad,"Kashiram Nagar, Moradabad - UPPCB","26-03-2025 17:00:00",28.849399,78.742362,PM2.5,21,102,70
India,Uttar_Pradesh,Moradabad,"Kashiram Nagar, Moradabad - UPPCB","26-03-2025 17:00:00",28.849399,78.742362,CO,8,57,29
India,Uttar_Pradesh,Moradabad,"Kashiram Nagar, Moradabad - UPPCB","26-03-2025 17:00:00",28.849399,78.742362,OZONE,14,56,29
India,Uttar_Pradesh,Moradabad,"Transport Nagar, Moradabad - UPPCB","26-03-2025 17:00:00",28.802625,78.753728,PM10,51,133,94
India,Uttar_Pradesh,Moradabad,"Transport Nagar, Moradabad - UPPCB","26-03-2025 17:00:00",28.802625,78.753728,NO2,25,27,27
India,Uttar_Pradesh,Lucknow,"Talkatora District Industries Center, Lucknow - CPCB","26-03-2025 17:00:00",26.83399722,80.8917361,SO2,1,35,8
India,Uttar_Pradesh,Lucknow,"Talkatora District Industries Center, Lucknow - CPCB","26-03-2025 17:00:00",26.83399722,80.8917361,OZONE,2,80,41
India,Uttar_Pradesh,Meerut,"Ganga Nagar, Meerut - UPPCB","26-03-2025 17:00:00",28.999264,77.7590354,OZONE,21,140,124
India,Uttar_Pradesh,Meerut,"Jai Bhim Nagar, Meerut - UPPCB","26-03-2025 17:00:00",28.9535882,77.7622941,NO2,16,107,59
India,Uttar_Pradesh,Moradabad,"Buddhi Vihar, Moradabad - UPPCB","26-03-2025 17:00:00",28.83526,78.74460,SO2,17,21,19
India,Uttar_Pradesh,Lucknow,"Kendriya Vidyalaya, Lucknow - CPCB","26-03-2025 17:00:00",26.906111,80.948222,PM2.5,60,354,269
India,Uttar_Pradesh,Lucknow,"Kendriya Vidyalaya, Lucknow - CPCB","26-03-2025 17:00:00",26.906111,80.948222,NO2,34,142,45
India,Uttar_Pradesh,Lucknow,"Kendriya Vidyalaya, Lucknow - CPCB","26-03-2025 17:00:00",26.906111,80.948222,NH3,3,20,14
India,Uttar_Pradesh,Lucknow,"Kukrail Picnic Spot-1, Lucknow - UPPCB","26-03-2025 17:00:00",26.90723,80.98579,PM2.5,21,385,125
India,Uttar_Pradesh,Lucknow,"Kukrail Picnic Spot-1, Lucknow - UPPCB","26-03-2025 17:00:00",26.90723,80.98579,CO,16,72,40
India,Uttar_Pradesh,Lucknow,"Lalbagh, Lucknow - CPCB","26-03-2025 17:00:00",26.8458805,80.9365541,PM10,111,306,202
India,Uttar_Pradesh,Noida,"Sector - 62, Noida - IMD","26-03-2025 17:00:00",28.6245479,77.3577104,OZONE,6,82,59
India,Uttar_Pradesh,Noida,"Sector-1, Noida - UPPCB","26-03-2025 17:00:00",28.5898,77.3101,NH3,5,14,10
India,Uttar_Pradesh,Noida,"Sector-116, Noida - UPPCB","26-03-2025 17:00:00",28.569230,77.393848,PM10,86,389,199
India,Uttar_Pradesh,Muzaffarnagar,"New Mandi, Muzaffarnagar - UPPCB","26-03-2025 17:00:00",29.4723508,77.7194031,PM2.5,NA,NA,NA
India,Uttar_Pradesh,Noida,"Sector - 125, Noida - UPPCB","26-03-2025 17:00:00",28.5447608,77.3231257,OZONE,3,133,69
India,Uttar_Pradesh,Ghaziabad,"Indirapuram, Ghaziabad - UPPCB","26-03-2025 17:00:00",28.646233,77.358075,PM2.5,83,398,303
India,Uttar_Pradesh,Ghaziabad,"Loni, Ghaziabad - UPPCB","26-03-2025 17:00:00",28.757294,77.278792,NO2,69,159,106
India,Uttar_Pradesh,Varanasi,"IESD Banaras Hindu University, Varanasi - UPPCB","26-03-2025 17:00:00",25.262326,82.995408,PM10,40,117,82
India,Uttar_Pradesh,Varanasi,"IESD Banaras Hindu University, Varanasi - UPPCB","26-03-2025 17:00:00",25.262326,82.995408,SO2,23,28,24
India,Uttar_Pradesh,Varanasi,"Maldahiya, Varanasi - UPPCB","26-03-2025 17:00:00",25.32393,82.99687,OZONE,1,20,13
India,Uttar_Pradesh,Vrindavan,"Omex Eternity, Vrindavan - UPPCB","26-03-2025 17:00:00",27.5714090,77.6557570,PM10,NA,NA,NA
India,Uttar_Pradesh,Vrindavan,"Omex Eternity, Vrindavan - UPPCB","26-03-2025 17:00:00",27.5714090,77.6557570,NH3,NA,NA,NA
India,Uttarakhand,Dehradun,"Doon University, Dehradun - UKPCB","26-03-2025 17:00:00",30.269444,78.044167,PM2.5,67,211,142
India,Uttarakhand,Dehradun,"Doon University, Dehradun - UKPCB","26-03-2025 17:00:00",30.269444,78.044167,SO2,1,4,2
India,Uttarakhand,Dehradun,"Doon University, Dehradun - UKPCB","26-03-2025 17:00:00",30.269444,78.044167,CO,72,93,78
India,West_Bengal,Asansol,"Asansol Court Area, Asansol - WBPCB","26-03-2025 17:00:00",23.685297,86.945968,NO2,22,93,54
India,West_Bengal,Asansol,"Asansol Court Area, Asansol - WBPCB","26-03-2025 17:00:00",23.685297,86.945968,SO2,12,27,21
India,West_Bengal,Asansol,"Evelyn Lodge, Asansol - WBPCB","26-03-2025 17:00:00",23.6979360,86.9443950,NH3,1,4,2
India,West_Bengal,Asansol,"Mahabir Colliery, Asansol - WBPCB","26-03-2025 17:00:00",23.6181830,87.1057180,PM2.5,54,339,191
India,West_Bengal,Asansol,"Mahabir Colliery, Asansol - WBPCB","26-03-2025 17:00:00",23.6181830,87.1057180,NH3,1,9,5
India,West_Bengal,Asansol,"Mahabir Colliery, Asansol - WBPCB","26-03-2025 17:00:00",23.6181830,87.1057180,SO2,8,54,26
India,West_Bengal,Asansol,"Trivenidevi Bhalotia College, Asansol - WBPCB","26-03-2025 17:00:00",23.616515,87.119133,PM10,108,306,177
India,West_Bengal,Haldia,"Priyambada Housing Estate, Haldia - WBPCB","26-03-2025 17:00:00",22.06047,88.109737,PM2.5,30,54,41
India,West_Bengal,Haldia,"Priyambada Housing Estate, Haldia - WBPCB","26-03-2025 17:00:00",22.06047,88.109737,PM10,48,99,72
India,West_Bengal,Howrah,"Belur Math, Howrah - WBPCB","26-03-2025 17:00:00",22.629801,88.352017,SO2,8,11,9
India,West_Bengal,Howrah,"Botanical Garden, Howrah - WBPCB","26-03-2025 17:00:00",22.554954,88.292568,PM2.5,42,153,74
India,West_Bengal,Howrah,"Botanical Garden, Howrah - WBPCB","26-03-2025 17:00:00",22.554954,88.292568,PM10,61,168,94
India,West_Bengal,Howrah,"Ghusuri, Howrah - WBPCB","26-03-2025 17:00:00",22.611968,88.347422,SO2,8,12,10
India,West_Bengal,Howrah,"Padmapukur, Howrah - WBPCB","26-03-2025 17:00:00",22.5687319,88.2797276,PM2.5,51,226,109
India,West_Bengal,Howrah,"Padmapukur, Howrah - WBPCB","26-03-2025 17:00:00",22.5687319,88.2797276,PM10,71,140,98
India,West_Bengal,Howrah,"Padmapukur, Howrah - WBPCB","26-03-2025 17:00:00",22.5687319,88.2797276,NO2,9,66,22
India,West_Bengal,Howrah,"Padmapukur, Howrah - WBPCB","26-03-2025 17:00:00",22.5687319,88.2797276,OZONE,17,73,56
India,West_Bengal,Kolkata,"Ballygunge, Kolkata - WBPCB","26-03-2025 17:00:00",22.5367507,88.3638022,PM10,64,162,95
India,West_Bengal,Kolkata,"Ballygunge, Kolkata - WBPCB","26-03-2025 17:00:00",22.5367507,88.3638022,NO2,21,112,37
India,West_Bengal,Kolkata,"Ballygunge, Kolkata - WBPCB","26-03-2025 17:00:00",22.5367507,88.3638022,OZONE,12,66,52
India,West_Bengal,Kolkata,"Bidhannagar, Kolkata - WBPCB","26-03-2025 17:00:00",22.58157048,88.41002457,PM10,37,91,62
India,West_Bengal,Kolkata,"Bidhannagar, Kolkata - WBPCB","26-03-2025 17:00:00",22.58157048,88.41002457,CO,4,16,5
India,West_Bengal,Kolkata,"Jadavpur, Kolkata - WBPCB","26-03-2025 17:00:00",22.49929,88.36917,PM10,79,127,97
India,West_Bengal,Kolkata,"Rabindra Bharati University, Kolkata - WBPCB","26-03-2025 17:00:00",22.627847,88.380669,PM2.5,61,136,85
India,West_Bengal,Kolkata,"Rabindra Bharati University, Kolkata - WBPCB","26-03-2025 17:00:00",22.627847,88.380669,PM10,70,130,95
India,West_Bengal,Kolkata,"Rabindra Sarobar, Kolkata - WBPCB","26-03-2025 17:00:00",22.51106,88.35142,SO2,6,39,15
India,West_Bengal,Kolkata,"Victoria, Kolkata - WBPCB","26-03-2025 17:00:00",22.5448082,88.3403691,NO2,28,59,38
India,West_Bengal,Siliguri,"Ward-32 Bapupara, Siliguri - WBPCB","26-03-2025 17:00:00",26.6879226,88.4152495,PM10,NA,NA,NA
India,West_Bengal,Siliguri,"Ward-32 Bapupara, Siliguri - WBPCB","26-03-2025 17:00:00",26.6879226,88.4152495,NO2,NA,NA,NA
India,Assam,Guwahati,"Railway Colony, Guwahati - PCBA","26-03-2025 17:00:00",26.181742,91.78063,SO2,18,21,19
India,Assam,Guwahati,"Railway Colony, Guwahati - PCBA","26-03-2025 17:00:00",26.181742,91.78063,CO,40,108,47
India,Assam,Guwahati,"Railway Colony, Guwahati - PCBA","26-03-2025 17:00:00",26.181742,91.78063,OZONE,11,102,76
India,Assam,Nagaon,"Christianpatty, Nagaon - PCBA","26-03-2025 17:00:00",26.349082,92.68449,NH3,4,4,4
India,Assam,Nagaon,"Christianpatty, Nagaon - PCBA","26-03-2025 17:00:00",26.349082,92.68449,SO2,2,32,18
India,Assam,Nagaon,"Christianpatty, Nagaon - PCBA","26-03-2025 17:00:00",26.349082,92.68449,OZONE,28,48,30
India,Assam,Nalbari,"Bata Chowk, Nalbari - PCBA","26-03-2025 17:00:00",26.446912,91.439057,PM2.5,93,374,314
India,Assam,Nalbari,"Bata Chowk, Nalbari - PCBA","26-03-2025 17:00:00",26.446912,91.439057,NO2,1,173,3
India,Assam,Silchar,"Tarapur, Silchar - PCBA","26-03-2025 17:00:00",24.82827,92.79525,PM2.5,27,84,56
India,Assam,Sivasagar,"Girls College, Sivasagar - PCBA","26-03-2025 17:00:00",26.987634,94.636574,PM2.5,48,88,69
India,Assam,Sivasagar,"Girls College, Sivasagar - PCBA","26-03-2025 17:00:00",26.987634,94.636574,PM10,51,97,79
India,Assam,Sivasagar,"Girls College, Sivasagar - PCBA","26-03-2025 17:00:00",26.987634,94.636574,SO2,5,10,8
India,Andhra_Pradesh,Amaravati,"Secretariat, Amaravati - APPCB","26-03-2025 17:00:00",16.5150833,80.5181667,CO,2,44,19
India,Andhra_Pradesh,Chittoor,"Gangineni Cheruvu, Chittoor - APPCB","26-03-2025 17:00:00",13.204880,79.097889,PM10,36,124,77
India,Andhra_Pradesh,Chittoor,"Gangineni Cheruvu, Chittoor - APPCB","26-03-2025 17:00:00",13.204880,79.097889,OZONE,23,42,35
India,Andhra_Pradesh,Kadapa,"Yerramukkapalli, Kadapa - APPCB","26-03-2025 17:00:00",14.465052,78.824187,NO2,15,34,20
India,Andhra_Pradesh,Rajamahendravaram,"Anand Kala Kshetram, Rajamahendravaram - APPCB","26-03-2025 17:00:00",16.9872867,81.7363176,PM2.5,30,52,42
India,Andhra_Pradesh,Rajamahendravaram,"Anand Kala Kshetram, Rajamahendravaram - APPCB","26-03-2025 17:00:00",16.9872867,81.7363176,NH3,4,22,8
India,Andhra_Pradesh,Rajamahendravaram,"Anand Kala Kshetram, Rajamahendravaram - APPCB","26-03-2025 17:00:00",16.9872867,81.7363176,SO2,6,13,10
India,Andhra_Pradesh,Rajamahendravaram,"Anand Kala Kshetram, Rajamahendravaram - APPCB","26-03-2025 17:00:00",16.9872867,81.7363176,OZONE,5,11,7
India,Assam,Guwahati,"IITG, Guwahati - PCBA","26-03-2025 17:00:00",26.2028636,91.70046436,PM10,NA,NA,NA
India,Assam,Guwahati,"IITG, Guwahati - PCBA","26-03-2025 17:00:00",26.2028636,91.70046436,SO2,18,25,20
India,Assam,Guwahati,"LGBI Airport, Guwahati - PCBA","26-03-2025 17:00:00",26.10887,91.589544,PM2.5,35,336,237
India,Assam,Guwahati,"LGBI Airport, Guwahati - PCBA","26-03-2025 17:00:00",26.10887,91.589544,NO2,15,23,19
India,Assam,Guwahati,"LGBI Airport, Guwahati - PCBA","26-03-2025 17:00:00",26.10887,91.589544,NH3,12,23,17
India,Assam,Guwahati,"LGBI Airport, Guwahati - PCBA","26-03-2025 17:00:00",26.10887,91.589544,CO,10,64,22
India,Assam,Guwahati,"Pan Bazaar, Guwahati - PCBA","26-03-2025 17:00:00",26.187500,91.744194,PM10,108,197,146
India,Assam,Guwahati,"Railway Colony, Guwahati - PCBA","26-03-2025 17:00:00",26.181742,91.78063,PM2.5,77,341,283
India,Bihar,Araria,"Kharahiya Basti, Araria - BSPCB","26-03-2025 17:00:00",26.146529,87.454184,PM10,42,199,116
India,Bihar,Arrah,"New DM Office, Arrah - BSPCB","26-03-2025 17:00:00",25.5626095,84.663264,NO2,5,9,7
India,Bihar,Aurangabad,"Gurdeo Nagar, Aurangabad - BSPCB","26-03-2025 17:00:00",24.75746,84.366208,NO2,2,3,2
India,Bihar,Aurangabad,"Gurdeo Nagar, Aurangabad - BSPCB","26-03-2025 17:00:00",24.75746,84.366208,OZONE,10,109,71
India,Bihar,Bettiah,"Kamalnath Nagar, Bettiah - BSPCB","26-03-2025 17:00:00",26.80365,84.51954,PM10,63,224,142
India,Bihar,Bettiah,"Kamalnath Nagar, Bettiah - BSPCB","26-03-2025 17:00:00",26.80365,84.51954,SO2,8,22,13
India,Bihar,Bettiah,"Kamalnath Nagar, Bettiah - BSPCB","26-03-2025 17:00:00",26.80365,84.51954,OZONE,22,30,27
India,Andhra_Pradesh,Tirumala,"Toll Gate, Tirumala - APPCB (Formerly known as Tirumala, Tirupati - APPCB)","26-03-2025 17:00:00",13.67,79.35,NO2,15,34,21
India,Andhra_Pradesh,Tirumala,"Toll Gate, Tirumala - APPCB (Formerly known as Tirumala, Tirupati - APPCB)","26-03-2025 17:00:00",13.67,79.35,OZONE,22,62,49
India,Andhra_Pradesh,Tirupati,"Vaikuntapuram, Tirupati - APPCB","26-03-2025 17:00:00",13.615387,79.409230,PM2.5,34,253,101
India,Andhra_Pradesh,Tirupati,"Vaikuntapuram, Tirupati - APPCB","26-03-2025 17:00:00",13.615387,79.409230,OZONE,35,35,35
India,Andhra_Pradesh,Vijayawada,"Kanuru, Vijayawada - APPCB","26-03-2025 17:00:00",16.486692,80.699436,NO2,12,248,104
India,Andhra_Pradesh,Vijayawada,"Kanuru, Vijayawada - APPCB","26-03-2025 17:00:00",16.486692,80.699436,SO2,2,7,4
India,Bihar,Chhapra,"Darshan Nagar, Chhapra - BSPCB","26-03-2025 17:00:00",25.7808257,84.7446768,PM2.5,40,123,75
India,Bihar,Chhapra,"Darshan Nagar, Chhapra - BSPCB","26-03-2025 17:00:00",25.7808257,84.7446768,OZONE,15,139,97
India,Bihar,Gaya,"Kareemganj, Gaya - BSPCB","26-03-2025 17:00:00",24.792403,84.992416,OZONE,4,50,23
India,Bihar,Gaya,"SFTI Kusdihra, Gaya - BSPCB","26-03-2025 17:00:00",24.762518,84.982348,PM2.5,18,76,50
India,Bihar,Gaya,"SFTI Kusdihra, Gaya - BSPCB","26-03-2025 17:00:00",24.762518,84.982348,PM10,40,76,60
India,Bihar,Bhagalpur,"DM Office_Kachari Chowk, Bhagalpur - BSPCB","26-03-2025 17:00:00",25.251013,86.989001,NO2,18,47,28
India,Bihar,Bhagalpur,"Mayaganj, Bhagalpur - BSPCB","26-03-2025 17:00:00",25.265194,87.012947,SO2,37,107,71
India,Bihar,"Bihar Sharif","D M Colony, Bihar Sharif - BSPCB","26-03-2025 17:00:00",25.204762,85.514960,PM10,NA,NA,NA
India,Bihar,Buxar,"Charitra Van, Buxar - BSPCB","26-03-2025 17:00:00",25.567520,83.966379,PM2.5,NA,NA,NA
India,Bihar,Hajipur,"Industrial Area, Hajipur - BSPCB","26-03-2025 17:00:00",25.697189,85.245900,CO,25,79,35
India,Bihar,Kishanganj,"SDM Office_Khagra, Kishanganj - BSPCB","26-03-2025 17:00:00",26.0881305,87.93840336,NO2,23,28,25
India,Bihar,Manguraha,"Forest Rest House, Manguraha - BSPCB","26-03-2025 17:00:00",27.308328,84.531742,PM10,47,149,84
India,"Andaman and Nicobar","Sri Vijaya Puram","Police Line, Sri Vijaya Puram - ANPCC","26-03-2025 17:00:00",11.654054,92.734055,NO2,8,54,26
India,"Andaman and Nicobar","Sri Vijaya Puram","Police Line, Sri Vijaya Puram - ANPCC","26-03-2025 17:00:00",11.654054,92.734055,OZONE,1,66,40
India,Andhra_Pradesh,Amaravati,"Secretariat, Amaravati - APPCB","26-03-2025 17:00:00",16.5150833,80.5181667,PM10,41,95,58
India,Andhra_Pradesh,Vijayawada,"Rajiv Gandhi Park, Vijayawada - APPCB","26-03-2025 17:00:00",16.509717,80.612222,CO,28,40,33
India,Arunachal_Pradesh,Naharlagun,"Naharlagun, Naharlagun - APSPCB","26-03-2025 17:00:00",27.103358,93.679645,NO2,5,5,5
India,Arunachal_Pradesh,Naharlagun,"Naharlagun, Naharlagun - APSPCB","26-03-2025 17:00:00",27.103358,93.679645,CO,11,36,14
India,Chhattisgarh,Bhilai,"Civic Center, Bhilai - Bhilai Steel Plant","26-03-2025 17:00:00",21.185571,81.343175,OZONE,8,25,19
India,Chhattisgarh,Bhilai,"Hathkhoj, Bhilai - CECB","26-03-2025 17:00:00",21.224231,81.408350,NO2,18,91,52
India,Chhattisgarh,Bhilai,"Hathkhoj, Bhilai - CECB","26-03-2025 17:00:00",21.224231,81.408350,OZONE,12,46,28
India,Chhattisgarh,Bilaspur,"Mangala, Bilaspur - NTPC","26-03-2025 17:00:00",22.08815,82.13737,PM2.5,NA,NA,NA
India,Chhattisgarh,Chhal,"Nawapara SECL Colony, Chhal - CECB","26-03-2025 17:00:00",22.118125,83.140608,PM10,42,109,79
India,Chhattisgarh,Chhal,"Nawapara SECL Colony, Chhal - CECB","26-03-2025 17:00:00",22.118125,83.140608,OZONE,17,70,42
India,Chhattisgarh,Korba,"Rampur, Korba - CECB","26-03-2025 17:00:00",22.368195,82.746431,NH3,1,1,1
India,Chhattisgarh,Korba,"Rampur, Korba - CECB","26-03-2025 17:00:00",22.368195,82.746431,CO,37,66,48
India,Chhattisgarh,Korba,"Rampur, Korba - CECB","26-03-2025 17:00:00",22.368195,82.746431,OZONE,4,10,7
India,Bihar,Saharsa,"Police Line, Saharsa - BSPCB","26-03-2025 17:00:00",25.892357,86.590325,OZONE,9,40,22
India,Bihar,Samastipur,"DM Office_Kasipur, Samastipur - BSPCB","26-03-2025 17:00:00",25.859655,85.77944,PM2.5,53,313,149
India,Bihar,Samastipur,"DM Office_Kasipur, Samastipur - BSPCB","26-03-2025 17:00:00",25.859655,85.77944,PM10,64,225,127
India,Bihar,Samastipur,"DM Office_Kasipur, Samastipur - BSPCB","26-03-2025 17:00:00",25.859655,85.77944,CO,2,113,18
India,Bihar,Samastipur,"DM Office_Kasipur, Samastipur - BSPCB","26-03-2025 17:00:00",25.859655,85.77944,OZONE,6,8,7
India,Bihar,Sasaram,"Dada Peer, Sasaram - BSPCB","26-03-2025 17:00:00",24.952822,84.002396,PM2.5,78,310,175
India,Bihar,Sasaram,"Dada Peer, Sasaram - BSPCB","26-03-2025 17:00:00",24.952822,84.002396,PM10,61,148,102
India,Bihar,Siwan,"Chitragupta Nagar, Siwan - BSPCB","26-03-2025 17:00:00",26.2271665,84.3570427,PM10,54,195,126
India,Bihar,Siwan,"Chitragupta Nagar, Siwan - BSPCB","26-03-2025 17:00:00",26.2271665,84.3570427,CO,56,113,90
India,Chhattisgarh,Tumidih,"OP Jindal Industrial Park, Tumidih - CECB","26-03-2025 17:00:00",22.06631475,83.33820077,OZONE,89,115,101
India,Delhi,Delhi,"Anand Vihar, Delhi - DPCC","26-03-2025 17:00:00",28.647622,77.3158090,PM10,52,463,279
India,Delhi,Delhi,"Anand Vihar, Delhi - DPCC","26-03-2025 17:00:00",28.647622,77.3158090,NO2,57,129,103
India,Delhi,Delhi,"Anand Vihar, Delhi - DPCC","26-03-2025 17:00:00",28.647622,77.3158090,NH3,1,14,7
India,Delhi,Delhi,"Anand Vihar, Delhi - DPCC","26-03-2025 17:00:00",28.647622,77.3158090,SO2,3,102,34
India,Delhi,Delhi,"Anand Vihar, Delhi - DPCC","26-03-2025 17:00:00",28.647622,77.3158090,OZONE,1,34,14
India,Delhi,Delhi,"Ashok Vihar, Delhi - DPCC","26-03-2025 17:00:00",28.695381,77.181665,SO2,7,57,24
India,Delhi,Delhi,"Aya Nagar, Delhi - IMD","26-03-2025 17:00:00",28.4706914,77.1099364,NO2,12,134,72
India,Chandigarh,Chandigarh,"Sector 22, Chandigarh - CPCC","26-03-2025 17:00:00",30.735567,76.775714,PM2.5,57,270,104
India,Chandigarh,Chandigarh,"Sector-25, Chandigarh - CPCC","26-03-2025 17:00:00",30.751462,76.762879,CO,14,35,24
India,Chhattisgarh,Bhilai,"32Bungalows, Bhilai - CECB","26-03-2025 17:00:00",21.194815,81.314770,NO2,11,93,42
India,Chhattisgarh,Bhilai,"32Bungalows, Bhilai - CECB","26-03-2025 17:00:00",21.194815,81.314770,CO,11,86,27
India,Chhattisgarh,Bhilai,"32Bungalows, Bhilai - CECB","26-03-2025 17:00:00",21.194815,81.314770,OZONE,9,40,35
India,Chhattisgarh,Bhilai,"Civic Center, Bhilai - Bhilai Steel Plant","26-03-2025 17:00:00",21.185571,81.343175,NO2,7,8,8
India,Chhattisgarh,Bhilai,"Civic Center, Bhilai - Bhilai Steel Plant","26-03-2025 17:00:00",21.185571,81.343175,NH3,2,2,2
India,Bihar,Munger,"Town Hall, Munger - BSPCB","26-03-2025 17:00:00",25.376776,86.471523,SO2,2,15,4
India,Bihar,Muzaffarpur,"Buddha Colony, Muzaffarpur - BSPCB","26-03-2025 17:00:00",26.11442,85.39813,PM10,163,411,259
India,Bihar,Muzaffarpur,"MIT-Daudpur Kothi, Muzaffarpur - BSPCB","26-03-2025 17:00:00",26.1403345,85.3650192,PM2.5,32,173,83
India,Bihar,Muzaffarpur,"MIT-Daudpur Kothi, Muzaffarpur - BSPCB","26-03-2025 17:00:00",26.1403345,85.3650192,PM10,38,159,98
India,Bihar,Muzaffarpur,"MIT-Daudpur Kothi, Muzaffarpur - BSPCB","26-03-2025 17:00:00",26.1403345,85.3650192,OZONE,9,89,71
India,Bihar,Muzaffarpur,"Muzaffarpur Collectorate, Muzaffarpur - BSPCB","26-03-2025 17:00:00",26.1209,85.3647,PM2.5,42,184,111
India,Chhattisgarh,Raipur,"Bhatagaon New ISBT, Raipur - CECB","26-03-2025 17:00:00",21.219665,81.630094,PM10,48,253,109
India,Chhattisgarh,Raipur,"Bhatagaon New ISBT, Raipur - CECB","26-03-2025 17:00:00",21.219665,81.630094,NO2,61,168,99
India,Chhattisgarh,Raipur,"Bhatagaon New ISBT, Raipur - CECB","26-03-2025 17:00:00",21.219665,81.630094,OZONE,7,40,19
India,Chhattisgarh,Raipur,"Krishak Nagar, Raipur - CECB","26-03-2025 17:00:00",21.237755,81.705301,PM10,57,115,87
India,Chhattisgarh,Tumidih,"OP Jindal Industrial Park, Tumidih - CECB","26-03-2025 17:00:00",22.06631475,83.33820077,PM2.5,NA,NA,NA
India,Chhattisgarh,Tumidih,"OP Jindal Industrial Park, Tumidih - CECB","26-03-2025 17:00:00",22.06631475,83.33820077,NO2,NA,NA,NA
India,Bihar,Patna,"Rajbansi Nagar, Patna - BSPCB","26-03-2025 17:00:00",25.599486,85.113666,OZONE,2,101,84
India,Bihar,Patna,"Samanpura, Patna - BSPCB","26-03-2025 17:00:00",25.596727,85.085624,NO2,38,52,46
India,Bihar,Purnia,"Mariam Nagar, Purnia - BSPCB","26-03-2025 17:00:00",25.366336,87.117468,PM2.5,63,293,187
India,Bihar,Rajgir,"Dangi Tola, Rajgir - BSPCB","26-03-2025 17:00:00",25.03280,85.41948,CO,3,34,11
India,Bihar,Rajgir,"Dangi Tola, Rajgir - BSPCB","26-03-2025 17:00:00",25.03280,85.41948,OZONE,28,37,34
India,Chhattisgarh,Korba,"Urja Nagar, Korba - CECB","26-03-2025 17:00:00",22.348441,82.549611,PM10,69,168,104
India,Chhattisgarh,Korba,"Urja Nagar, Korba - CECB","26-03-2025 17:00:00",22.348441,82.549611,NO2,68,92,81
India,Chhattisgarh,Korba,"Urja Nagar, Korba - CECB","26-03-2025 17:00:00",22.348441,82.549611,NH3,1,7,3
India,Chhattisgarh,Korba,"Urja Nagar, Korba - CECB","26-03-2025 17:00:00",22.348441,82.549611,OZONE,35,36,35
India,Chhattisgarh,Kunjemura,"OP Jindal School, Kunjemura - CECB","26-03-2025 17:00:00",22.126650,83.483212,PM10,26,460,166
India,Bihar,Patna,"Muradpur, Patna - BSPCB","26-03-2025 17:00:00",25.619651,85.147382,CO,20,78,47
India,Bihar,Patna,"Rajbansi Nagar, Patna - BSPCB","26-03-2025 17:00:00",25.599486,85.113666,PM10,70,273,124
India,Delhi,Delhi,"Sonia Vihar, Delhi - DPCC","26-03-2025 17:00:00",28.710508,77.249485,CO,38,128,100
India,Delhi,Delhi,"Sri Aurobindo Marg, Delhi - DPCC","26-03-2025 17:00:00",28.531346,77.190156,PM2.5,38,328,171
India,Delhi,Delhi,"Sri Aurobindo Marg, Delhi - DPCC","26-03-2025 17:00:00",28.531346,77.190156,SO2,17,33,21
India,Delhi,Delhi,"Sri Aurobindo Marg, Delhi - DPCC","26-03-2025 17:00:00",28.531346,77.190156,OZONE,3,237,159
India,Delhi,Delhi,"Vivek Vihar, Delhi - DPCC","26-03-2025 17:00:00",28.672342,77.315260,PM2.5,40,427,242
India,Delhi,Delhi,"Vivek Vihar, Delhi - DPCC","26-03-2025 17:00:00",28.672342,77.315260,NO2,26,105,70
India,Delhi,Delhi,"Vivek Vihar, Delhi - DPCC","26-03-2025 17:00:00",28.672342,77.315260,NH3,1,7,4
India,Delhi,Delhi,"Wazirpur, Delhi - DPCC","26-03-2025 17:00:00",28.699793,77.165453,PM2.5,75,393,281
India,Delhi,Delhi,"Wazirpur, Delhi - DPCC","26-03-2025 17:00:00",28.699793,77.165453,PM10,138,441,285
India,Delhi,Delhi,"Wazirpur, Delhi - DPCC","26-03-2025 17:00:00",28.699793,77.165453,CO,24,108,68
India,Gujarat,Ahmedabad,"Chandkheda, Ahmedabad - IITM","26-03-2025 17:00:00",23.107969,72.574648,NH3,1,2,1
India,Gujarat,Ahmedabad,"Chandkheda, Ahmedabad - IITM","26-03-2025 17:00:00",23.107969,72.574648,SO2,2,53,26
India,Delhi,Delhi,"North Campus, DU, Delhi - IMD","26-03-2025 17:00:00",28.6573814,77.1585447,OZONE,8,226,108
India,Delhi,Delhi,"Okhla Phase-2, Delhi - DPCC","26-03-2025 17:00:00",28.530785,77.271255,PM10,105,478,289
India,Delhi,Delhi,"Okhla Phase-2, Delhi - DPCC","26-03-2025 17:00:00",28.530785,77.271255,NO2,43,134,91
India,Delhi,Delhi,"Okhla Phase-2, Delhi - DPCC","26-03-2025 17:00:00",28.530785,77.271255,OZONE,12,201,121
India,Delhi,Delhi,"Patparganj, Delhi - DPCC","26-03-2025 17:00:00",28.623763,77.287209,NH3,6,13,9
India,Delhi,Delhi,"Patparganj, Delhi - DPCC","26-03-2025 17:00:00",28.623763,77.287209,OZONE,5,216,161
India,Delhi,Delhi,"Punjabi Bagh, Delhi - DPCC","26-03-2025 17:00:00",28.674045,77.131023,SO2,20,35,28
India,Delhi,Delhi,"Pusa, Delhi - DPCC","26-03-2025 17:00:00",28.639652,77.146275,PM2.5,38,325,167
India,Delhi,Delhi,"Dr. Karni Singh Shooting Range, Delhi - DPCC","26-03-2025 17:00:00",28.498571,77.264840,CO,8,106,20
India,Delhi,Delhi,"Dwarka-Sector 8, Delhi - DPCC ","26-03-2025 17:00:00",28.5710274,77.0719006,PM10,92,475,252
India,Delhi,Delhi,"Dwarka-Sector 8, Delhi - DPCC ","26-03-2025 17:00:00",28.5710274,77.0719006,SO2,8,16,11
India,Delhi,Delhi,"Dwarka-Sector 8, Delhi - DPCC ","26-03-2025 17:00:00",28.5710274,77.0719006,OZONE,5,81,40
India,Delhi,Delhi,"IGI Airport (T3), Delhi - IMD","26-03-2025 17:00:00",28.5627763,77.1180053,NO2,87,172,123
India,Delhi,Delhi,"IGI Airport (T3), Delhi - IMD","26-03-2025 17:00:00",28.5627763,77.1180053,OZONE,5,124,74
India,Delhi,Delhi,"Bawana, Delhi - DPCC","26-03-2025 17:00:00",28.776200,77.051074,NH3,6,9,8
India,Delhi,Delhi,"Burari Crossing, Delhi - IMD","26-03-2025 17:00:00",28.7256504,77.2011573,PM10,NA,NA,NA
India,Delhi,Delhi,"Burari Crossing, Delhi - IMD","26-03-2025 17:00:00",28.7256504,77.2011573,OZONE,57,85,70
India,Delhi,Delhi,"Chandni Chowk, Delhi - IITM","26-03-2025 17:00:00",28.656756,77.227234,SO2,13,35,20
India,Delhi,Delhi,"DTU, Delhi - CPCB","26-03-2025 17:00:00",28.7500499,77.1112615,PM10,111,500,266
India,Delhi,Delhi,"DTU, Delhi - CPCB","26-03-2025 17:00:00",28.7500499,77.1112615,SO2,64,72,67
India,Delhi,Delhi,"IHBAS, Dilshad Garden, Delhi - CPCB","26-03-2025 17:00:00",28.6811736,77.3025234,NO2,9,48,30
India,Delhi,Delhi,"ITO, Delhi - CPCB","26-03-2025 17:00:00",28.628624,77.241060,NH3,5,15,9
India,Delhi,Delhi,"Jahangirpuri, Delhi - DPCC","26-03-2025 17:00:00",28.732820,77.170633,NH3,5,11,8
India,Delhi,Delhi,"Jawaharlal Nehru Stadium, Delhi - DPCC","26-03-2025 17:00:00",28.580280,77.233829,NH3,7,11,9
India,Delhi,Delhi,"Jawaharlal Nehru Stadium, Delhi - DPCC","26-03-2025 17:00:00",28.580280,77.233829,SO2,3,28,16
India,Delhi,Delhi,"Jawaharlal Nehru Stadium, Delhi - DPCC","26-03-2025 17:00:00",28.580280,77.233829,OZONE,5,85,51
India,Delhi,Delhi,"Najafgarh, Delhi - DPCC","26-03-2025 17:00:00",28.570173,76.933762,PM2.5,37,315,156
India,Delhi,Delhi,"Najafgarh, Delhi - DPCC","26-03-2025 17:00:00",28.570173,76.933762,NO2,61,124,96
India,Delhi,Delhi,"Narela, Delhi - DPCC","26-03-2025 17:00:00",28.822836,77.101981,NO2,21,80,54
India,Delhi,Delhi,"Narela, Delhi - DPCC","26-03-2025 17:00:00",28.822836,77.101981,NH3,6,11,8
India,Delhi,Delhi,"Narela, Delhi - DPCC","26-03-2025 17:00:00",28.822836,77.101981,OZONE,4,48,32
India,Delhi,Delhi,"Nehru Nagar, Delhi - DPCC","26-03-2025 17:00:00",28.567890,77.250515,NH3,4,10,6
India,Delhi,Delhi,"Shadipur, Delhi - CPCB","26-03-2025 17:00:00",28.6514781,77.1473105,CO,22,60,32
India,Delhi,Delhi,"Sirifort, Delhi - CPCB","26-03-2025 17:00:00",28.5504249,77.2159377,PM10,114,500,254
India,Delhi,Delhi,"Sirifort, Delhi - CPCB","26-03-2025 17:00:00",28.5504249,77.2159377,NO2,28,44,43
India,Delhi,Delhi,"Mandir Marg, Delhi - DPCC","26-03-2025 17:00:00",28.636429,77.201067,SO2,1,14,7
India,Delhi,Delhi,"Mundka, Delhi - DPCC","26-03-2025 17:00:00",28.684678,77.076574,OZONE,5,121,76
India,Delhi,Delhi,"Lodhi Road, Delhi - IITM","26-03-2025 17:00:00",28.588333,77.221667,PM10,91,176,141
India,Gujarat,Gandhinagar,"Sector-10, Gandhinagar - GPCB","26-03-2025 17:00:00",23.221714,72.654328,SO2,4,6,5
India,Gujarat,Gandhinagar,"Sector-10, Gandhinagar - GPCB","26-03-2025 17:00:00",23.221714,72.654328,OZONE,22,23,22
India,Gujarat,Surat,"Science Center, Surat - SMC","26-03-2025 17:00:00",21.170046,72.795405,PM2.5,3,70,28
India,Gujarat,Surat,"Science Center, Surat - SMC","26-03-2025 17:00:00",21.170046,72.795405,SO2,43,47,44
India,Gujarat,Surat,"Science Center, Surat - SMC","26-03-2025 17:00:00",21.170046,72.795405,CO,33,60,42
India,Gujarat,Vapi,"Phase-1 GIDC, Vapi - GPCB","26-03-2025 17:00:00",20.362421,72.918013,NO2,13,14,14
India,Gujarat,Vatva,"Phase-4 GIDC, Vatva - GPCB","26-03-2025 17:00:00",22.969611,72.643500,PM10,55,344,117
India,Gujarat,Vatva,"Phase-4 GIDC, Vatva - GPCB","26-03-2025 17:00:00",22.969611,72.643500,CO,40,101,44
India,Gujarat,Vatva,"Phase-4 GIDC, Vatva - GPCB","26-03-2025 17:00:00",22.969611,72.643500,OZONE,1,3,1
India,Haryana,"Charkhi Dadri","Mini Secretariat, Charkhi Dadri - HSPCB","26-03-2025 17:00:00",28.593883,76.270653,CO,7,25,13
India,Haryana,Faridabad,"New Industrial Town, Faridabad - HSPCB","26-03-2025 17:00:00",28.39072,77.30059,PM2.5,NA,NA,NA
India,Haryana,Faridabad,"New Industrial Town, Faridabad - HSPCB","26-03-2025 17:00:00",28.39072,77.30059,NO2,NA,NA,NA
India,Haryana,Faridabad,"New Industrial Town, Faridabad - HSPCB","26-03-2025 17:00:00",28.39072,77.30059,NH3,NA,NA,NA
India,Haryana,Faridabad,"New Industrial Town, Faridabad - HSPCB","26-03-2025 17:00:00",28.39072,77.30059,CO,12,42,36
India,Haryana,Faridabad,"New Industrial Town, Faridabad - HSPCB","26-03-2025 17:00:00",28.39072,77.30059,OZONE,63,68,65
India,Haryana,Faridabad,"Sector 11, Faridabad - HSPCB","26-03-2025 17:00:00",28.376058,77.315741,SO2,8,9,9
India,Haryana,Faridabad,"Sector 11, Faridabad - HSPCB","26-03-2025 17:00:00",28.376058,77.315741,CO,31,52,48
India,Haryana,Faridabad,"Sector 11, Faridabad - HSPCB","26-03-2025 17:00:00",28.376058,77.315741,OZONE,19,21,20
India,Haryana,Faridabad,"Sector 30, Faridabad - HSPCB","26-03-2025 17:00:00",28.4417,77.3217,PM10,96,102,99
India,Haryana,Gurugram,"NISE Gwal Pahari, Gurugram - IMD","26-03-2025 17:00:00",28.422681,77.148944,NO2,8,79,39
India,Haryana,Gurugram,"Sector-51, Gurugram - HSPCB","26-03-2025 17:00:00",28.4227,77.0667,PM10,101,500,292
India,Haryana,Gurugram,"Teri Gram, Gurugram - HSPCB","26-03-2025 17:00:00",28.4275,77.1465,PM10,94,449,204
India,Haryana,Gurugram,"Teri Gram, Gurugram - HSPCB","26-03-2025 17:00:00",28.4275,77.1465,OZONE,21,42,39
India,Haryana,Panchgaon,"Amity University, Panchgaon - IITM","26-03-2025 17:00:00",28.3153,76.9143,SO2,8,34,22
India,"Himachal Pradesh",Baddi,"HIMUDA Complex Phase-1, Baddi - HPPCB","26-03-2025 17:00:00",30.943887,76.801991,NH3,4,9,6
India,"Himachal Pradesh",Baddi,"HIMUDA Complex Phase-1, Baddi - HPPCB","26-03-2025 17:00:00",30.943887,76.801991,OZONE,18,198,151
India,Jammu_and_Kashmir,Srinagar,"Rajbagh, Srinagar - JKSPCB","26-03-2025 17:00:00",34.066206,74.819820,CO,12,19,16
India,Jharkhand,Dhanbad,"Sardar Patel Nagar, Dhanbad - JSPCB","26-03-2025 17:00:00",23.80569,86.44268,SO2,NA,NA,NA
India,Karnataka,Bagalkot,"Vidayagiri, Bagalkot - KSPCB","26-03-2025 17:00:00",16.172806,75.659694,PM10,NA,NA,NA
India,Karnataka,Bengaluru,"BTM Layout, Bengaluru - CPCB","26-03-2025 17:00:00",12.9135218,77.5950804,PM2.5,36,87,57
India,Karnataka,Bengaluru,"BTM Layout, Bengaluru - CPCB","26-03-2025 17:00:00",12.9135218,77.5950804,PM10,NA,NA,NA
India,Karnataka,Bengaluru,"BTM Layout, Bengaluru - CPCB","26-03-2025 17:00:00",12.9135218,77.5950804,NO2,36,38,37
India,Karnataka,Bengaluru,"BTM Layout, Bengaluru - CPCB","26-03-2025 17:00:00",12.9135218,77.5950804,SO2,6,14,10
India,Karnataka,Bengaluru,"Bapuji Nagar, Bengaluru - KSPCB","26-03-2025 17:00:00",12.951913,77.539784,PM2.5,34,122,63
India,Karnataka,Bengaluru,"Bapuji Nagar, Bengaluru - KSPCB","26-03-2025 17:00:00",12.951913,77.539784,NO2,14,19,16
India,Karnataka,Bengaluru,"Bapuji Nagar, Bengaluru - KSPCB","26-03-2025 17:00:00",12.951913,77.539784,SO2,12,33,24
India,Karnataka,Bengaluru,"Jigani, Bengaluru - KSPCB","26-03-2025 17:00:00",12.7816279,77.6299145,OZONE,24,29,26
India,Karnataka,Bengaluru,"Kasturi Nagar, Bengaluru - KSPCB","26-03-2025 17:00:00",13.003872,77.664217,NH3,3,4,3
India,Karnataka,Bengaluru,"Kasturi Nagar, Bengaluru - KSPCB","26-03-2025 17:00:00",13.003872,77.664217,CO,16,109,31
India,Karnataka,Bengaluru,"Peenya, Bengaluru - CPCB","26-03-2025 17:00:00",13.0270199,77.494094,NH3,1,4,3
India,Karnataka,Bengaluru,"Peenya, Bengaluru - CPCB","26-03-2025 17:00:00",13.0270199,77.494094,SO2,1,36,9
India,Karnataka,Bengaluru,"Peenya, Bengaluru - CPCB","26-03-2025 17:00:00",13.0270199,77.494094,OZONE,27,36,32
India,Karnataka,Bengaluru,"RVCE-Mailasandra, Bengaluru - KSPCB","26-03-2025 17:00:00",12.921418,77.502466,NO2,20,22,21
India,Gujarat,Ahmedabad,"Gyaspur, Ahmedabad - IITM","26-03-2025 17:00:00",22.977134,72.553024,NH3,2,8,4
India,Gujarat,Ahmedabad,"Gyaspur, Ahmedabad - IITM","26-03-2025 17:00:00",22.977134,72.553024,CO,3,66,16
India,Gujarat,Ahmedabad,"Gyaspur, Ahmedabad - IITM","26-03-2025 17:00:00",22.977134,72.553024,OZONE,1,122,26
India,Gujarat,Ahmedabad,"Maninagar, Ahmedabad - GPCB","26-03-2025 17:00:00",23.002657,72.591912,PM10,73,426,161
India,Gujarat,Ahmedabad,"Raikhad, Ahmedabad - IITM","26-03-2025 17:00:00",23.020509,72.579261,NO2,10,123,38
India,Gujarat,Ahmedabad,"Raikhad, Ahmedabad - IITM","26-03-2025 17:00:00",23.020509,72.579261,NH3,4,15,8
India,Gujarat,Ahmedabad,"Rakhial, Ahmedabad - IITM","26-03-2025 17:00:00",23.016834,72.625775,SO2,11,132,78
India,Karnataka,Bengaluru,"Hombegowda Nagar, Bengaluru - KSPCB","26-03-2025 17:00:00",12.938539,77.590100,PM10,34,70,44
India,Karnataka,Bengaluru,"Jayanagar 5th Block, Bengaluru - KSPCB","26-03-2025 17:00:00",12.920984,77.584908,CO,1,50,15
India,Karnataka,Bengaluru,"Jayanagar 5th Block, Bengaluru - KSPCB","26-03-2025 17:00:00",12.920984,77.584908,OZONE,13,20,18
India,Karnataka,Bengaluru,"Jigani, Bengaluru - KSPCB","26-03-2025 17:00:00",12.7816279,77.6299145,NO2,27,35,33
India,Gujarat,Ahmedabad,"Sardar Vallabhbhai Patel Stadium, Ahmedabad - IITM","26-03-2025 17:00:00",23.043070,72.562968,PM10,54,211,112
India,Gujarat,Ahmedabad,"Sardar Vallabhbhai Patel Stadium, Ahmedabad - IITM","26-03-2025 17:00:00",23.043070,72.562968,NH3,6,31,10
India,Gujarat,Ankleshwar,"GIDC, Ankleshwar - GPCB","26-03-2025 17:00:00",21.613267,73.010555,NO2,50,50,50
India,Gujarat,Ankleshwar,"GIDC, Ankleshwar - GPCB","26-03-2025 17:00:00",21.613267,73.010555,OZONE,32,41,32
India,Kerala,Kollam,"Polayathode, Kollam - Kerala PCB","26-03-2025 17:00:00",8.8787,76.6073,CO,14,18,15
India,Kerala,Kollam,"Polayathode, Kollam - Kerala PCB","26-03-2025 17:00:00",8.8787,76.6073,OZONE,29,37,36
India,Kerala,Thiruvananthapuram,"Kariavattom, Thiruvananthapuram - Kerala PCB","26-03-2025 17:00:00",8.563700,76.886500,NO2,6,7,6
India,Kerala,Thiruvananthapuram,"Kariavattom, Thiruvananthapuram - Kerala PCB","26-03-2025 17:00:00",8.563700,76.886500,SO2,1,10,6
India,Kerala,Thiruvananthapuram,"Plammoodu, Thiruvananthapuram - Kerala PCB","26-03-2025 17:00:00",8.5149093,76.9435879,PM10,12,98,52
India,Kerala,Thiruvananthapuram,"Plammoodu, Thiruvananthapuram - Kerala PCB","26-03-2025 17:00:00",8.5149093,76.9435879,NO2,5,17,10
India,Kerala,Thiruvananthapuram,"Plammoodu, Thiruvananthapuram - Kerala PCB","26-03-2025 17:00:00",8.5149093,76.9435879,NH3,2,3,2
India,Kerala,Thrissur,"Corporation Ground, Thrissur - Kerala PCB","26-03-2025 17:00:00",10.532400,76.215900,NO2,8,10,9
India,Kerala,Thrissur,"Corporation Ground, Thrissur - Kerala PCB","26-03-2025 17:00:00",10.532400,76.215900,CO,6,18,12
India,"Madhya Pradesh",Gwalior,"Deen Dayal Nagar, Gwalior - MPPCB","26-03-2025 17:00:00",26.259242,78.216432,NH3,7,11,8
India,"Madhya Pradesh",Gwalior,"Maharaj Bada, Gwalior - MPPCB","26-03-2025 17:00:00",26.200388,78.147714,SO2,5,35,21
India,"Madhya Pradesh",Indore,"Chhoti Gwaltoli, Indore - MPPCB","26-03-2025 17:00:00",22.4310,75.5213,NO2,48,206,134
India,"Madhya Pradesh",Indore,"Chhoti Gwaltoli, Indore - MPPCB","26-03-2025 17:00:00",22.4310,75.5213,SO2,10,122,25
India,"Madhya Pradesh",Indore,"Regional Park, Indore - IMC","26-03-2025 17:00:00",22.6780,75.8559,SO2,58,66,61
India,"Madhya Pradesh",Indore,"Residency Area, Indore - IMC","26-03-2025 17:00:00",22.7084,75.8815,PM2.5,36,302,121
India,"Madhya Pradesh",Bhopal,"T T Nagar, Bhopal - MPPCB","26-03-2025 17:00:00",23.233584,77.400574,PM10,73,152,119
India,"Madhya Pradesh",Bhopal,"T T Nagar, Bhopal - MPPCB","26-03-2025 17:00:00",23.233584,77.400574,NO2,16,121,64
India,"Madhya Pradesh",Bhopal,"T T Nagar, Bhopal - MPPCB","26-03-2025 17:00:00",23.233584,77.400574,SO2,17,73,35
India,"Madhya Pradesh",Damoh,"Shrivastav Colony, Damoh - MPPCB","26-03-2025 17:00:00",23.81748678,79.446246,SO2,4,19,16
India,"Madhya Pradesh",Damoh,"Shrivastav Colony, Damoh - MPPCB","26-03-2025 17:00:00",23.81748678,79.446246,CO,20,25,22
India,"Madhya Pradesh",Gwalior,"Deen Dayal Nagar, Gwalior - MPPCB","26-03-2025 17:00:00",26.259242,78.216432,PM2.5,48,474,182
India,"Madhya Pradesh",Gwalior,"Deen Dayal Nagar, Gwalior - MPPCB","26-03-2025 17:00:00",26.259242,78.216432,NO2,4,98,35
India,Karnataka,Tumakuru,"Thimmalapura, Tumakuru - KSPCB","26-03-2025 17:00:00",13.377516,77.099072,PM10,115,195,154
India,Karnataka,Tumakuru,"Thimmalapura, Tumakuru - KSPCB","26-03-2025 17:00:00",13.377516,77.099072,SO2,3,7,6
India,Karnataka,Tumakuru,"Thimmalapura, Tumakuru - KSPCB","26-03-2025 17:00:00",13.377516,77.099072,OZONE,5,7,6
India,Kerala,Eloor,"Udyogamandal, Eloor - Kerala PCB","26-03-2025 17:00:00",10.073232,76.302765,SO2,3,3,3
India,Kerala,Kannur,"Thavakkara, Kannur - Kerala PCB","26-03-2025 17:00:00",11.875000,75.373200,PM10,NA,NA,NA
India,Kerala,Kannur,"Thavakkara, Kannur - Kerala PCB","26-03-2025 17:00:00",11.875000,75.373200,NO2,NA,NA,NA
India,Kerala,Kannur,"Thavakkara, Kannur - Kerala PCB","26-03-2025 17:00:00",11.875000,75.373200,NH3,NA,NA,NA
India,Karnataka,Chamarajanagar,"Urban, Chamarajanagar - KSPCB","26-03-2025 17:00:00",11.55358,76.55521,PM10,29,61,46
India,Karnataka,Chamarajanagar,"Urban, Chamarajanagar - KSPCB","26-03-2025 17:00:00",11.55358,76.55521,OZONE,21,49,38
India,Karnataka,Chikkaballapur,"Chikkaballapur Rural, Chikkaballapur - KSPCB","26-03-2025 17:00:00",13.428828,77.731418,SO2,14,26,21
India,Karnataka,Davanagere,"Devaraj Urs Badavane, Davanagere - KSPCB","26-03-2025 17:00:00",14.475800,75.905200,PM2.5,22,143,55
India,Karnataka,Davanagere,"Devaraj Urs Badavane, Davanagere - KSPCB","26-03-2025 17:00:00",14.475800,75.905200,PM10,49,106,75
India,Karnataka,Davanagere,"Devaraj Urs Badavane, Davanagere - KSPCB","26-03-2025 17:00:00",14.475800,75.905200,CO,28,40,31
India,Karnataka,Kalaburagi,"Mahatma Basaveswar Colony, Kalaburgi - KSPCB","26-03-2025 17:00:00",17.336318,76.847397,PM10,NA,NA,NA
India,Karnataka,Karwar,"KHB Colony, Karwar - KSPCB","26-03-2025 17:00:00",14.816666,74.141003,PM2.5,NA,NA,NA
India,Karnataka,Karwar,"KHB Colony, Karwar - KSPCB","26-03-2025 17:00:00",14.816666,74.141003,NO2,NA,NA,NA
India,Karnataka,Karwar,"KHB Colony, Karwar - KSPCB","26-03-2025 17:00:00",14.816666,74.141003,SO2,NA,NA,NA
India,Karnataka,Koppal,"Diwator Nagar, Koppal - KSPCB","26-03-2025 17:00:00",15.347630,76.181767,NO2,6,21,11
India,Karnataka,Koppal,"Diwator Nagar, Koppal - KSPCB","26-03-2025 17:00:00",15.347630,76.181767,CO,26,32,30
India,Karnataka,Koppal,"Diwator Nagar, Koppal - KSPCB","26-03-2025 17:00:00",15.347630,76.181767,OZONE,14,54,38
India,Karnataka,Madikeri,"Stuart Hill, Madikeri - KSPCB","26-03-2025 17:00:00",12.415911,75.735050,OZONE,4,5,5
India,Karnataka,Ramanagara,"Vijay Nagar, Ramanagara - KSPCB","26-03-2025 17:00:00",12.733409,77.298051,PM2.5,45,85,62
India,Karnataka,Ramanagara,"Vijay Nagar, Ramanagara - KSPCB","26-03-2025 17:00:00",12.733409,77.298051,OZONE,5,198,183
India,Karnataka,Shivamogga,"Vinoba Nagara, Shivamogga - KSPCB","26-03-2025 17:00:00",13.940000,75.555917,SO2,4,9,7
India,Karnataka,Dharwad,"Kalabhavan, Dharwad - KSPCB","26-03-2025 17:00:00",15.459706,75.008381,OZONE,6,43,31
India,Karnataka,Haveri,"Ashwini Nagar, Haveri - KSPCB","26-03-2025 17:00:00",14.791800,75.389600,NO2,NA,NA,NA
India,Karnataka,Hubballi,"Lingaraj Nagar, Hubballi - KSPCB","26-03-2025 17:00:00",15.3714823,75.1160168,PM10,44,49,45
India,Karnataka,Bengaluru,"Shivapura_Peenya, Bengaluru - KSPCB","26-03-2025 17:00:00",13.0246342,77.5080115,CO,32,48,37
India,Karnataka,Bengaluru,"Shivapura_Peenya, Bengaluru - KSPCB","26-03-2025 17:00:00",13.0246342,77.5080115,OZONE,24,26,24
India,Maharashtra,Aurangabad,"Rachnakar Colony, Aurangabad - MPCB","26-03-2025 17:00:00",19.863756,75.321188,SO2,24,58,38
India,Maharashtra,Badlapur,"Katrap, Badlapur - MPCB","26-03-2025 17:00:00",19.16485,73.23409,NH3,3,7,4
India,Maharashtra,Badlapur,"Katrap, Badlapur - MPCB","26-03-2025 17:00:00",19.16485,73.23409,OZONE,5,104,55
India,Maharashtra,Belapur,"CBD Belapur, Belapur - MPCB","26-03-2025 17:00:00",19.0243902,73.0406721,PM2.5,37,80,55
India,Maharashtra,Belapur,"CBD Belapur, Belapur - MPCB","26-03-2025 17:00:00",19.0243902,73.0406721,PM10,86,123,101
India,Maharashtra,Belapur,"CBD Belapur, Belapur - MPCB","26-03-2025 17:00:00",19.0243902,73.0406721,NH3,5,8,7
India,Maharashtra,Bhiwandi,"Gokul Nagar, Bhiwandi - MPCB","26-03-2025 17:00:00",19.309073,73.057223,PM2.5,23,134,78
India,Maharashtra,Bhiwandi,"Gokul Nagar, Bhiwandi - MPCB","26-03-2025 17:00:00",19.309073,73.057223,OZONE,15,90,51
India,Maharashtra,Boisar,"Khaira, Boisar - MPCB","26-03-2025 17:00:00",19.786089,72.757971,PM2.5,40,85,66
India,Maharashtra,Boisar,"Khaira, Boisar - MPCB","26-03-2025 17:00:00",19.786089,72.757971,SO2,1,32,18
India,Maharashtra,Mahad,"Kamble Tarf Birwadi, Mahad - MPCB","26-03-2025 17:00:00",18.1023399,73.4783687,NO2,10,62,20
India,Maharashtra,Mahad,"Kamble Tarf Birwadi, Mahad - MPCB","26-03-2025 17:00:00",18.1023399,73.4783687,SO2,10,112,27
India,Maharashtra,Malegaon,"Mahesh Nagar, Malegaon - MPCB","26-03-2025 17:00:00",20.555712,74.529236,PM2.5,47,303,104
India,Maharashtra,Malegaon,"Mahesh Nagar, Malegaon - MPCB","26-03-2025 17:00:00",20.555712,74.529236,NH3,9,10,10
India,Maharashtra,Mira-Bhayandar,"Bhayandar West, Mira-Bhayandar - MPCB","26-03-2025 17:00:00",19.296481,72.840923,NH3,1,3,2
India,Maharashtra,Mumbai,"Bandra Kurla Complex, Mumbai - MPCB","26-03-2025 17:00:00",19.065931,72.862131,NO2,16,72,40
India,Maharashtra,Mumbai,"Bandra Kurla Complex, Mumbai - MPCB","26-03-2025 17:00:00",19.065931,72.862131,NH3,4,11,7
India,Maharashtra,Mumbai,"Borivali East, Mumbai - IITM","26-03-2025 17:00:00",19.23241,72.86895,NO2,23,110,51
India,Maharashtra,Jalna,"Old MIDC, Jalna - MPCB","26-03-2025 17:00:00",19.854616,75.905894,OZONE,30,94,59
India,Maharashtra,Kalyan,"Khadakpada, Kalyan - MPCB","26-03-2025 17:00:00",19.25292,73.142019,SO2,4,6,5
India,Maharashtra,Kalyan,"Pimpleshwar Mandir, Kalyan - MPCB","26-03-2025 17:00:00",19.192056,72.9585188,CO,6,42,14
India,Maharashtra,Kolhapur,"Sinchan Bhavan, Kolhapur - MPCB","26-03-2025 17:00:00",16.7143745,74.2426398,NH3,NA,NA,NA
India,Maharashtra,Latur,"Sawe Wadi, Latur - MPCB","26-03-2025 17:00:00",18.39963,76.57452,PM2.5,61,233,125
India,Maharashtra,Latur,"Sawe Wadi, Latur - MPCB","26-03-2025 17:00:00",18.39963,76.57452,NO2,12,137,44
India,Maharashtra,Amravati,"Shivneri Colony, Amravati - MPCB","26-03-2025 17:00:00",20.9402359,77.7895248,NH3,1,3,2
India,Maharashtra,Amravati,"Shri Shivaji Science College, Amaravati - MPCB","26-03-2025 17:00:00",20.939198,77.765701,PM10,49,292,110
India,Maharashtra,Amravati,"Shri Shivaji Science College, Amaravati - MPCB","26-03-2025 17:00:00",20.939198,77.765701,SO2,11,51,27
India,Maharashtra,Aurangabad,"MIDC Chilkalthana, Aurangabad - MPCB","26-03-2025 17:00:00",19.875620,75.387310,PM10,57,169,113
India,Maharashtra,Aurangabad,"More Chowk Waluj, Aurangabad - MPCB","26-03-2025 17:00:00",19.8389439,75.244448,NH3,9,10,9
India,Maharashtra,Chandrapur,"Chauhan Colony, Chandrapur - MPCB","26-03-2025 17:00:00",19.962900,79.298714,PM10,120,447,229
India,Maharashtra,Chandrapur,"Chauhan Colony, Chandrapur - MPCB","26-03-2025 17:00:00",19.962900,79.298714,NO2,27,65,42
India,Maharashtra,Chandrapur,"Chauhan Colony, Chandrapur - MPCB","26-03-2025 17:00:00",19.962900,79.298714,NH3,2,2,2
India,Maharashtra,Dhule,"Deopur, Dhule - MPCB","26-03-2025 17:00:00",20.918946,74.776388,OZONE,79,82,80
India,Maharashtra,Jalna,"Old MIDC, Jalna - MPCB","26-03-2025 17:00:00",19.854616,75.905894,NH3,2,5,4
India,Maharashtra,Jalna,"Old MIDC, Jalna - MPCB","26-03-2025 17:00:00",19.854616,75.905894,SO2,NA,NA,NA
India,"Madhya Pradesh",Sagar,"Civil Lines, Sagar - MPPCB","26-03-2025 17:00:00",23.838586,78.759431,PM10,26,61,40
India,"Madhya Pradesh",Sagar,"Civil Lines, Sagar - MPPCB","26-03-2025 17:00:00",23.838586,78.759431,NO2,7,38,15
India,"Madhya Pradesh",Sagar,"Deen Dayal Nagar, Sagar - MPPCB","26-03-2025 17:00:00",23.8640158,78.80289321,PM10,39,97,62
India,"Madhya Pradesh",Sagar,"Deen Dayal Nagar, Sagar - MPPCB","26-03-2025 17:00:00",23.8640158,78.80289321,NO2,4,96,37
India,"Madhya Pradesh",Satna,"Bandhavgar Colony, Satna - Birla Cement","26-03-2025 17:00:00",24.58434363,80.8549414,PM2.5,41,43,42
India,"Madhya Pradesh",Jabalpur,"Suhagi, Jabalpur - JMC","26-03-2025 17:00:00",23.218135,79.957770,NO2,24,130,60
India,"Madhya Pradesh",Katni,"Gole Bazar, Katni - MPPCB","26-03-2025 17:00:00",23.50016,80.23284,CO,17,123,24
India,"Madhya Pradesh",Pithampur,"Sector-2 Industrial Area, Pithampur - MPPCB","26-03-2025 17:00:00",22.624758,75.675238,PM10,90,225,132
India,"Madhya Pradesh",Ujjain,"Mahakaleshwar Temple, Ujjain - MPPCB","26-03-2025 17:00:00","23.182719 ","75.768218 ",NO2,15,137,33
India,Maharashtra,Ahmednagar,"Tarakpur, Ahmednagar - MPCB","26-03-2025 17:00:00",19.10122,74.73339,PM2.5,42,87,60
India,Maharashtra,Ahmednagar,"Tarakpur, Ahmednagar - MPCB","26-03-2025 17:00:00",19.10122,74.73339,NH3,1,8,5
India,"Madhya Pradesh",Jabalpur,"Govindh Bhavan Colony, Jabalpur - JMC","26-03-2025 17:00:00",23.163174,79.973061,SO2,5,47,11
India,"Madhya Pradesh",Jabalpur,"Gupteshwar, Jabalpur - JMC","26-03-2025 17:00:00",23.142888,79.916147,PM2.5,18,157,68
India,"Madhya Pradesh",Jabalpur,"Gupteshwar, Jabalpur - JMC","26-03-2025 17:00:00",23.142888,79.916147,NO2,17,139,49
India,"Madhya Pradesh",Jabalpur,"Gupteshwar, Jabalpur - JMC","26-03-2025 17:00:00",23.142888,79.916147,NH3,2,10,3
India,Maharashtra,Nashik,"Hirawadi, Nashik - MPCB","26-03-2025 17:00:00",20.021503,73.813844,OZONE,26,117,73
India,Maharashtra,Nashik,"MIDC Ambad, Nashik - MPCB","26-03-2025 17:00:00",19.950220,73.731480,PM2.5,55,145,104
India,Maharashtra,Nashik,"MIDC Ambad, Nashik - MPCB","26-03-2025 17:00:00",19.950220,73.731480,NO2,4,47,12
India,Maharashtra,Nashik,"MIDC Ambad, Nashik - MPCB","26-03-2025 17:00:00",19.950220,73.731480,SO2,9,30,15
India,Maharashtra,Nashik,"Pandav Nagari, Nashik - MPCB","26-03-2025 17:00:00",19.9591346,73.7788008,NO2,6,26,15
India,Maharashtra,Nashik,"Pandav Nagari, Nashik - MPCB","26-03-2025 17:00:00",19.9591346,73.7788008,OZONE,20,113,74
India,Maharashtra,"Navi Mumbai","Kopripada-Vashi, Navi Mumbai - MPCB","26-03-2025 17:00:00",19.090337,73.014232,PM10,37,71,49
India,Maharashtra,"Navi Mumbai","Kopripada-Vashi, Navi Mumbai - MPCB","26-03-2025 17:00:00",19.090337,73.014232,NO2,47,131,70
India,Maharashtra,"Navi Mumbai","Sanpada, Navi Mumbai - MPCB","26-03-2025 17:00:00",19.0575752,73.0151367,CO,4,18,9
India,Maharashtra,Mumbai,"Borivali East, Mumbai - MPCB","26-03-2025 17:00:00",19.2243333,72.8658113,PM2.5,26,45,36
India,Maharashtra,Mumbai,"Borivali East, Mumbai - MPCB","26-03-2025 17:00:00",19.2243333,72.8658113,NO2,11,39,21
India,Maharashtra,Mumbai,"Byculla, Mumbai - BMC","26-03-2025 17:00:00",18.9767,72.8380,NH3,4,10,6
India,Maharashtra,Mumbai,"Byculla, Mumbai - BMC","26-03-2025 17:00:00",18.9767,72.8380,OZONE,11,86,50
India,Maharashtra,Mumbai,"Chakala-Andheri East, Mumbai - IITM","26-03-2025 17:00:00",19.11074,72.86084,PM10,58,163,97
India,Maharashtra,Mumbai,"Chakala-Andheri East, Mumbai - IITM","26-03-2025 17:00:00",19.11074,72.86084,SO2,1,27,6
India,Maharashtra,Mumbai,"Chembur, Mumbai - MPCB","26-03-2025 17:00:00",19.0364585,72.8954371,NH3,9,12,10
India,Maharashtra,Mumbai,"Chhatrapati Shivaji Intl. Airport (T2), Mumbai - MPCB","26-03-2025 17:00:00",19.10078,72.87462,PM2.5,38,50,44
India,Maharashtra,Mumbai,"Khindipada-Bhandup West, Mumbai - IITM","26-03-2025 17:00:00",19.1653323,72.922099,NH3,NA,NA,NA
India,Maharashtra,Mumbai,"Kurla, Mumbai - MPCB","26-03-2025 17:00:00",19.0863,72.8888,NO2,3,4,4
India,Maharashtra,Mumbai,"Malad West, Mumbai - IITM","26-03-2025 17:00:00",19.19709,72.82204,NH3,NA,NA,NA
India,Maharashtra,Mumbai,"Malad West, Mumbai - IITM","26-03-2025 17:00:00",19.19709,72.82204,SO2,4,8,6
India,Maharashtra,Mumbai,"Mazgaon, Mumbai - IITM","26-03-2025 17:00:00",18.96702,72.84214,CO,12,46,38
India,Maharashtra,Mumbai,"Mindspace-Malad West, Mumbai - MPCB","26-03-2025 17:00:00",19.1878657,72.8304069,PM10,42,81,58
India,Maharashtra,Mumbai,"Mindspace-Malad West, Mumbai - MPCB","26-03-2025 17:00:00",19.1878657,72.8304069,SO2,13,27,19
India,Maharashtra,Nagpur,"Mahal, Nagpur - MPCB","26-03-2025 17:00:00",21.14472,79.107595,CO,36,122,65
India,Maharashtra,Nagpur,"Opp GPO Civil Lines, Nagpur - MPCB","26-03-2025 17:00:00",21.152875,79.0517531,SO2,22,106,37
India,Maharashtra,Nagpur,"Ram Nagar, Nagpur - MPCB","26-03-2025 17:00:00",21.143383,79.048912,NO2,9,78,33
India,Maharashtra,Nagpur,"Ram Nagar, Nagpur - MPCB","26-03-2025 17:00:00",21.143383,79.048912,OZONE,4,92,62
India,Maharashtra,Nanded,"Sneh Nagar, Nanded - MPCB","26-03-2025 17:00:00",19.173852,77.296291,SO2,11,13,12
India,Maharashtra,Nanded,"Sneh Nagar, Nanded - MPCB","26-03-2025 17:00:00",19.173852,77.296291,CO,6,80,17
India,Maharashtra,Nanded,"Sneh Nagar, Nanded - MPCB","26-03-2025 17:00:00",19.173852,77.296291,OZONE,6,128,97
India,Maharashtra,Mumbai,"Kandivali East, Mumbai - MPCB","26-03-2025 17:00:00",19.205800,72.868200,PM2.5,77,85,80
India,Maharashtra,Mumbai,"Kandivali East, Mumbai - MPCB","26-03-2025 17:00:00",19.205800,72.868200,NH3,3,6,4
India,Maharashtra,Mumbai,"Kandivali West, Mumbai - BMC","26-03-2025 17:00:00",19.215859,72.831718,NH3,1,9,7
India,Maharashtra,Mumbai,"Kherwadi_Bandra East, Mumbai - MPCB","26-03-2025 17:00:00",19.0632143,72.8456324,PM10,53,108,84
India,Maharashtra,Mumbai,"Kherwadi_Bandra East, Mumbai - MPCB","26-03-2025 17:00:00",19.0632143,72.8456324,NO2,13,92,30
India,Maharashtra,Mumbai,"Mulund West, Mumbai - MPCB","26-03-2025 17:00:00",19.1750,72.9419,SO2,NA,NA,NA
India,Maharashtra,Mumbai,"Navy Nagar-Colaba, Mumbai - IITM","26-03-2025 17:00:00",18.897756,72.813320,OZONE,32,71,45
India,Maharashtra,Mumbai,"Powai, Mumbai - MPCB","26-03-2025 17:00:00",19.137500,72.915056,SO2,22,24,24
India,Maharashtra,Mumbai,"Powai, Mumbai - MPCB","26-03-2025 17:00:00",19.137500,72.915056,CO,14,16,15
India,Maharashtra,Mumbai,"Sewri, Mumbai - BMC","26-03-2025 17:00:00",19.000084,72.856730,PM2.5,4,71,22
India,Maharashtra,Mumbai,"Siddharth Nagar-Worli, Mumbai - IITM","26-03-2025 17:00:00",19.000083,72.813993,PM2.5,3,46,23
India,Maharashtra,Mumbai,"Siddharth Nagar-Worli, Mumbai - IITM","26-03-2025 17:00:00",19.000083,72.813993,NO2,18,42,25
India,Maharashtra,Mumbai,"Sion, Mumbai - MPCB","26-03-2025 17:00:00",19.047000,72.874600,SO2,6,6,6
India,Maharashtra,Mumbai,"Sion, Mumbai - MPCB","26-03-2025 17:00:00",19.047000,72.874600,CO,2,2,2
India,Maharashtra,Mumbai,"Vasai West, Mumbai - MPCB","26-03-2025 17:00:00",19.383200,72.820400,PM10,52,108,75
India,Maharashtra,Mumbai,"Vile Parle West, Mumbai - MPCB","26-03-2025 17:00:00",19.10861,72.83622,SO2,35,36,36
India,Maharashtra,Nagpur,"Ambazari, Nagpur - MPCB","26-03-2025 17:00:00",21.121801,79.04952,NH3,2,31,9
India,Maharashtra,Nagpur,"Mahal, Nagpur - MPCB","26-03-2025 17:00:00",21.14472,79.107595,PM10,90,204,143
India,Maharashtra,Nagpur,"Mahal, Nagpur - MPCB","26-03-2025 17:00:00",21.14472,79.107595,NO2,30,110,59
India,Maharashtra,Mumbai,"Colaba, Mumbai - MPCB","26-03-2025 17:00:00",18.910000,72.820000,NO2,25,28,26
India,Maharashtra,Mumbai,"Ghatkopar, Mumbai - BMC","26-03-2025 17:00:00",19.083694,72.920967,SO2,2,9,5
India,Maharashtra,Mumbai,"Ghatkopar, Mumbai - BMC","26-03-2025 17:00:00",19.083694,72.920967,CO,2,28,5
India,Maharashtra,Pimpri-Chinchwad,"Savta Mali Nagar, Pimpri-Chinchwad - IITM","26-03-2025 17:00:00",18.614767,73.799516,NO2,22,61,35
India,Maharashtra,Pimpri-Chinchwad,"Thergaon, Pimpri Chinchwad - MPCB","26-03-2025 17:00:00",18.616318,73.765797,OZONE,13,71,47
India,Maharashtra,Pune,"Bhosari, Pune - IITM","26-03-2025 17:00:00",18.640051,73.848956,NO2,15,61,33
India,Maharashtra,Pune,"Karve Road, Pune - MPCB","26-03-2025 17:00:00",18.5011743,73.8165527,PM2.5,145,145,145
India,Maharashtra,Pune,"Karve Road, Pune - MPCB","26-03-2025 17:00:00",18.5011743,73.8165527,NO2,8,8,8
India,Maharashtra,Pune,"Karve Road, Pune - MPCB","26-03-2025 17:00:00",18.5011743,73.8165527,SO2,31,31,31
India,Maharashtra,Pune,"Karve Road, Pune - MPCB","26-03-2025 17:00:00",18.5011743,73.8165527,CO,74,74,74
India,Maharashtra,Pune,"Katraj Dairy, Pune - MPCB","26-03-2025 17:00:00",18.454450,73.854155,PM10,55,94,70
India,Maharashtra,"Navi Mumbai","Sector-2E Kalamboli, Navi Mumbai - MPCB","26-03-2025 17:00:00",19.02579,73.10297,OZONE,1,64,31
India,Maharashtra,"Navi Mumbai","Tondare-Taloja, Navi Mumbai - MPCB","26-03-2025 17:00:00",19.0630,73.1209,PM10,82,124,106
India,Maharashtra,Parbhani,"Masoom Colony, Parbhani - MPCB","26-03-2025 17:00:00",19.265594,76.761463,OZONE,12,110,85
India,Maharashtra,Pimpri-Chinchwad,"Gavalinagar, Pimpri Chinchwad - MPCB","26-03-2025 17:00:00",18.63673,73.82487,OZONE,9,105,83
India,Maharashtra,Pimpri-Chinchwad,"Park Street Wakad, Pimpri Chinchwad - MPCB","26-03-2025 17:00:00",18.59051,73.77946,NO2,52,112,75
India,Maharashtra,Pimpri-Chinchwad,"Park Street Wakad, Pimpri Chinchwad - MPCB","26-03-2025 17:00:00",18.59051,73.77946,CO,23,50,33
India,Odisha,Suakati,"OMC Colony, Suakati - OSPCB","26-03-2025 17:00:00",21.606865,85.510538,OZONE,2,75,53
India,Odisha,Tensa,"Barsua Iron Ore Mines, Tensa - OSPCB","26-03-2025 17:00:00",21.869985,85.167016,SO2,35,41,37
India,Odisha,Tensa,"Barsua Iron Ore Mines, Tensa - OSPCB","26-03-2025 17:00:00",21.869985,85.167016,CO,22,35,28
India,Puducherry,Puducherry,"Jawahar Nagar, Puducherry - PPCC","26-03-2025 17:00:00",11.9309,79.8027,CO,15,56,22
India,Punjab,Amritsar,"Golden Temple, Amritsar - PPCB","26-03-2025 17:00:00",31.620000,74.876512,OZONE,48,63,57
India,Punjab,Bathinda,"Hardev Nagar, Bathinda - PPCB","26-03-2025 17:00:00",30.233011,74.907758,PM2.5,35,90,62
India,Maharashtra,Ulhasnagar,"Sidhi Vinayak Nagar, Ulhasnagar - MPCB","26-03-2025 17:00:00",19.235581,73.159121,PM2.5,38,94,66
India,Maharashtra,Virar,"Bolinj, Virar - MPCB","26-03-2025 17:00:00",19.4458210,72.7988231,PM10,45,104,72
India,Meghalaya,Shillong,"JN Stadium, Shillong - Meghalaya PCB","26-03-2025 17:00:00",25.5803419,91.8942571,CO,34,103,39
India,Meghalaya,Shillong,"Lumpyngngad, Shillong - Meghalaya PCB","26-03-2025 17:00:00",25.5586,91.8985,SO2,7,13,10
India,Mizoram,Aizawl,"Sikulpuikawn, Aizawl - Mizoram PCB","26-03-2025 17:00:00",23.7176342,92.7192841,SO2,2,2,2
India,Maharashtra,Pune,"Katraj Dairy, Pune - MPCB","26-03-2025 17:00:00",18.454450,73.854155,SO2,1,4,3
India,Maharashtra,Pune,"Katraj Dairy, Pune - MPCB","26-03-2025 17:00:00",18.454450,73.854155,CO,26,77,45
India,Maharashtra,Pune,"Mhada Colony, Pune - IITM","26-03-2025 17:00:00",18.573040,73.927715,CO,18,128,96
India,Maharashtra,Pune,"Revenue Colony-Shivajinagar, Pune - IITM","26-03-2025 17:00:00",18.530085,73.849598,PM10,86,142,116
India,Maharashtra,Pune,"Savitribai Phule Pune University, Pune - MPCB","26-03-2025 17:00:00",18.547056,73.826908,CO,18,46,29
India,Maharashtra,Pune,"Transport Nagar-Nigdi, Pune - IITM","26-03-2025 17:00:00",18.664282,73.763966,NO2,27,66,39
India,Odisha,Cuttack,"CDA Area, Cuttack - OSPCB","26-03-2025 17:00:00","20.48891     ","85.84768     ",NH3,2,3,2
India,Odisha,Rairangpur,"Divisional Forest Office, Rairangpur - OSPCB","26-03-2025 17:00:00",22.265816,86.174829,NH3,1,2,1
India,Odisha,Rairangpur,"Divisional Forest Office, Rairangpur - OSPCB","26-03-2025 17:00:00",22.265816,86.174829,CO,12,38,14
India,Odisha,Rourkela,"Fertilizer Township, Rourkela - OSPCB","26-03-2025 17:00:00",22.18972222,84.86277778,SO2,21,22,21
India,Odisha,Rourkela,"Sector-2, Rourkela - OSPCB","26-03-2025 17:00:00",22.24500000,84.88111111,PM2.5,NA,NA,NA
India,Odisha,Rourkela,"Sector-2, Rourkela - OSPCB","26-03-2025 17:00:00",22.24500000,84.88111111,NO2,NA,NA,NA
India,Odisha,Angul,"Hakimapada, Angul - OSPCB","26-03-2025 17:00:00",20.832874,85.104082,NH3,2,5,3
India,Odisha,Angul,"Hakimapada, Angul - OSPCB","26-03-2025 17:00:00",20.832874,85.104082,SO2,19,129,65
India,Odisha,Balasore,"Kalidaspur, Balasore - OSPCB","26-03-2025 17:00:00",21.51161,86.89088,PM10,55,181,104
India,Odisha,Balasore,"Kalidaspur, Balasore - OSPCB","26-03-2025 17:00:00",21.51161,86.89088,OZONE,11,187,97
India,Odisha,Baripada,"Meher Colony, Baripada - OSPCB","26-03-2025 17:00:00",21.941841,86.728318,PM10,60,101,81
India,Odisha,Brajrajnagar,"GM Office, Brajrajnagar - OSPCB","26-03-2025 17:00:00",21.8004996,83.8396977,PM2.5,58,234,110
India,Odisha,Byasanagar,"Ferro Chrome Colony, Byasanagar - OSPCB","26-03-2025 17:00:00",20.94185,86.11510,PM2.5,50,223,86
India,Odisha,Byasanagar,"Ferro Chrome Colony, Byasanagar - OSPCB","26-03-2025 17:00:00",20.94185,86.11510,NO2,6,22,15
India,Odisha,Byasanagar,"Ferro Chrome Colony, Byasanagar - OSPCB","26-03-2025 17:00:00",20.94185,86.11510,SO2,2,80,14
India,Odisha,Byasanagar,"Ferro Chrome Colony, Byasanagar - OSPCB","26-03-2025 17:00:00",20.94185,86.11510,OZONE,2,283,158
India,Maharashtra,Solapur,"Dnyaneshwar Nagar, Solapur - MPCB","26-03-2025 17:00:00",17.6336264,75.9132495,SO2,2,5,3
India,Maharashtra,Solapur,"Ratandeep Housing Society, Solapur - MPCB","26-03-2025 17:00:00",17.65439,75.90649,PM10,66,182,107
India,Maharashtra,Thane,"Upvan Fort, Thane - MPCB","26-03-2025 17:00:00",19.222279,72.957979,PM10,35,75,55
India,Maharashtra,Thane,"Upvan Fort, Thane - MPCB","26-03-2025 17:00:00",19.222279,72.957979,NH3,1,4,2
India,Rajasthan,Bhiwadi,"Vasundhara Nagar_UIT, Bhiwadi - RSPCB","26-03-2025 17:00:00",28.207266,76.829265,NH3,9,21,16
India,Rajasthan,Bhiwadi,"Vasundhara Nagar_UIT, Bhiwadi - RSPCB","26-03-2025 17:00:00",28.207266,76.829265,SO2,16,58,30
India,Rajasthan,Bhiwadi,"Vasundhara Nagar_UIT, Bhiwadi - RSPCB","26-03-2025 17:00:00",28.207266,76.829265,OZONE,1,143,93
India,Rajasthan,Bikaner,"MM Ground, Bikaner - RSPCB","26-03-2025 17:00:00",28.018792,73.292658,NO2,11,107,35
India,Rajasthan,Bikaner,"MM Ground, Bikaner - RSPCB","26-03-2025 17:00:00",28.018792,73.292658,CO,8,110,22
India,Rajasthan,Chittorgarh,"Shastri Nagar, Chittorgarh - RSPCB","26-03-2025 17:00:00",24.892047,74.623527,PM10,49,342,120
India,Rajasthan,Chittorgarh,"Shastri Nagar, Chittorgarh - RSPCB","26-03-2025 17:00:00",24.892047,74.623527,CO,8,123,47
India,Rajasthan,Chittorgarh,"Shastri Nagar, Chittorgarh - RSPCB","26-03-2025 17:00:00",24.892047,74.623527,OZONE,1,187,177
India,Rajasthan,Churu,"Subash Chowk, Churu - RSPCB","26-03-2025 17:00:00",28.296139,74.961696,NO2,NA,NA,NA
India,Rajasthan,Jhunjhunu,"Indra Nagar, Jhunjhunu - RSPCB","26-03-2025 17:00:00",28.108988,75.386577,SO2,4,17,12
India,Rajasthan,Jodhpur,"Collectorate, Jodhpur - RSPCB","26-03-2025 17:00:00",26.268249,73.0193853,SO2,4,22,9
India,Rajasthan,Jodhpur,"Digari Kalan, Jodhpur - RSPCB","26-03-2025 17:00:00",26.295810,73.082283,SO2,6,22,11
India,Rajasthan,Jodhpur,"Jhalamand, Jodhpur - RSPCB","26-03-2025 17:00:00",26.215415,73.070156,NO2,9,95,33
India,Rajasthan,Jodhpur,"Jhalamand, Jodhpur - RSPCB","26-03-2025 17:00:00",26.215415,73.070156,NH3,8,40,21
India,Rajasthan,Jodhpur,"Jhalamand, Jodhpur - RSPCB","26-03-2025 17:00:00",26.215415,73.070156,SO2,4,16,8
India,Rajasthan,Jodhpur,"Mandor, Jodhpur - RSPCB","26-03-2025 17:00:00",26.358805,73.047444,PM2.5,22,74,39
India,Punjab,Rupnagar,"Ratanpura, Rupnagar - Ambuja Cements","26-03-2025 17:00:00",31.0325454,76.5623046,NO2,13,23,16
India,Rajasthan,Ajmer,"Civil Lines,  Ajmer - RSPCB","26-03-2025 17:00:00",26.470859,74.646594,PM10,63,160,99
India,Rajasthan,Alwar,"Moti Doongri, Alwar - RSPCB","26-03-2025 17:00:00",27.554793,76.611536,SO2,7,51,17
India,Rajasthan,Alwar,"Moti Doongri, Alwar - RSPCB","26-03-2025 17:00:00",27.554793,76.611536,CO,30,101,75
India,Rajasthan,Baran,"Bamboliya, Baran - RSPCB","26-03-2025 17:00:00",25.106006,76.469948,PM10,57,244,116
India,Rajasthan,Jaipur,"Mansarovar Sector-12, Jaipur - RSPCB","26-03-2025 17:00:00",26.843698,75.766894,PM2.5,28,308,140
India,Rajasthan,Jaipur,"Police Commissionerate, Jaipur - RSPCB","26-03-2025 17:00:00",26.9164092,75.7994901,PM10,63,386,175
India,Rajasthan,Jaipur,"Police Commissionerate, Jaipur - RSPCB","26-03-2025 17:00:00",26.9164092,75.7994901,SO2,26,30,28
India,Rajasthan,Jaipur,"Police Commissionerate, Jaipur - RSPCB","26-03-2025 17:00:00",26.9164092,75.7994901,CO,4,128,29
India,Rajasthan,Jaipur,"RIICO Sitapura, Jaipur - RSPCB","26-03-2025 17:00:00",26.786682,75.827928,SO2,2,4,3
India,Rajasthan,Jaipur,"RIICO Sitapura, Jaipur - RSPCB","26-03-2025 17:00:00",26.786682,75.827928,OZONE,1,167,126
India,Rajasthan,Baran,"Bamboliya, Baran - RSPCB","26-03-2025 17:00:00",25.106006,76.469948,NH3,3,5,4
India,Rajasthan,Bharatpur,"Krishna Nagar, Bharatpur - RSPCB","26-03-2025 17:00:00",27.215415,77.50873,OZONE,26,149,103
India,Rajasthan,Bhilwara,"Pratap Nagar, Bhilwara - RSPCB","26-03-2025 17:00:00",25.339605,74.618883,NH3,1,7,5
India,Rajasthan,Bhilwara,"Pratap Nagar, Bhilwara - RSPCB","26-03-2025 17:00:00",25.339605,74.618883,SO2,17,43,26
India,Rajasthan,Bhiwadi,"RIICO Ind. Area III, Bhiwadi - RSPCB","26-03-2025 17:00:00",28.194909,76.862296,PM10,73,224,158
India,Rajasthan,Dholpur,"Raja Ganj, Dholpur - RSPCB","26-03-2025 17:00:00",26.699557,77.898881,PM10,57,166,94
India,Rajasthan,Dholpur,"Raja Ganj, Dholpur - RSPCB","26-03-2025 17:00:00",26.699557,77.898881,SO2,11,31,20
India,Rajasthan,Dungarpur,"Bhoiwada, Dungarpur - RSPCB","26-03-2025 17:00:00",23.837789,73.714926,NH3,4,9,6
India,Rajasthan,Dungarpur,"Bhoiwada, Dungarpur - RSPCB","26-03-2025 17:00:00",23.837789,73.714926,SO2,3,8,5
India,Rajasthan,Hanumangarh,"Housing Board, Hanumangarh - RSPCB","26-03-2025 17:00:00",29.610750,74.283608,NH3,10,15,13
India,Rajasthan,Hanumangarh,"Housing Board, Hanumangarh - RSPCB","26-03-2025 17:00:00",29.610750,74.283608,SO2,12,33,19
India,Rajasthan,Jaipur,"Shastri Nagar, Jaipur - RSPCB","26-03-2025 17:00:00",26.9502929,75.730943,CO,35,115,55
India,Rajasthan,Jaisalmer,"Sadar Bazar, Jaisalmer - RSPCB","26-03-2025 17:00:00",26.912329,70.909168,PM2.5,19,64,40
India,Rajasthan,Jaisalmer,"Sadar Bazar, Jaisalmer - RSPCB","26-03-2025 17:00:00",26.912329,70.909168,NO2,2,20,9
India,Rajasthan,Jaisalmer,"Sadar Bazar, Jaisalmer - RSPCB","26-03-2025 17:00:00",26.912329,70.909168,NH3,5,17,9
India,Rajasthan,Jhalawar,"Rajlaxmi Nagar, Jhalawar - RSPCB","26-03-2025 17:00:00",24.588397,76.172782,NH3,2,8,3
India,Punjab,Bathinda,"Hardev Nagar, Bathinda - PPCB","26-03-2025 17:00:00",30.233011,74.907758,PM10,41,113,59
India,Punjab,Bathinda,"Hardev Nagar, Bathinda - PPCB","26-03-2025 17:00:00",30.233011,74.907758,CO,14,86,43
India,Punjab,Jalandhar,"Civil Line, Jalandhar - PPCB","26-03-2025 17:00:00",31.321907,75.578914,OZONE,4,56,28
India,Punjab,Khanna,"Kalal Majra, Khanna - PPCB","26-03-2025 17:00:00","30.736056 ",76.209694,OZONE,25,64,55
India,Rajasthan,Jaipur,"Sector-2 Murlipura, Jaipur - RSPCB","26-03-2025 17:00:00",26.960669,75.771817,CO,8,149,52
India,Rajasthan,Jaipur,"Sector-2 Murlipura, Jaipur - RSPCB","26-03-2025 17:00:00",26.960669,75.771817,OZONE,1,80,54
India,TamilNadu,Chennai,"Perungudi, Chennai - TNPCB","26-03-2025 17:00:00",12.9533,80.2357,NH3,2,3,3
India,TamilNadu,Chennai,"Perungudi, Chennai - TNPCB","26-03-2025 17:00:00",12.9533,80.2357,CO,30,49,38
India,TamilNadu,Chennai,"Royapuram, Chennai - TNPCB","26-03-2025 17:00:00",13.1036,80.2909,SO2,6,15,10
India,TamilNadu,Chennai,"Velachery Res. Area, Chennai - CPCB","26-03-2025 17:00:00",13.0052189,80.2398125,PM2.5,34,87,54
India,TamilNadu,Chennai,"Velachery Res. Area, Chennai - CPCB","26-03-2025 17:00:00",13.0052189,80.2398125,NO2,13,17,15
India,TamilNadu,Chennai,"Velachery Res. Area, Chennai - CPCB","26-03-2025 17:00:00",13.0052189,80.2398125,SO2,7,11,8
India,TamilNadu,Chennai,"Velachery Res. Area, Chennai - CPCB","26-03-2025 17:00:00",13.0052189,80.2398125,OZONE,41,49,48
India,TamilNadu,Coimbatore,"PSG College of Arts and Science, Coimbatore - TNPCB","26-03-2025 17:00:00",11.0328,77.0349,PM2.5,46,91,70
India,TamilNadu,Coimbatore,"PSG College of Arts and Science, Coimbatore - TNPCB","26-03-2025 17:00:00",11.0328,77.0349,SO2,7,10,9
India,TamilNadu,Coimbatore,"SIDCO Kurichi, Coimbatore - TNPCB","26-03-2025 17:00:00",10.942451,76.978996,PM2.5,12,172,82
India,TamilNadu,Kanchipuram,"Kilambi, Kanchipuram - TNPCB","26-03-2025 17:00:00",12.864618,79.659968,SO2,15,16,15
India,TamilNadu,Kanchipuram,"Kilambi, Kanchipuram - TNPCB","26-03-2025 17:00:00",12.864618,79.659968,CO,14,16,15
India,TamilNadu,Kanchipuram,"Kilambi, Kanchipuram - TNPCB","26-03-2025 17:00:00",12.864618,79.659968,OZONE,8,57,22
India,TamilNadu,Karur,"Kamadenu Nagar, Karur - TNPCB","26-03-2025 17:00:00",10.967820,78.080882,NO2,5,20,9
India,TamilNadu,Karur,"Kamadenu Nagar, Karur - TNPCB","26-03-2025 17:00:00",10.967820,78.080882,SO2,32,47,36
India,TamilNadu,Madurai,"Uchapatti, Madurai - TNPCB","26-03-2025 17:00:00",9.865935,78.022669,PM10,38,95,62
India,TamilNadu,Madurai,"Uchapatti, Madurai - TNPCB","26-03-2025 17:00:00",9.865935,78.022669,SO2,22,25,24
India,TamilNadu,Madurai,"Uchapatti, Madurai - TNPCB","26-03-2025 17:00:00",9.865935,78.022669,CO,32,34,33
India,TamilNadu,Nagapattinam,"Velippalayam, Nagapattinam - TNPCB","26-03-2025 17:00:00",10.798548,79.838212,NH3,2,2,2
India,TamilNadu,Nagapattinam,"Velippalayam, Nagapattinam - TNPCB","26-03-2025 17:00:00",10.798548,79.838212,CO,11,23,15
India,TamilNadu,Nagapattinam,"Velippalayam, Nagapattinam - TNPCB","26-03-2025 17:00:00",10.798548,79.838212,OZONE,10,60,29
India,TamilNadu,Coimbatore,"SIDCO Kurichi, Coimbatore - TNPCB","26-03-2025 17:00:00",10.942451,76.978996,NO2,10,31,17
India,TamilNadu,Cuddalore,"Kudikadu, Cuddalore - TNPCB","26-03-2025 17:00:00",11.6829898,79.7532099,OZONE,4,4,4
India,TamilNadu,Cuddalore,"Semmandalam, Cuddalore - TNPCB","26-03-2025 17:00:00",11.7637683,79.7499835,PM2.5,42,126,72
India,TamilNadu,Gummidipoondi,"Anthoni Pillai Nagar, Gummidipoondi - TNPCB","26-03-2025 17:00:00",13.4127,80.1081,PM2.5,33,258,102
India,TamilNadu,Gummidipoondi,"Anthoni Pillai Nagar, Gummidipoondi - TNPCB","26-03-2025 17:00:00",13.4127,80.1081,NO2,12,40,24
India,TamilNadu,Gummidipoondi,"Anthoni Pillai Nagar, Gummidipoondi - TNPCB","26-03-2025 17:00:00",13.4127,80.1081,SO2,2,95,30
India,Sikkim,Gangtok,"Zero Point GICI, Gangtok - SSPCB","26-03-2025 17:00:00",27.338530,88.614099,NO2,1,8,3
India,Sikkim,Gangtok,"Zero Point GICI, Gangtok - SSPCB","26-03-2025 17:00:00",27.338530,88.614099,OZONE,18,108,84
India,TamilNadu,Ariyalur,"Keelapalur, Ariyalur - TNPCB","26-03-2025 17:00:00",11.06825,79.07033,PM2.5,NA,NA,NA
India,TamilNadu,Ariyalur,"Keelapalur, Ariyalur - TNPCB","26-03-2025 17:00:00",11.06825,79.07033,NO2,NA,NA,NA
India,TamilNadu,Chengalpattu,"Crescent University, Chengalpattu - TNPCB","26-03-2025 17:00:00",12.8777316,80.0834807,NO2,13,14,14
India,Rajasthan,Jodhpur,"Samrat Ashok Udhyan, Jodhpur - RSPCB","26-03-2025 17:00:00",26.253384,72.976571,NO2,3,70,16
India,Rajasthan,Karauli,"Satyawati Vihar, Karauli - RSPCB","26-03-2025 17:00:00",26.506177,77.025989,SO2,1,19,9
India,Rajasthan,Kota,"Dhanmandi, Kota - RSPCB","26-03-2025 17:00:00",25.164090,75.858137,OZONE,1,109,74
India,Rajasthan,Kota,"Nayapura, Kota - RSPCB","26-03-2025 17:00:00",25.196024,75.855668,CO,19,120,37
India,Rajasthan,"Sawai Madhopur","Sahu Nagar, Sawai Madhopur - RSPCB","26-03-2025 17:00:00",26.031443,76.359327,OZONE,16,180,169
India,Rajasthan,Sikar,"Radhakishan Pura, Sikar - RSPCB","26-03-2025 17:00:00",27.608912,75.153302,NO2,9,101,34
India,Rajasthan,Sirohi,"Vedhaynath Colony, Sirohi - RSPCB","26-03-2025 17:00:00",24.885261,72.857549,PM2.5,20,90,45
India,Rajasthan,Sirohi,"Vedhaynath Colony, Sirohi - RSPCB","26-03-2025 17:00:00",24.885261,72.857549,CO,10,34,14
India,TamilNadu,Chennai,"Kodungaiyur, Chennai - TNPCB","26-03-2025 17:00:00",13.1278,80.2642,PM2.5,23,63,41
India,TamilNadu,Chennai,"Manali Village, Chennai - TNPCB","26-03-2025 17:00:00",13.1662,80.2584,PM2.5,5,103,44
India,TamilNadu,Chennai,"Manali Village, Chennai - TNPCB","26-03-2025 17:00:00",13.1662,80.2584,CO,9,46,35
India,TamilNadu,Chennai,"Manali, Chennai - CPCB","26-03-2025 17:00:00",13.164544,80.26285,PM2.5,10,98,52
India,Rajasthan,Pali,"Indira Colony Vistar, Pali - RSPCB","26-03-2025 17:00:00",25.771061," 73.340227",SO2,7,12,10
India,Rajasthan,Rajsamand,"Dhoinda, Rajsamand - RSPCB","26-03-2025 17:00:00",25.036360,73.883502,CO,21,77,33
India,Rajasthan,"Sawai Madhopur","Sahu Nagar, Sawai Madhopur - RSPCB","26-03-2025 17:00:00",26.031443,76.359327,NO2,12,41,22
India,TamilNadu,Chennai,"Perungudi, Chennai - TNPCB","26-03-2025 17:00:00",12.9533,80.2357,PM2.5,48,105,64
India,TamilNadu,Chennai,"Perungudi, Chennai - TNPCB","26-03-2025 17:00:00",12.9533,80.2357,NO2,4,17,8
India,TamilNadu,Thoothukudi,"Meelavittan, Thoothukudi - TNPCB","26-03-2025 17:00:00","8.816428 ",78.099039,OZONE,13,24,18
India,TamilNadu,Tiruchirappalli,"St Joseph College, Tiruchirappalli - TNPCB","26-03-2025 17:00:00",10.830158,78.691849,PM10,48,74,58
India,TamilNadu,Tiruchirappalli,"St Joseph College, Tiruchirappalli - TNPCB","26-03-2025 17:00:00",10.830158,78.691849,NH3,2,55,5
India,TamilNadu,Tirunelveli,"Municipal Corporation Office, Tirunelveli - TNPCB","26-03-2025 17:00:00",8.728442,77.6962,NO2,9,34,15
India,TamilNadu,Tirunelveli,"Municipal Corporation Office, Tirunelveli - TNPCB","26-03-2025 17:00:00",8.728442,77.6962,CO,36,42,41
India,TamilNadu,Tirunelveli,"Municipal Corporation Office, Tirunelveli - TNPCB","26-03-2025 17:00:00",8.728442,77.6962,OZONE,6,6,6
India,TamilNadu,Tirupur,"Kumaran College, Tirupur - TNPCB","26-03-2025 17:00:00",11.0973603,77.3228673,PM10,32,178,87
India,TamilNadu,Tirupur,"Kumaran College, Tirupur - TNPCB","26-03-2025 17:00:00",11.0973603,77.3228673,NO2,4,36,13
India,TamilNadu,Vellore,"Vasanthapuram, Vellore - TNPCB","26-03-2025 17:00:00",12.909494,79.131861,SO2,15,15,15
India,TamilNadu,Vellore,"Vasanthapuram, Vellore - TNPCB","26-03-2025 17:00:00",12.909494,79.131861,CO,15,16,15
India,TamilNadu,Virudhunagar,"Collectorate Office, Virudhunagar - TNPCB","26-03-2025 17:00:00",9.559382,77.948828,CO,16,21,18
India,Telangana,Hyderabad,"Bollaram Industrial Area, Hyderabad - TSPCB","26-03-2025 17:00:00",17.540891,78.358528,PM2.5,34,77,57
India,Uttar_Pradesh,Bareilly,"Civil Lines, Bareilly - UPPCB","26-03-2025 17:00:00",28.359581,79.414455,PM2.5,3,14,8
India,Uttar_Pradesh,Bareilly,"Civil Lines, Bareilly - UPPCB","26-03-2025 17:00:00",28.359581,79.414455,PM10,8,27,17
India,Uttar_Pradesh,Bareilly,"Civil Lines, Bareilly - UPPCB","26-03-2025 17:00:00",28.359581,79.414455,NO2,2,12,2
India,Uttar_Pradesh,Bareilly,"Rajendra Nagar, Bareilly - UPPCB","26-03-2025 17:00:00",28.38910936,79.42963708,PM10,62,169,122
India,Uttar_Pradesh,Bareilly,"Rajendra Nagar, Bareilly - UPPCB","26-03-2025 17:00:00",28.38910936,79.42963708,NO2,2,7,2
India,Uttar_Pradesh,Bareilly,"Rajendra Nagar, Bareilly - UPPCB","26-03-2025 17:00:00",28.38910936,79.42963708,CO,12,82,34
India,Uttar_Pradesh,Bulandshahr,"Yamunapuram, Bulandshahr - UPPCB","26-03-2025 17:00:00",28.406963,77.849831,SO2,11,60,33
India,Uttar_Pradesh,Firozabad,"Nagla Bhau, Firozabad - UPPCB","26-03-2025 17:00:00",27.168897,78.376960,PM10,46,137,86
India,Uttar_Pradesh,Firozabad,"Nagla Bhau, Firozabad - UPPCB","26-03-2025 17:00:00",27.168897,78.376960,NO2,16,17,17
India,Telangana,Hyderabad,"Somajiguda, Hyderabad - TSPCB","26-03-2025 17:00:00",17.417094,78.457437,SO2,7,13,9
India,Telangana,Hyderabad,"Somajiguda, Hyderabad - TSPCB","26-03-2025 17:00:00",17.417094,78.457437,OZONE,12,54,38
India,Telangana,Hyderabad,"Zoo Park, Hyderabad - TSPCB","26-03-2025 17:00:00",17.349694,78.451437,CO,8,17,14
India,Tripura,Agartala,"Bardowali, Agartala - Tripura SPCB","26-03-2025 17:00:00",23.8175497,91.2726974,PM10,34,81,51
India,Uttar_Pradesh,Agra,"Manoharpur, Agra - UPPCB","26-03-2025 17:00:00",27.23711,78.01936,PM10,27,185,101
India,Uttar_Pradesh,Agra,"Manoharpur, Agra - UPPCB","26-03-2025 17:00:00",27.23711,78.01936,CO,5,26,16
India,Telangana,Hyderabad,"Bollaram Industrial Area, Hyderabad - TSPCB","26-03-2025 17:00:00",17.540891,78.358528,NO2,14,46,33
India,Telangana,Hyderabad,"Bollaram Industrial Area, Hyderabad - TSPCB","26-03-2025 17:00:00",17.540891,78.358528,SO2,3,9,7
India,Telangana,Hyderabad,"Central University, Hyderabad - TSPCB","26-03-2025 17:00:00",17.460103,78.334361,NH3,3,8,5
India,Telangana,Hyderabad,"ICRISAT Patancheru, Hyderabad - TSPCB","26-03-2025 17:00:00",17.518400,78.278777,PM2.5,63,109,79
India,Telangana,Hyderabad,"ICRISAT Patancheru, Hyderabad - TSPCB","26-03-2025 17:00:00",17.518400,78.278777,PM10,73,138,95
India,Telangana,Hyderabad,"ICRISAT Patancheru, Hyderabad - TSPCB","26-03-2025 17:00:00",17.518400,78.278777,NO2,7,82,16
India,Telangana,Hyderabad,"ICRISAT Patancheru, Hyderabad - TSPCB","26-03-2025 17:00:00",17.518400,78.278777,CO,18,74,21
India,Uttar_Pradesh,Agra,"Rohta, Agra - UPPCB","26-03-2025 17:00:00",27.106972,78.000111,NH3,3,3,3
India,Uttar_Pradesh,Agra,"Rohta, Agra - UPPCB","26-03-2025 17:00:00",27.106972,78.000111,SO2,13,23,19
India,Uttar_Pradesh,Agra,"Rohta, Agra - UPPCB","26-03-2025 17:00:00",27.106972,78.000111,CO,23,42,33
India,Uttar_Pradesh,Agra,"Sanjay Palace, Agra - UPPCB","26-03-2025 17:00:00",27.19865833,78.00598056,PM10,85,218,147
India,Uttar_Pradesh,Agra,"Sanjay Palace, Agra - UPPCB","26-03-2025 17:00:00",27.19865833,78.00598056,CO,24,94,26
India,Uttar_Pradesh,Agra,"Sector-3B Avas Vikas Colony, Agra - UPPCB","26-03-2025 17:00:00",27.19412,77.96237,PM10,31,188,88
India,Telangana,Hyderabad,"Kompally Municipal Office, Hyderabad - TSPCB","26-03-2025 17:00:00",17.544899,78.486949,NO2,11,13,13
India,Telangana,Hyderabad,"Kompally Municipal Office, Hyderabad - TSPCB","26-03-2025 17:00:00",17.544899,78.486949,OZONE,32,43,37
India,Telangana,Hyderabad,"Nacharam_TSIIC IALA, Hyderabad - TSPCB","26-03-2025 17:00:00",17.429398,78.569354,PM2.5,34,40,37
India,Telangana,Hyderabad,"Nacharam_TSIIC IALA, Hyderabad - TSPCB","26-03-2025 17:00:00",17.429398,78.569354,CO,28,42,31
India,Telangana,Hyderabad,"Nacharam_TSIIC IALA, Hyderabad - TSPCB","26-03-2025 17:00:00",17.429398,78.569354,OZONE,22,67,37
India,Telangana,Hyderabad,"Sanathnagar, Hyderabad - TSPCB","26-03-2025 17:00:00",17.4559458,78.4332152,NO2,10,30,25
India,TamilNadu,Ooty,"Bombay Castel, Ooty - TNPCB","26-03-2025 17:00:00",11.4068288,76.7138973,PM2.5,62,290,106
India,TamilNadu,Pudukottai,"SIPCOT Nathampannai, Pudukottai - TNPCB","26-03-2025 17:00:00",10.423417,78.784889,PM10,50,97,70
India,TamilNadu,Pudukottai,"SIPCOT Nathampannai, Pudukottai - TNPCB","26-03-2025 17:00:00",10.423417,78.784889,SO2,12,13,13
India,TamilNadu,Ranipet,"VOC Nagar_SIPCOT, Ranipet - TNPCB","26-03-2025 17:00:00",12.952707,79.30394,OZONE,1,1,1
India,TamilNadu,Thanjavur,"Parisutham Nagar, Thanjavur - TNPCB","26-03-2025 17:00:00",10.7654824,79.1389968,PM2.5,52,83,63
India,Telangana,Hyderabad,"IITH Kandi, Hyderabad - TSPCB","26-03-2025 17:00:00",17.585705,78.126199,NH3,2,3,3
India,Telangana,Hyderabad,"Kokapet, Hyderabad - TSPCB","26-03-2025 17:00:00",17.393559,78.339194,NO2,19,20,19
India,Uttar_Pradesh,Ghaziabad,"Vasundhara, Ghaziabad - UPPCB","26-03-2025 17:00:00",28.6603346,77.3572563,SO2,6,51,22
India,Uttar_Pradesh,Ghaziabad,"Vasundhara, Ghaziabad - UPPCB","26-03-2025 17:00:00",28.6603346,77.3572563,CO,16,103,41
India,Uttar_Pradesh,Gorakhpur,"Madan Mohan Malaviya University of Technology, Gorakhpur - UPPCB","26-03-2025 17:00:00",26.730136,83.433859,NO2,11,12,11
India,Uttar_Pradesh,Gorakhpur,"Madan Mohan Malaviya University of Technology, Gorakhpur - UPPCB","26-03-2025 17:00:00",26.730136,83.433859,NH3,1,1,1
India,Uttar_Pradesh,"Greater Noida","Knowledge Park - III, Greater Noida - UPPCB","26-03-2025 17:00:00",28.47272,77.482000,PM10,59,217,150
India,Uttar_Pradesh,"Greater Noida","Knowledge Park - V, Greater Noida - UPPCB","26-03-2025 17:00:00",28.557054,77.453663,CO,1,103,26
India,Uttar_Pradesh,"Greater Noida","Knowledge Park - V, Greater Noida - UPPCB","26-03-2025 17:00:00",28.557054,77.453663,OZONE,2,153,111
India,Uttar_Pradesh,Hapur,"Anand Vihar, Hapur - UPPCB","26-03-2025 17:00:00",28.725645,77.749675,PM2.5,14,348,152
India,Uttar_Pradesh,Meerut,"Ganga Nagar, Meerut - UPPCB","26-03-2025 17:00:00",28.999264,77.7590354,PM10,124,381,235
India,Uttar_Pradesh,Meerut,"Jai Bhim Nagar, Meerut - UPPCB","26-03-2025 17:00:00",28.9535882,77.7622941,CO,12,103,42
India,Uttar_Pradesh,Meerut,"Pallavpuram Phase 2, Meerut - UPPCB","26-03-2025 17:00:00",29.063510,77.709723,PM2.5,42,312,144
India,Uttar_Pradesh,Meerut,"Pallavpuram Phase 2, Meerut - UPPCB","26-03-2025 17:00:00",29.063510,77.709723,CO,21,100,36
India,Uttar_Pradesh,Meerut,"Pallavpuram Phase 2, Meerut - UPPCB","26-03-2025 17:00:00",29.063510,77.709723,OZONE,1,43,15
India,Uttar_Pradesh,Moradabad,"Buddhi Vihar, Moradabad - UPPCB","26-03-2025 17:00:00",28.83526,78.74460,PM10,41,123,92
India,Uttar_Pradesh,Moradabad,"Buddhi Vihar, Moradabad - UPPCB","26-03-2025 17:00:00",28.83526,78.74460,CO,26,50,40
India,Uttar_Pradesh,Moradabad,"Buddhi Vihar, Moradabad - UPPCB","26-03-2025 17:00:00",28.83526,78.74460,OZONE,9,64,36
India,Uttar_Pradesh,Moradabad,"Eco Herbal Park, Moradabad - UPPCB","26-03-2025 17:00:00",28.840739,78.697531,PM2.5,30,218,91
India,Uttar_Pradesh,Noida,"Sector-116, Noida - UPPCB","26-03-2025 17:00:00",28.569230,77.393848,OZONE,3,172,154
India,Uttar_Pradesh,Prayagraj,"Jhunsi, Prayagraj - UPPCB","26-03-2025 17:00:00",25.425602,81.917152,PM2.5,29,160,68
India,Uttar_Pradesh,Prayagraj,"Jhunsi, Prayagraj - UPPCB","26-03-2025 17:00:00",25.425602,81.917152,NO2,6,6,6
India,Uttar_Pradesh,Prayagraj,"Jhunsi, Prayagraj - UPPCB","26-03-2025 17:00:00",25.425602,81.917152,CO,8,109,13
India,Uttar_Pradesh,Prayagraj,"Motilal Nehru NIT, Prayagraj - UPPCB","26-03-2025 17:00:00",25.494,81.863,NH3,6,6,6
India,Uttar_Pradesh,Prayagraj,"Nagar Nigam, Prayagraj - UPPCB","26-03-2025 17:00:00","25.44919916 ","81.82735986 ",PM2.5,36,211,88
India,Uttar_Pradesh,Prayagraj,"Nagar Nigam, Prayagraj - UPPCB","26-03-2025 17:00:00","25.44919916 ","81.82735986 ",NH3,12,23,19
India,Uttar_Pradesh,Varanasi,"Ardhali Bazar, Varanasi - UPPCB","26-03-2025 17:00:00",25.3505986,82.9083074,PM2.5,20,174,85
India,Uttar_Pradesh,Lucknow,"B R Ambedkar University, Lucknow - UPPCB","26-03-2025 17:00:00",26.766433,80.927299,SO2,34,53,38
India,Uttar_Pradesh,Lucknow,"B R Ambedkar University, Lucknow - UPPCB","26-03-2025 17:00:00",26.766433,80.927299,OZONE,1,112,88
India,Uttar_Pradesh,Lucknow,"Gomti Nagar, Lucknow - UPPCB","26-03-2025 17:00:00",26.868120,81.005119,PM2.5,81,358,207
India,Uttar_Pradesh,Lucknow,"Gomti Nagar, Lucknow - UPPCB","26-03-2025 17:00:00",26.868120,81.005119,NO2,8,11,10
India,Uttar_Pradesh,Lucknow,"Gomti Nagar, Lucknow - UPPCB","26-03-2025 17:00:00",26.868120,81.005119,SO2,7,13,10
India,Uttar_Pradesh,Lucknow,"Gomti Nagar, Lucknow - UPPCB","26-03-2025 17:00:00",26.868120,81.005119,OZONE,35,51,48
India,Uttar_Pradesh,Lucknow,"Kendriya Vidyalaya, Lucknow - CPCB","26-03-2025 17:00:00",26.906111,80.948222,PM10,127,254,203
India,Uttar_Pradesh,Lucknow,"Kendriya Vidyalaya, Lucknow - CPCB","26-03-2025 17:00:00",26.906111,80.948222,CO,6,112,33
India,Uttar_Pradesh,Jhansi,"Shivaji Nagar, Jhansi - UPPCB","26-03-2025 17:00:00",25.4547,78.6039,PM10,62,298,128
India,Uttar_Pradesh,Kanpur,"FTI Kidwai Nagar, Kanpur - UPPCB","26-03-2025 17:00:00",26.428282,80.327067,NO2,22,23,22
India,Uttar_Pradesh,Kanpur,"NSI Kalyanpur, Kanpur - UPPCB","26-03-2025 17:00:00",26.509954,80.249612,NO2,24,24,24
India,Uttar_Pradesh,Kanpur,"NSI Kalyanpur, Kanpur - UPPCB","26-03-2025 17:00:00",26.509954,80.249612,NH3,2,2,2
India,Uttar_Pradesh,Kanpur,"Nehru Nagar, Kanpur - UPPCB","26-03-2025 17:00:00",26.4703136,80.3229863,OZONE,6,69,49
India,Uttar_Pradesh,Lucknow,"B R Ambedkar University, Lucknow - UPPCB","26-03-2025 17:00:00",26.766433,80.927299,PM10,75,235,146
India,Uttar_Pradesh,Moradabad,"Eco Herbal Park, Moradabad - UPPCB","26-03-2025 17:00:00",28.840739,78.697531,NO2,16,66,42
India,Uttar_Pradesh,Moradabad,"Eco Herbal Park, Moradabad - UPPCB","26-03-2025 17:00:00",28.840739,78.697531,NH3,6,14,9
India,Uttar_Pradesh,Moradabad,"Employment Office, Moradabad - UPPCB","26-03-2025 17:00:00",28.88528,78.73880,PM2.5,38,152,86
India,Uttar_Pradesh,Moradabad,"Employment Office, Moradabad - UPPCB","26-03-2025 17:00:00",28.88528,78.73880,NO2,15,16,16
India,Uttar_Pradesh,Moradabad,"Employment Office, Moradabad - UPPCB","26-03-2025 17:00:00",28.88528,78.73880,OZONE,15,115,64
India,Uttar_Pradesh,Moradabad,"Jigar Colony, Moradabad - UPPCB","26-03-2025 17:00:00",28.856664,78.772638,OZONE,15,28,20
India,Uttar_Pradesh,Noida,"Sector - 62, Noida - IMD","26-03-2025 17:00:00",28.6245479,77.3577104,PM2.5,11,268,163
India,Uttar_Pradesh,Noida,"Sector - 62, Noida - IMD","26-03-2025 17:00:00",28.6245479,77.3577104,NO2,7,65,40
India,Uttar_Pradesh,Noida,"Sector - 62, Noida - IMD","26-03-2025 17:00:00",28.6245479,77.3577104,CO,14,149,68
India,Uttar_Pradesh,Noida,"Sector-1, Noida - UPPCB","26-03-2025 17:00:00",28.5898,77.3101,NO2,13,92,50
India,Uttar_Pradesh,Noida,"Sector-1, Noida - UPPCB","26-03-2025 17:00:00",28.5898,77.3101,SO2,10,101,41
India,Uttar_Pradesh,Firozabad,"Vibhab Nagar, Firozabad - UPPCB","26-03-2025 17:00:00",27.1594,78.3953,NO2,13,14,14
India,Uttar_Pradesh,Firozabad,"Vibhab Nagar, Firozabad - UPPCB","26-03-2025 17:00:00",27.1594,78.3953,SO2,NA,NA,NA
India,Uttar_Pradesh,Ghaziabad,"Indirapuram, Ghaziabad - UPPCB","26-03-2025 17:00:00",28.646233,77.358075,OZONE,7,96,61
India,Uttar_Pradesh,Muzaffarnagar,"New Mandi, Muzaffarnagar - UPPCB","26-03-2025 17:00:00",29.4723508,77.7194031,SO2,NA,NA,NA
India,Uttar_Pradesh,Varanasi,"IESD Banaras Hindu University, Varanasi - UPPCB","26-03-2025 17:00:00",25.262326,82.995408,CO,1,36,4
India,Uttar_Pradesh,Vrindavan,"Omex Eternity, Vrindavan - UPPCB","26-03-2025 17:00:00",27.5714090,77.6557570,NO2,NA,NA,NA
India,Uttarakhand,Dehradun,"Doon University, Dehradun - UKPCB","26-03-2025 17:00:00",30.269444,78.044167,NO2,1,5,2
India,Uttarakhand,Kashipur,"Govt. Girls Inter College, Kashipur - UKPCB","26-03-2025 17:00:00",29.2124114,78.9611753,PM2.5,NA,NA,NA
India,Uttarakhand,Kashipur,"Govt. Girls Inter College, Kashipur - UKPCB","26-03-2025 17:00:00",29.2124114,78.9611753,NH3,NA,NA,NA
India,Uttarakhand,Kashipur,"Govt. Girls Inter College, Kashipur - UKPCB","26-03-2025 17:00:00",29.2124114,78.9611753,CO,4,35,18
India,Uttarakhand,Kashipur,"Govt. Girls Inter College, Kashipur - UKPCB","26-03-2025 17:00:00",29.2124114,78.9611753,OZONE,74,84,78
India,Uttarakhand,Rishikesh,"Shivaji Nagar, Rishikesh - UKPCB","26-03-2025 17:00:00",30.075911,78.2859547,PM2.5,65,258,155
India,Uttarakhand,Rishikesh,"Shivaji Nagar, Rishikesh - UKPCB","26-03-2025 17:00:00",30.075911,78.2859547,NO2,10,18,14
India,Uttarakhand,Rishikesh,"Shivaji Nagar, Rishikesh - UKPCB","26-03-2025 17:00:00",30.075911,78.2859547,SO2,4,5,4
India,West_Bengal,Asansol,"Asansol Court Area, Asansol - WBPCB","26-03-2025 17:00:00",23.685297,86.945968,PM10,85,214,147
India,West_Bengal,Asansol,"Mahabir Colliery, Asansol - WBPCB","26-03-2025 17:00:00",23.6181830,87.1057180,PM10,77,264,151
India,West_Bengal,Asansol,"Trivenidevi Bhalotia College, Asansol - WBPCB","26-03-2025 17:00:00",23.616515,87.119133,NH3,3,6,4
India,West_Bengal,Barrackpore,"SVSPA Campus, Barrackpore - WBPCB","26-03-2025 17:00:00",22.7605581,88.3617589,PM2.5,48,317,126
India,West_Bengal,Barrackpore,"SVSPA Campus, Barrackpore - WBPCB","26-03-2025 17:00:00",22.7605581,88.3617589,SO2,15,26,19
India,West_Bengal,Barrackpore,"SVSPA Campus, Barrackpore - WBPCB","26-03-2025 17:00:00",22.7605581,88.3617589,OZONE,6,96,61
India,West_Bengal,Durgapur,"PCBL Residential Complex, Durgapur - WBPCB","26-03-2025 17:00:00",23.5087640,87.3544400,NH3,1,2,1
India,West_Bengal,Haldia,"Priyambada Housing Estate, Haldia - WBPCB","26-03-2025 17:00:00",22.06047,88.109737,NO2,12,49,22
India,West_Bengal,Haldia,"Priyambada Housing Estate, Haldia - WBPCB","26-03-2025 17:00:00",22.06047,88.109737,SO2,6,91,31
India,West_Bengal,Howrah,"Belur Math, Howrah - WBPCB","26-03-2025 17:00:00",22.629801,88.352017,PM2.5,45,113,73
India,West_Bengal,Howrah,"Belur Math, Howrah - WBPCB","26-03-2025 17:00:00",22.629801,88.352017,PM10,85,165,115
India,West_Bengal,Howrah,"Botanical Garden, Howrah - WBPCB","26-03-2025 17:00:00",22.554954,88.292568,NH3,1,2,1
India,West_Bengal,Howrah,"Botanical Garden, Howrah - WBPCB","26-03-2025 17:00:00",22.554954,88.292568,CO,86,104,89
India,West_Bengal,Howrah,"Dasnagar, Howrah - WBPCB","26-03-2025 17:00:00",22.6025571,88.3105664,OZONE,4,177,169
India,West_Bengal,Howrah,"Padmapukur, Howrah - WBPCB","26-03-2025 17:00:00",22.5687319,88.2797276,NH3,2,7,4
India,West_Bengal,Howrah,"Padmapukur, Howrah - WBPCB","26-03-2025 17:00:00",22.5687319,88.2797276,CO,5,110,30
India,West_Bengal,Kolkata,"Ballygunge, Kolkata - WBPCB","26-03-2025 17:00:00",22.5367507,88.3638022,NH3,6,17,10
India,West_Bengal,Kolkata,"Bidhannagar, Kolkata - WBPCB","26-03-2025 17:00:00",22.58157048,88.41002457,NO2,13,19,16
India,West_Bengal,Kolkata,"Jadavpur, Kolkata - WBPCB","26-03-2025 17:00:00",22.49929,88.36917,CO,12,28,13
India,West_Bengal,Kolkata,"Rabindra Sarobar, Kolkata - WBPCB","26-03-2025 17:00:00",22.51106,88.35142,PM2.5,34,81,60
India,West_Bengal,Kolkata,"Victoria, Kolkata - WBPCB","26-03-2025 17:00:00",22.5448082,88.3403691,PM10,69,137,103
India,West_Bengal,Kolkata,"Victoria, Kolkata - WBPCB","26-03-2025 17:00:00",22.5448082,88.3403691,NH3,5,7,6
India,West_Bengal,Siliguri,"Ward-32 Bapupara, Siliguri - WBPCB","26-03-2025 17:00:00",26.6879226,88.4152495,PM2.5,NA,NA,NA
India,Andhra_Pradesh,Tirumala,"Toll Gate, Tirumala - APPCB (Formerly known as Tirumala, Tirupati - APPCB)","26-03-2025 17:00:00",13.67,79.35,SO2,1,26,11
India,Andhra_Pradesh,Tirupati,"Vaikuntapuram, Tirupati - APPCB","26-03-2025 17:00:00",13.615387,79.409230,SO2,3,4,3
India,Andhra_Pradesh,Vijayawada,"HB Colony, Vijayawada - APPCB","26-03-2025 17:00:00",16.536107,80.594233,OZONE,3,28,18
India,Andhra_Pradesh,Vijayawada,"Kanuru, Vijayawada - APPCB","26-03-2025 17:00:00",16.486692,80.699436,PM10,53,71,61
India,Andhra_Pradesh,Vijayawada,"Kanuru, Vijayawada - APPCB","26-03-2025 17:00:00",16.486692,80.699436,NH3,4,6,5
India,Andhra_Pradesh,Vijayawada,"Rajiv Gandhi Park, Vijayawada - APPCB","26-03-2025 17:00:00",16.509717,80.612222,NO2,45,57,51
India,Andhra_Pradesh,Anantapur,"Gulzarpet, Anantapur - APPCB","26-03-2025 17:00:00",14.675886,77.593027,CO,14,19,15
India,Andhra_Pradesh,Chittoor,"Gangineni Cheruvu, Chittoor - APPCB","26-03-2025 17:00:00",13.204880,79.097889,PM2.5,40,201,97
India,Andhra_Pradesh,Chittoor,"Gangineni Cheruvu, Chittoor - APPCB","26-03-2025 17:00:00",13.204880,79.097889,NH3,3,5,4
India,Andhra_Pradesh,Kadapa,"Yerramukkapalli, Kadapa - APPCB","26-03-2025 17:00:00",14.465052,78.824187,PM2.5,46,67,58
India,Andhra_Pradesh,Kadapa,"Yerramukkapalli, Kadapa - APPCB","26-03-2025 17:00:00",14.465052,78.824187,OZONE,9,9,9
India,Andhra_Pradesh,Tirumala,"Toll Gate, Tirumala - APPCB (Formerly known as Tirumala, Tirupati - APPCB)","26-03-2025 17:00:00",13.67,79.35,PM2.5,40,112,67
India,Bihar,Gaya,"Collectorate, Gaya - BSPCB","26-03-2025 17:00:00",24.7955,84.9994,CO,22,172,25
India,Bihar,Gaya,"Collectorate, Gaya - BSPCB","26-03-2025 17:00:00",24.7955,84.9994,OZONE,19,21,21
India,Bihar,Gaya,"Kareemganj, Gaya - BSPCB","26-03-2025 17:00:00",24.792403,84.992416,CO,6,137,28
India,Bihar,Gaya,"SFTI Kusdihra, Gaya - BSPCB","26-03-2025 17:00:00",24.762518,84.982348,OZONE,16,61,49
India,Bihar,Hajipur,"Industrial Area, Hajipur - BSPCB","26-03-2025 17:00:00",25.697189,85.245900,PM10,110,267,197
India,Bihar,Hajipur,"Industrial Area, Hajipur - BSPCB","26-03-2025 17:00:00",25.697189,85.245900,NO2,19,46,33
India,Bihar,Hajipur,"Industrial Area, Hajipur - BSPCB","26-03-2025 17:00:00",25.697189,85.245900,NH3,5,8,6
India,Andhra_Pradesh,Vijayawada,"Rajiv Nagar, Vijayawada - APPCB","26-03-2025 17:00:00",16.554731,80.649110,NH3,3,5,3
India,Andhra_Pradesh,Visakhapatnam,"GVM Corporation, Visakhapatnam - APPCB","26-03-2025 17:00:00",17.72,83.3,PM2.5,25,77,42
India,Andhra_Pradesh,Visakhapatnam,"GVM Corporation, Visakhapatnam - APPCB","26-03-2025 17:00:00",17.72,83.3,SO2,5,12,9
India,Arunachal_Pradesh,Naharlagun,"Naharlagun, Naharlagun - APSPCB","26-03-2025 17:00:00",27.103358,93.679645,PM2.5,35,345,80
India,Assam,Byrnihat,"Central Academy for SFS, Byrnihat - PCBA","26-03-2025 17:00:00",26.071318,91.87488,NO2,17,38,22
India,Bihar,Katihar,"Mirchaibari, Katihar - BSPCB","26-03-2025 17:00:00",25.560083,87.553265,NO2,12,17,14
India,Bihar,Katihar,"Mirchaibari, Katihar - BSPCB","26-03-2025 17:00:00",25.560083,87.553265,CO,8,99,19
India,Bihar,Kishanganj,"SDM Office_Khagra, Kishanganj - BSPCB","26-03-2025 17:00:00",26.0881305,87.93840336,PM2.5,31,140,59
India,Bihar,Manguraha,"Forest Rest House, Manguraha - BSPCB","26-03-2025 17:00:00",27.308328,84.531742,CO,26,155,155
India,Bihar,Motihari,"Gandak Colony, Motihari - BSPCB","26-03-2025 17:00:00",26.63086,84.90051,CO,12,84,29
India,Assam,Nalbari,"Bata Chowk, Nalbari - PCBA","26-03-2025 17:00:00",26.446912,91.439057,CO,6,177,177
India,Assam,Silchar,"Tarapur, Silchar - PCBA","26-03-2025 17:00:00",24.82827,92.79525,PM10,49,64,54
India,Assam,Silchar,"Tarapur, Silchar - PCBA","26-03-2025 17:00:00",24.82827,92.79525,NO2,5,13,8
India,Assam,Sivasagar,"Girls College, Sivasagar - PCBA","26-03-2025 17:00:00",26.987634,94.636574,NH3,1,8,4
India,Bihar,Araria,"Kharahiya Basti, Araria - BSPCB","26-03-2025 17:00:00",26.146529,87.454184,NH3,11,17,12
India,Bihar,Arrah,"New DM Office, Arrah - BSPCB","26-03-2025 17:00:00",25.5626095,84.663264,CO,14,30,19
India,Bihar,Aurangabad,"Gurdeo Nagar, Aurangabad - BSPCB","26-03-2025 17:00:00",24.75746,84.366208,NH3,1,1,1
India,Bihar,Begusarai,"Lohiyanagar, Begusarai - BSPCB","26-03-2025 17:00:00",25.42742023,86.13886079,NH3,13,16,15
India,Bihar,Begusarai,"Lohiyanagar, Begusarai - BSPCB","26-03-2025 17:00:00",25.42742023,86.13886079,SO2,1,52,9
India,Bihar,Bettiah,"Kamalnath Nagar, Bettiah - BSPCB","26-03-2025 17:00:00",26.80365,84.51954,NH3,2,6,4
India,Bihar,Bhagalpur,"Mayaganj, Bhagalpur - BSPCB","26-03-2025 17:00:00",25.265194,87.012947,PM2.5,10,153,94
India,Bihar,Bhagalpur,"Mayaganj, Bhagalpur - BSPCB","26-03-2025 17:00:00",25.265194,87.012947,PM10,84,251,139
India,Bihar,Bhagalpur,"Mayaganj, Bhagalpur - BSPCB","26-03-2025 17:00:00",25.265194,87.012947,OZONE,2,37,25
India,Bihar,"Bihar Sharif","D M Colony, Bihar Sharif - BSPCB","26-03-2025 17:00:00",25.204762,85.514960,SO2,NA,NA,NA
India,Bihar,"Bihar Sharif","D M Colony, Bihar Sharif - BSPCB","26-03-2025 17:00:00",25.204762,85.514960,OZONE,25,33,26
India,Bihar,Buxar,"Charitra Van, Buxar - BSPCB","26-03-2025 17:00:00",25.567520,83.966379,NO2,4,5,5
India,"Andaman and Nicobar","Sri Vijaya Puram","Police Line, Sri Vijaya Puram - ANPCC","26-03-2025 17:00:00",11.654054,92.734055,CO,20,44,35
India,Andhra_Pradesh,Amaravati,"Secretariat, Amaravati - APPCB","26-03-2025 17:00:00",16.5150833,80.5181667,NO2,5,10,6
India,Andhra_Pradesh,Amaravati,"Secretariat, Amaravati - APPCB","26-03-2025 17:00:00",16.5150833,80.5181667,SO2,12,14,13
India,Andhra_Pradesh,Amaravati,"Secretariat, Amaravati - APPCB","26-03-2025 17:00:00",16.5150833,80.5181667,OZONE,13,65,53
India,Assam,Guwahati,"IITG, Guwahati - PCBA","26-03-2025 17:00:00",26.2028636,91.70046436,CO,10,30,19
India,Assam,Guwahati,"Pan Bazaar, Guwahati - PCBA","26-03-2025 17:00:00",26.187500,91.744194,OZONE,17,17,17
India,Assam,Nagaon,"Christianpatty, Nagaon - PCBA","26-03-2025 17:00:00",26.349082,92.68449,PM2.5,28,200,109
India,Chhattisgarh,Korba,"Urja Nagar, Korba - CECB","26-03-2025 17:00:00",22.348441,82.549611,SO2,9,13,11
India,Chhattisgarh,Kunjemura,"OP Jindal School, Kunjemura - CECB","26-03-2025 17:00:00",22.126650,83.483212,NO2,24,60,39
India,Chhattisgarh,Milupara,"Govt. Higher Secondary School, Milupara - CECB","26-03-2025 17:00:00",22.1910172,83.5197009,SO2,9,63,17
India,Chhattisgarh,Raipur,"AIIMS, Raipur - CECB","26-03-2025 17:00:00",21.258815,81.578979,NH3,6,7,7
India,Chhattisgarh,Raipur,"AIIMS, Raipur - CECB","26-03-2025 17:00:00",21.258815,81.578979,SO2,7,31,15
India,Chhattisgarh,Raipur,"AIIMS, Raipur - CECB","26-03-2025 17:00:00",21.258815,81.578979,CO,20,62,37
India,Chhattisgarh,Bhilai,"Hathkhoj, Bhilai - CECB","26-03-2025 17:00:00",21.224231,81.408350,PM2.5,43,199,106
India,Chhattisgarh,Bilaspur,"Mangala, Bilaspur - NTPC","26-03-2025 17:00:00",22.08815,82.13737,NO2,NA,NA,NA
India,Chhattisgarh,Chhal,"Nawapara SECL Colony, Chhal - CECB","26-03-2025 17:00:00",22.118125,83.140608,SO2,11,77,29
India,Chhattisgarh,Korba,"Rampur, Korba - CECB","26-03-2025 17:00:00",22.368195,82.746431,NO2,31,45,36
India,Chhattisgarh,Korba,"Urja Nagar, Korba - CECB","26-03-2025 17:00:00",22.348441,82.549611,PM2.5,43,116,72
India,Chhattisgarh,Raipur,"AIIMS, Raipur - CECB","26-03-2025 17:00:00",21.258815,81.578979,OZONE,4,46,25
India,Chhattisgarh,Raipur,"Bhatagaon New ISBT, Raipur - CECB","26-03-2025 17:00:00",21.219665,81.630094,NH3,2,2,2
India,Chhattisgarh,Raipur,"Siltara Phase-II, Raipur - CECB","26-03-2025 17:00:00",21.371751,81.664929,NH3,3,3,3
India,Chhattisgarh,Raipur,"Siltara Phase-II, Raipur - CECB","26-03-2025 17:00:00",21.371751,81.664929,SO2,10,61,22
India,Chhattisgarh,Tumidih,"OP Jindal Industrial Park, Tumidih - CECB","26-03-2025 17:00:00",22.06631475,83.33820077,SO2,NA,NA,NA
India,Bihar,Patna,"DRM Office Danapur, Patna - BSPCB","26-03-2025 17:00:00",25.586562,85.043586,SO2,3,7,5
India,Bihar,Patna,"DRM Office Danapur, Patna - BSPCB","26-03-2025 17:00:00",25.586562,85.043586,OZONE,2,38,33
India,Bihar,Patna,"Govt. High School Shikarpur, Patna - BSPCB","26-03-2025 17:00:00",25.592539,85.227158,SO2,NA,NA,NA
India,Bihar,Patna,"IGSC Planetarium Complex, Patna - BSPCB","26-03-2025 17:00:00",25.610369,85.132568,PM2.5,74,331,217
India,Bihar,Patna,"Muradpur, Patna - BSPCB","26-03-2025 17:00:00",25.619651,85.147382,NH3,1,20,7
India,Bihar,Munger,"Town Hall, Munger - BSPCB","26-03-2025 17:00:00",25.376776,86.471523,OZONE,4,41,22
India,Bihar,Muzaffarpur,"Buddha Colony, Muzaffarpur - BSPCB","26-03-2025 17:00:00",26.11442,85.39813,OZONE,10,46,38
India,Bihar,Muzaffarpur,"MIT-Daudpur Kothi, Muzaffarpur - BSPCB","26-03-2025 17:00:00",26.1403345,85.3650192,NO2,10,17,12
India,Bihar,Muzaffarpur,"Muzaffarpur Collectorate, Muzaffarpur - BSPCB","26-03-2025 17:00:00",26.1209,85.3647,OZONE,10,79,45
India,Delhi,Delhi,"Alipur, Delhi - DPCC","26-03-2025 17:00:00",28.815329,77.153010,NH3,11,13,12
India,Delhi,Delhi,"Alipur, Delhi - DPCC","26-03-2025 17:00:00",28.815329,77.153010,CO,28,84,40
India,Delhi,Delhi,"Anand Vihar, Delhi - DPCC","26-03-2025 17:00:00",28.647622,77.3158090,CO,86,168,107
India,Delhi,Delhi,"Ashok Vihar, Delhi - DPCC","26-03-2025 17:00:00",28.695381,77.181665,NO2,24,148,83
India,Chandigarh,Chandigarh,"Sector 22, Chandigarh - CPCC","26-03-2025 17:00:00",30.735567,76.775714,SO2,18,103,36
India,Chandigarh,Chandigarh,"Sector-25, Chandigarh - CPCC","26-03-2025 17:00:00",30.751462,76.762879,NO2,17,55,37
India,Chhattisgarh,Bhilai,"32Bungalows, Bhilai - CECB","26-03-2025 17:00:00",21.194815,81.314770,NH3,1,4,3
India,Bihar,Purnia,"Mariam Nagar, Purnia - BSPCB","26-03-2025 17:00:00",25.366336,87.117468,NO2,18,20,18
India,Bihar,Purnia,"Mariam Nagar, Purnia - BSPCB","26-03-2025 17:00:00",25.366336,87.117468,CO,28,82,61
India,Bihar,Purnia,"Mariam Nagar, Purnia - BSPCB","26-03-2025 17:00:00",25.366336,87.117468,OZONE,19,28,25
India,Bihar,Rajgir,"Dangi Tola, Rajgir - BSPCB","26-03-2025 17:00:00",25.03280,85.41948,SO2,NA,NA,NA
India,Bihar,Saharsa,"Police Line, Saharsa - BSPCB","26-03-2025 17:00:00",25.892357,86.590325,NO2,6,8,7
India,Bihar,Sasaram,"Dada Peer, Sasaram - BSPCB","26-03-2025 17:00:00",24.952822,84.002396,SO2,5,5,5
India,Delhi,Delhi,"Bawana, Delhi - DPCC","26-03-2025 17:00:00",28.776200,77.051074,NO2,4,78,43
India,Delhi,Delhi,"Bawana, Delhi - DPCC","26-03-2025 17:00:00",28.776200,77.051074,OZONE,6,179,91
India,Delhi,Delhi,"Burari Crossing, Delhi - IMD","26-03-2025 17:00:00",28.7256504,77.2011573,PM2.5,NA,NA,NA
India,Delhi,Delhi,"Burari Crossing, Delhi - IMD","26-03-2025 17:00:00",28.7256504,77.2011573,CO,37,42,39
India,Delhi,Delhi,"CRRI Mathura Road, Delhi - IMD","26-03-2025 17:00:00",28.5512005,77.2735737,PM10,112,406,250
India,Delhi,Delhi,"CRRI Mathura Road, Delhi - IMD","26-03-2025 17:00:00",28.5512005,77.2735737,CO,28,126,59
India,Delhi,Delhi,"Chandni Chowk, Delhi - IITM","26-03-2025 17:00:00",28.656756,77.227234,PM10,86,176,139
India,Delhi,Delhi,"Chandni Chowk, Delhi - IITM","26-03-2025 17:00:00",28.656756,77.227234,CO,10,120,42
India,Delhi,Delhi,"NSIT Dwarka, Delhi - CPCB","26-03-2025 17:00:00",28.60909,77.0325413,NO2,49,75,65
India,Delhi,Delhi,"NSIT Dwarka, Delhi - CPCB","26-03-2025 17:00:00",28.60909,77.0325413,SO2,2,19,10
India,Delhi,Delhi,"Najafgarh, Delhi - DPCC","26-03-2025 17:00:00",28.570173,76.933762,PM10,69,270,165
India,Delhi,Delhi,"Najafgarh, Delhi - DPCC","26-03-2025 17:00:00",28.570173,76.933762,SO2,8,28,17
India,Delhi,Delhi,"Najafgarh, Delhi - DPCC","26-03-2025 17:00:00",28.570173,76.933762,CO,54,83,63
India,Delhi,Delhi,"Narela, Delhi - DPCC","26-03-2025 17:00:00",28.822836,77.101981,PM10,92,420,252
India,Delhi,Delhi,"Narela, Delhi - DPCC","26-03-2025 17:00:00",28.822836,77.101981,SO2,11,50,25
India,Delhi,Delhi,"Nehru Nagar, Delhi - DPCC","26-03-2025 17:00:00",28.567890,77.250515,SO2,2,44,20
India,Delhi,Delhi,"Pusa, Delhi - DPCC","26-03-2025 17:00:00",28.639652,77.146275,CO,3,106,29
India,Delhi,Delhi,"Pusa, Delhi - DPCC","26-03-2025 17:00:00",28.639652,77.146275,OZONE,2,52,16
India,Delhi,Delhi,"Pusa, Delhi - IMD","26-03-2025 17:00:00",28.636110,77.173332,CO,19,97,41
India,Delhi,Delhi,"Rohini, Delhi - DPCC","26-03-2025 17:00:00",28.732528,77.119920,PM2.5,47,369,236
India,Delhi,Delhi,"Rohini, Delhi - DPCC","26-03-2025 17:00:00",28.732528,77.119920,OZONE,3,196,111
India,Delhi,Delhi,"Shadipur, Delhi - CPCB","26-03-2025 17:00:00",28.6514781,77.1473105,NO2,69,89,79
India,Delhi,Delhi,"ITO, Delhi - CPCB","26-03-2025 17:00:00",28.628624,77.241060,PM10,62,407,150
India,Delhi,Delhi,"ITO, Delhi - CPCB","26-03-2025 17:00:00",28.628624,77.241060,NO2,16,221,101
India,Delhi,Delhi,"ITO, Delhi - CPCB","26-03-2025 17:00:00",28.628624,77.241060,OZONE,1,86,40
India,Delhi,Delhi,"Jahangirpuri, Delhi - DPCC","26-03-2025 17:00:00",28.732820,77.170633,PM2.5,42,367,237
India,Delhi,Delhi,"Sonia Vihar, Delhi - DPCC","26-03-2025 17:00:00",28.710508,77.249485,SO2,14,40,20
India,Delhi,Delhi,"Sri Aurobindo Marg, Delhi - DPCC","26-03-2025 17:00:00",28.531346,77.190156,CO,22,112,39
India,Delhi,Delhi,"Vivek Vihar, Delhi - DPCC","26-03-2025 17:00:00",28.672342,77.315260,CO,27,86,42
India,Delhi,Delhi,"North Campus, DU, Delhi - IMD","26-03-2025 17:00:00",28.6573814,77.1585447,NO2,20,142,92
India,Delhi,Delhi,"Punjabi Bagh, Delhi - DPCC","26-03-2025 17:00:00",28.674045,77.131023,PM10,89,319,200
India,Delhi,Delhi,"Dwarka-Sector 8, Delhi - DPCC ","26-03-2025 17:00:00",28.5710274,77.0719006,PM2.5,45,358,231
India,Delhi,Delhi,"Dwarka-Sector 8, Delhi - DPCC ","26-03-2025 17:00:00",28.5710274,77.0719006,NO2,34,70,51
India,Delhi,Delhi,"Dwarka-Sector 8, Delhi - DPCC ","26-03-2025 17:00:00",28.5710274,77.0719006,NH3,10,19,15
India,Delhi,Delhi,"Lodhi Road, Delhi - IMD","26-03-2025 17:00:00",28.5918245,77.2273074,PM2.5,63,307,170
India,Delhi,Delhi,"Lodhi Road, Delhi - IMD","26-03-2025 17:00:00",28.5918245,77.2273074,NO2,6,18,12
India,Delhi,Delhi,"Mandir Marg, Delhi - DPCC","26-03-2025 17:00:00",28.636429,77.201067,NH3,9,14,11
India,Delhi,Delhi,"Mandir Marg, Delhi - DPCC","26-03-2025 17:00:00",28.636429,77.201067,OZONE,1,15,10
India,Haryana,Faridabad,"Sector 30, Faridabad - HSPCB","26-03-2025 17:00:00",28.4417,77.3217,SO2,6,6,6
India,Haryana,Faridabad,"Sector 30, Faridabad - HSPCB","26-03-2025 17:00:00",28.4417,77.3217,CO,58,65,62
India,Haryana,Gurugram,"NISE Gwal Pahari, Gurugram - IMD","26-03-2025 17:00:00",28.422681,77.148944,OZONE,2,113,70
India,Haryana,Gurugram,"Sector-51, Gurugram - HSPCB","26-03-2025 17:00:00",28.4227,77.0667,SO2,14,31,20
India,Haryana,Panchgaon,"Amity University, Panchgaon - IITM","26-03-2025 17:00:00",28.3153,76.9143,PM2.5,30,76,48
India,Haryana,Panchgaon,"Amity University, Panchgaon - IITM","26-03-2025 17:00:00",28.3153,76.9143,PM10,31,71,50
India,"Himachal Pradesh",Baddi,"HIMUDA Complex Phase-1, Baddi - HPPCB","26-03-2025 17:00:00",30.943887,76.801991,PM2.5,38,243,91
India,Karnataka,Bengaluru,"BTM Layout, Bengaluru - CPCB","26-03-2025 17:00:00",12.9135218,77.5950804,CO,27,37,29
India,Karnataka,Bengaluru,"BTM Layout, Bengaluru - CPCB","26-03-2025 17:00:00",12.9135218,77.5950804,OZONE,23,25,25
India,Karnataka,Bengaluru,"Bapuji Nagar, Bengaluru - KSPCB","26-03-2025 17:00:00",12.951913,77.539784,CO,22,107,48
India,Karnataka,Bengaluru,"City Railway Station, Bengaluru - KSPCB","26-03-2025 17:00:00",12.9756843,77.5660749,NO2,31,35,33
India,Karnataka,Bengaluru,"Hebbal, Bengaluru - KSPCB","26-03-2025 17:00:00",13.029152,77.585901,PM2.5,40,76,54
India,Karnataka,Bengaluru,"Hebbal, Bengaluru - KSPCB","26-03-2025 17:00:00",13.029152,77.585901,PM10,54,108,73
India,Karnataka,Bengaluru,"Hombegowda Nagar, Bengaluru - KSPCB","26-03-2025 17:00:00",12.938539,77.590100,NH3,3,8,5
India,Karnataka,Bengaluru,"Kasturi Nagar, Bengaluru - KSPCB","26-03-2025 17:00:00",13.003872,77.664217,NO2,15,19,16
India,Karnataka,Bengaluru,"Peenya, Bengaluru - CPCB","26-03-2025 17:00:00",13.0270199,77.494094,NO2,2,24,20
India,Karnataka,Bengaluru,"RVCE-Mailasandra, Bengaluru - KSPCB","26-03-2025 17:00:00",12.921418,77.502466,PM2.5,55,57,56
India,Karnataka,Bengaluru,"RVCE-Mailasandra, Bengaluru - KSPCB","26-03-2025 17:00:00",12.921418,77.502466,CO,28,46,37
India,Karnataka,Bengaluru,"Sanegurava Halli, Bengaluru - KSPCB","26-03-2025 17:00:00",12.990328,77.5431385,SO2,6,8,7
India,Karnataka,Bengaluru,"Shivapura_Peenya, Bengaluru - KSPCB","26-03-2025 17:00:00",13.0246342,77.5080115,PM2.5,39,52,45
India,Gujarat,Ankleshwar,"GIDC, Ankleshwar - GPCB","26-03-2025 17:00:00",21.613267,73.010555,CO,34,98,50
India,Gujarat,Gandhinagar,"Sector-10, Gandhinagar - GPCB","26-03-2025 17:00:00",23.221714,72.654328,PM10,29,165,84
India,Gujarat,Surat,"Science Center, Surat - SMC","26-03-2025 17:00:00",21.170046,72.795405,PM10,25,87,54
India,Gujarat,Vapi,"Phase-1 GIDC, Vapi - GPCB","26-03-2025 17:00:00",20.362421,72.918013,NH3,10,10,10
India,Gujarat,Vatva,"Phase-4 GIDC, Vatva - GPCB","26-03-2025 17:00:00",22.969611,72.643500,PM2.5,41,389,127
India,Gujarat,Vatva,"Phase-4 GIDC, Vatva - GPCB","26-03-2025 17:00:00",22.969611,72.643500,NH3,1,9,4
India,Haryana,"Charkhi Dadri","Mini Secretariat, Charkhi Dadri - HSPCB","26-03-2025 17:00:00",28.593883,76.270653,NO2,15,23,18
India,Haryana,"Charkhi Dadri","Mini Secretariat, Charkhi Dadri - HSPCB","26-03-2025 17:00:00",28.593883,76.270653,NH3,6,8,7
India,Haryana,Faridabad,"New Industrial Town, Faridabad - HSPCB","26-03-2025 17:00:00",28.39072,77.30059,SO2,NA,NA,NA
India,Haryana,Faridabad,"Sector 11, Faridabad - HSPCB","26-03-2025 17:00:00",28.376058,77.315741,NH3,6,6,6
India,Gujarat,Ahmedabad,"Chandkheda, Ahmedabad - IITM","26-03-2025 17:00:00",23.107969,72.574648,CO,12,128,26
India,Gujarat,Ahmedabad,"Gyaspur, Ahmedabad - IITM","26-03-2025 17:00:00",22.977134,72.553024,PM10,79,411,186
India,Gujarat,Ahmedabad,"Maninagar, Ahmedabad - GPCB","26-03-2025 17:00:00",23.002657,72.591912,CO,10,57,31
India,Gujarat,Ahmedabad,"Raikhad, Ahmedabad - IITM","26-03-2025 17:00:00",23.020509,72.579261,PM2.5,41,167,71
India,Karnataka,Bengaluru,"Jayanagar 5th Block, Bengaluru - KSPCB","26-03-2025 17:00:00",12.920984,77.584908,PM2.5,43,91,57
India,Karnataka,Bengaluru,"Jayanagar 5th Block, Bengaluru - KSPCB","26-03-2025 17:00:00",12.920984,77.584908,NH3,NA,NA,NA
India,Gujarat,Ahmedabad,"Sardar Vallabhbhai Patel Stadium, Ahmedabad - IITM","26-03-2025 17:00:00",23.043070,72.562968,NO2,31,120,57
India,Karnataka,Bagalkot,"Vidayagiri, Bagalkot - KSPCB","26-03-2025 17:00:00",16.172806,75.659694,SO2,NA,NA,NA
India,Kerala,Thiruvananthapuram,"Plammoodu, Thiruvananthapuram - Kerala PCB","26-03-2025 17:00:00",8.5149093,76.9435879,SO2,5,25,13
India,Kerala,Thrissur,"Corporation Ground, Thrissur - Kerala PCB","26-03-2025 17:00:00",10.532400,76.215900,PM2.5,41,48,44
India,Kerala,Thrissur,"Corporation Ground, Thrissur - Kerala PCB","26-03-2025 17:00:00",10.532400,76.215900,OZONE,28,31,30
India,"Madhya Pradesh",Bhopal,"Idgah Hills, Bhopal - MPPCB","26-03-2025 17:00:00",23.264759,77.381568,PM2.5,17,113,56
India,"Madhya Pradesh",Bhopal,"Idgah Hills, Bhopal - MPPCB","26-03-2025 17:00:00",23.264759,77.381568,PM10,61,135,94
India,"Madhya Pradesh",Bhopal,"Idgah Hills, Bhopal - MPPCB","26-03-2025 17:00:00",23.264759,77.381568,CO,20,103,39
India,"Madhya Pradesh",Bhopal,"Paryavaran Parisar, Bhopal - MPPCB","26-03-2025 17:00:00",23.210494,77.425409,PM10,63,285,138
India,"Madhya Pradesh",Bhopal,"Paryavaran Parisar, Bhopal - MPPCB","26-03-2025 17:00:00",23.210494,77.425409,NO2,15,137,69
India,"Madhya Pradesh",Bhopal,"T T Nagar, Bhopal - MPPCB","26-03-2025 17:00:00",23.233584,77.400574,PM2.5,14,103,65
India,Karnataka,Bengaluru,"Silk Board, Bengaluru - KSPCB","26-03-2025 17:00:00",12.917348,77.622813,PM2.5,41,68,54
India,Karnataka,Bengaluru,"Silk Board, Bengaluru - KSPCB","26-03-2025 17:00:00",12.917348,77.622813,NO2,18,63,32
India,Karnataka,Bengaluru,"Silk Board, Bengaluru - KSPCB","26-03-2025 17:00:00",12.917348,77.622813,CO,2,76,16
India,Karnataka,Bengaluru,"Silk Board, Bengaluru - KSPCB","26-03-2025 17:00:00",12.917348,77.622813,OZONE,8,45,35
India,Karnataka,Bidar,"Naubad, Bidar - KSPCB","26-03-2025 17:00:00",17.930306,77.482194,NO2,NA,NA,NA
India,Karnataka,Bidar,"Naubad, Bidar - KSPCB","26-03-2025 17:00:00",17.930306,77.482194,SO2,NA,NA,NA
India,Karnataka,Bidar,"Naubad, Bidar - KSPCB","26-03-2025 17:00:00",17.930306,77.482194,CO,18,22,20
India,Karnataka,Chamarajanagar,"Urban, Chamarajanagar - KSPCB","26-03-2025 17:00:00",11.55358,76.55521,NO2,16,35,29
India,Karnataka,Chikkaballapur,"Chikkaballapur Rural, Chikkaballapur - KSPCB","26-03-2025 17:00:00",13.428828,77.731418,PM2.5,38,86,55
India,Karnataka,Chikkaballapur,"Chikkaballapur Rural, Chikkaballapur - KSPCB","26-03-2025 17:00:00",13.428828,77.731418,NO2,15,25,19
India,Karnataka,Davanagere,"Devaraj Urs Badavane, Davanagere - KSPCB","26-03-2025 17:00:00",14.475800,75.905200,NH3,2,6,2
India,Karnataka,Dharwad,"Kalabhavan, Dharwad - KSPCB","26-03-2025 17:00:00",15.459706,75.008381,PM2.5,46,57,49
India,Karnataka,Dharwad,"Kalabhavan, Dharwad - KSPCB","26-03-2025 17:00:00",15.459706,75.008381,PM10,60,75,65
India,Karnataka,Dharwad,"Kalabhavan, Dharwad - KSPCB","26-03-2025 17:00:00",15.459706,75.008381,CO,40,111,62
India,Karnataka,Gadag,"Panchal Nagar, Gadag - KSPCB","26-03-2025 17:00:00",15.411456,75.638133,PM10,31,44,38
India,Karnataka,Mysuru,"Hebbal 1st Stage, Mysuru - KSPCB","26-03-2025 17:00:00",12.21041,76.37376,CO,8,47,14
India,Karnataka,Ramanagara,"Vijay Nagar, Ramanagara - KSPCB","26-03-2025 17:00:00",12.733409,77.298051,NO2,2,6,3
India,Karnataka,Shivamogga,"Vinoba Nagara, Shivamogga - KSPCB","26-03-2025 17:00:00",13.940000,75.555917,OZONE,21,88,56
India,Karnataka,Tumakuru,"Thimmalapura, Tumakuru - KSPCB","26-03-2025 17:00:00",13.377516,77.099072,CO,56,60,57
India,Karnataka,Yadgir,"Collector Office, Yadgir - KSPCB","26-03-2025 17:00:00",16.7602,77.1428,SO2,12,21,15
India,Karnataka,Gadag,"Panchal Nagar, Gadag - KSPCB","26-03-2025 17:00:00",15.411456,75.638133,CO,42,46,43
India,Karnataka,Haveri,"Ashwini Nagar, Haveri - KSPCB","26-03-2025 17:00:00",14.791800,75.389600,NH3,NA,NA,NA
India,Karnataka,Haveri,"Ashwini Nagar, Haveri - KSPCB","26-03-2025 17:00:00",14.791800,75.389600,CO,23,24,24
India,Karnataka,Haveri,"Ashwini Nagar, Haveri - KSPCB","26-03-2025 17:00:00",14.791800,75.389600,OZONE,NA,NA,NA
India,Karnataka,Hubballi,"Lingaraj Nagar, Hubballi - KSPCB","26-03-2025 17:00:00",15.3714823,75.1160168,SO2,1,3,1
India,Karnataka,Hubballi,"Lingaraj Nagar, Hubballi - KSPCB","26-03-2025 17:00:00",15.3714823,75.1160168,OZONE,9,25,20
India,"Madhya Pradesh",Damoh,"Shrivastav Colony, Damoh - MPPCB","26-03-2025 17:00:00",23.81748678,79.446246,PM2.5,7,53,26
India,"Madhya Pradesh",Dewas,"Bhopal Chauraha, Dewas - MPPCB","26-03-2025 17:00:00",22.9682591,76.064118,SO2,25,87,46
India,"Madhya Pradesh",Dewas,"Bhopal Chauraha, Dewas - MPPCB","26-03-2025 17:00:00",22.9682591,76.064118,OZONE,32,90,68
India,"Madhya Pradesh",Gwalior,"Maharaj Bada, Gwalior - MPPCB","26-03-2025 17:00:00",26.200388,78.147714,PM2.5,30,309,81
India,"Madhya Pradesh",Gwalior,"Maharaj Bada, Gwalior - MPPCB","26-03-2025 17:00:00",26.200388,78.147714,NH3,2,3,2
India,Karnataka,Koppal,"Diwator Nagar, Koppal - KSPCB","26-03-2025 17:00:00",15.347630,76.181767,PM10,10,64,28
India,Karnataka,Madikeri,"Stuart Hill, Madikeri - KSPCB","26-03-2025 17:00:00",12.415911,75.735050,NO2,76,155,123
India,Karnataka,Madikeri,"Stuart Hill, Madikeri - KSPCB","26-03-2025 17:00:00",12.415911,75.735050,NH3,1,11,1
India,Karnataka,Mysuru,"Hebbal 1st Stage, Mysuru - KSPCB","26-03-2025 17:00:00",12.21041,76.37376,PM2.5,30,61,45
India,Karnataka,Mysuru,"Hebbal 1st Stage, Mysuru - KSPCB","26-03-2025 17:00:00",12.21041,76.37376,NH3,4,6,5
India,Kerala,Kannur,"Thavakkara, Kannur - Kerala PCB","26-03-2025 17:00:00",11.875000,75.373200,SO2,NA,NA,NA
India,Kerala,Kannur,"Thavakkara, Kannur - Kerala PCB","26-03-2025 17:00:00",11.875000,75.373200,CO,14,19,16
India,Kerala,Kollam,"Polayathode, Kollam - Kerala PCB","26-03-2025 17:00:00",8.8787,76.6073,PM10,66,73,71
India,Kerala,Kollam,"Polayathode, Kollam - Kerala PCB","26-03-2025 17:00:00",8.8787,76.6073,SO2,1,3,2
India,"Madhya Pradesh",Indore,"Airport Area, Indore - IMC","26-03-2025 17:00:00",22.7289,75.8076,CO,10,12,10
India,"Madhya Pradesh",Indore,"Residency Area, Indore - IMC","26-03-2025 17:00:00",22.7084,75.8815,PM10,40,184,107
India,"Madhya Pradesh",Indore,"Residency Area, Indore - IMC","26-03-2025 17:00:00",22.7084,75.8815,NO2,7,17,14
India,"Madhya Pradesh",Indore,"Residency Area, Indore - IMC","26-03-2025 17:00:00",22.7084,75.8815,SO2,30,39,33
India,Maharashtra,Amravati,"Shri Shivaji Science College, Amaravati - MPCB","26-03-2025 17:00:00",20.939198,77.765701,NO2,4,99,32
India,Maharashtra,Amravati,"Shri Shivaji Science College, Amaravati - MPCB","26-03-2025 17:00:00",20.939198,77.765701,CO,37,113,51
India,Maharashtra,Aurangabad,"MIDC Chilkalthana, Aurangabad - MPCB","26-03-2025 17:00:00",19.875620,75.387310,SO2,8,43,15
India,Maharashtra,Aurangabad,"MIDC Chilkalthana, Aurangabad - MPCB","26-03-2025 17:00:00",19.875620,75.387310,OZONE,2,77,60
India,Maharashtra,Aurangabad,"More Chowk Waluj, Aurangabad - MPCB","26-03-2025 17:00:00",19.8389439,75.244448,CO,32,46,42
India,Maharashtra,Badlapur,"Katrap, Badlapur - MPCB","26-03-2025 17:00:00",19.16485,73.23409,PM10,53,93,74
India,Maharashtra,Badlapur,"Katrap, Badlapur - MPCB","26-03-2025 17:00:00",19.16485,73.23409,NO2,24,92,61
India,Maharashtra,Kalyan,"Pimpleshwar Mandir, Kalyan - MPCB","26-03-2025 17:00:00",19.192056,72.9585188,PM10,39,91,73
India,Maharashtra,Kalyan,"Pimpleshwar Mandir, Kalyan - MPCB","26-03-2025 17:00:00",19.192056,72.9585188,OZONE,1,81,35
India,Maharashtra,Kolhapur,"Shivaji University, Kolhapur - MPCB","26-03-2025 17:00:00",16.6870449,74.2505872,SO2,2,7,4
India,Maharashtra,Kolhapur,"Sinchan Bhavan, Kolhapur - MPCB","26-03-2025 17:00:00",16.7143745,74.2426398,CO,8,27,17
India,Maharashtra,Latur,"Sawe Wadi, Latur - MPCB","26-03-2025 17:00:00",18.39963,76.57452,CO,2,102,20
India,Maharashtra,Mahad,"Kamble Tarf Birwadi, Mahad - MPCB","26-03-2025 17:00:00",18.1023399,73.4783687,OZONE,16,107,68
India,"Madhya Pradesh",Jabalpur,"Gupteshwar, Jabalpur - JMC","26-03-2025 17:00:00",23.142888,79.916147,PM10,37,159,88
India,"Madhya Pradesh",Jabalpur,"Gupteshwar, Jabalpur - JMC","26-03-2025 17:00:00",23.142888,79.916147,OZONE,2,111,86
India,"Madhya Pradesh",Jabalpur,"Marhatal, Jabalpur - MPPCB","26-03-2025 17:00:00",23.168606,79.932247,NO2,21,96,41
India,"Madhya Pradesh",Jabalpur,"Marhatal, Jabalpur - MPPCB","26-03-2025 17:00:00",23.168606,79.932247,NH3,1,3,2
India,"Madhya Pradesh",Jabalpur,"Suhagi, Jabalpur - JMC","26-03-2025 17:00:00",23.218135,79.957770,PM10,38,133,74
India,"Madhya Pradesh",Jabalpur,"Suhagi, Jabalpur - JMC","26-03-2025 17:00:00",23.218135,79.957770,NH3,2,3,3
India,"Madhya Pradesh",Jabalpur,"Suhagi, Jabalpur - JMC","26-03-2025 17:00:00",23.218135,79.957770,SO2,8,31,21
India,"Madhya Pradesh",Katni,"Gole Bazar, Katni - MPPCB","26-03-2025 17:00:00",23.50016,80.23284,NH3,2,4,3
India,Maharashtra,Belapur,"CBD Belapur, Belapur - MPCB","26-03-2025 17:00:00",19.0243902,73.0406721,CO,4,28,18
India,Maharashtra,Belapur,"CBD Belapur, Belapur - MPCB","26-03-2025 17:00:00",19.0243902,73.0406721,OZONE,5,58,39
India,Maharashtra,Bhiwandi,"Gokul Nagar, Bhiwandi - MPCB","26-03-2025 17:00:00",19.309073,73.057223,PM10,57,127,93
India,Maharashtra,Boisar,"Khaira, Boisar - MPCB","26-03-2025 17:00:00",19.786089,72.757971,PM10,55,120,84
India,Maharashtra,Boisar,"Khaira, Boisar - MPCB","26-03-2025 17:00:00",19.786089,72.757971,NO2,14,54,26
India,Maharashtra,Boisar,"Khaira, Boisar - MPCB","26-03-2025 17:00:00",19.786089,72.757971,OZONE,6,31,19
India,Maharashtra,Chandrapur,"MIDC Khutala, Chandrapur - MPCB","26-03-2025 17:00:00",19.9775302,79.2337086,PM2.5,46,97,78
India,"Madhya Pradesh",Ujjain,"Mahakaleshwar Temple, Ujjain - MPPCB","26-03-2025 17:00:00","23.182719 ","75.768218 ",CO,17,149,36
India,"Madhya Pradesh",Ujjain,"Mahakaleshwar Temple, Ujjain - MPPCB","26-03-2025 17:00:00","23.182719 ","75.768218 ",OZONE,45,78,49
India,Maharashtra,Ahmednagar,"Tarakpur, Ahmednagar - MPCB","26-03-2025 17:00:00",19.10122,74.73339,OZONE,21,261,150
India,Maharashtra,Akola,"Ramdaspeth, Akola - MPCB","26-03-2025 17:00:00",20.719516,77.000253,NH3,5,15,9
India,Maharashtra,Amravati,"Shivneri Colony, Amravati - MPCB","26-03-2025 17:00:00",20.9402359,77.7895248,NO2,5,59,24
India,Maharashtra,Amravati,"Shivneri Colony, Amravati - MPCB","26-03-2025 17:00:00",20.9402359,77.7895248,OZONE,11,136,104
India,Maharashtra,Malegaon,"Mahesh Nagar, Malegaon - MPCB","26-03-2025 17:00:00",20.555712,74.529236,NO2,4,45,19
India,Maharashtra,Malegaon,"Mahesh Nagar, Malegaon - MPCB","26-03-2025 17:00:00",20.555712,74.529236,OZONE,31,140,106
India,Maharashtra,Mira-Bhayandar,"Bhayandar West, Mira-Bhayandar - MPCB","26-03-2025 17:00:00",19.296481,72.840923,PM2.5,30,78,53
India,Maharashtra,Mira-Bhayandar,"Bhayandar West, Mira-Bhayandar - MPCB","26-03-2025 17:00:00",19.296481,72.840923,OZONE,4,70,37
India,Maharashtra,Mumbai,"Borivali East, Mumbai - IITM","26-03-2025 17:00:00",19.23241,72.86895,NH3,6,7,6
India,Maharashtra,Mumbai,"Borivali East, Mumbai - IITM","26-03-2025 17:00:00",19.23241,72.86895,CO,4,50,29
India,Maharashtra,Dhule,"Deopur, Dhule - MPCB","26-03-2025 17:00:00",20.918946,74.776388,NO2,33,42,38
India,Maharashtra,Dhule,"Deopur, Dhule - MPCB","26-03-2025 17:00:00",20.918946,74.776388,NH3,1,2,2
India,Maharashtra,Jalgaon,"Prabhat Colony, Jalgaon - MPCB","26-03-2025 17:00:00",21.001264,75.565602,PM10,47,254,118
India,Maharashtra,Jalgaon,"Prabhat Colony, Jalgaon - MPCB","26-03-2025 17:00:00",21.001264,75.565602,NH3,2,5,3
India,Maharashtra,Kalyan,"Khadakpada, Kalyan - MPCB","26-03-2025 17:00:00",19.25292,73.142019,PM10,93,136,118
India,Maharashtra,Kalyan,"Khadakpada, Kalyan - MPCB","26-03-2025 17:00:00",19.25292,73.142019,NH3,1,1,1
India,"Madhya Pradesh",Maihar,"Sahilara, Maihar - KJS Cements","26-03-2025 17:00:00",24.2613009,80.7231783,PM2.5,2,45,23
India,"Madhya Pradesh",Maihar,"Sahilara, Maihar - KJS Cements","26-03-2025 17:00:00",24.2613009,80.7231783,CO,18,26,20
India,"Madhya Pradesh",Pithampur,"Sector-2 Industrial Area, Pithampur - MPPCB","26-03-2025 17:00:00",22.624758,75.675238,CO,34,54,40
India,"Madhya Pradesh",Sagar,"Civil Lines, Sagar - MPPCB","26-03-2025 17:00:00",23.838586,78.759431,CO,22,44,31
India,"Madhya Pradesh",Satna,"Bandhavgar Colony, Satna - Birla Cement","26-03-2025 17:00:00",24.58434363,80.8549414,PM10,54,56,55
India,"Madhya Pradesh",Singrauli,"Suryakiran Bhawan NCL, Singrauli - MPPCB","26-03-2025 17:00:00",24.108970,82.645580,NH3,4,6,5
India,"Madhya Pradesh",Singrauli,"Suryakiran Bhawan NCL, Singrauli - MPPCB","26-03-2025 17:00:00",24.108970,82.645580,CO,58,166,85
India,Maharashtra,Nagpur,"Opp GPO Civil Lines, Nagpur - MPCB","26-03-2025 17:00:00",21.152875,79.0517531,NH3,2,11,5
India,Maharashtra,Nagpur,"Ram Nagar, Nagpur - MPCB","26-03-2025 17:00:00",21.143383,79.048912,PM2.5,71,259,159
India,Maharashtra,Nagpur,"Ram Nagar, Nagpur - MPCB","26-03-2025 17:00:00",21.143383,79.048912,CO,16,80,34
India,Maharashtra,Nanded,"Sneh Nagar, Nanded - MPCB","26-03-2025 17:00:00",19.173852,77.296291,PM10,75,138,110
India,Maharashtra,Nanded,"Sneh Nagar, Nanded - MPCB","26-03-2025 17:00:00",19.173852,77.296291,NH3,3,5,4
India,Maharashtra,Nashik,"Gangapur Road, Nashik - MPCB","26-03-2025 17:00:00",20.0073285,73.7762427,PM2.5,51,168,102
India,Maharashtra,Nashik,"Gangapur Road, Nashik - MPCB","26-03-2025 17:00:00",20.0073285,73.7762427,CO,33,40,37
India,Maharashtra,Mumbai,"Byculla, Mumbai - BMC","26-03-2025 17:00:00",18.9767,72.8380,NO2,10,53,22
India,Maharashtra,Mumbai,"Byculla, Mumbai - BMC","26-03-2025 17:00:00",18.9767,72.8380,SO2,8,12,9
India,Maharashtra,Mumbai,"Chembur, Mumbai - MPCB","26-03-2025 17:00:00",19.0364585,72.8954371,SO2,1,29,7
India,Maharashtra,Mumbai,"Chhatrapati Shivaji Intl. Airport (T2), Mumbai - MPCB","26-03-2025 17:00:00",19.10078,72.87462,NO2,22,28,25
India,Maharashtra,Mumbai,"Colaba, Mumbai - MPCB","26-03-2025 17:00:00",18.910000,72.820000,PM10,26,73,50
India,Maharashtra,Mumbai,"Colaba, Mumbai - MPCB","26-03-2025 17:00:00",18.910000,72.820000,NH3,3,3,3
India,Maharashtra,Mumbai,"Ghatkopar, Mumbai - BMC","26-03-2025 17:00:00",19.083694,72.920967,OZONE,4,56,15
India,Maharashtra,Mumbai,"Kandivali West, Mumbai - BMC","26-03-2025 17:00:00",19.215859,72.831718,PM2.5,18,65,39
India,Maharashtra,Mumbai,"Kherwadi_Bandra East, Mumbai - MPCB","26-03-2025 17:00:00",19.0632143,72.8456324,NH3,6,19,10
India,Maharashtra,Mumbai,"Khindipada-Bhandup West, Mumbai - IITM","26-03-2025 17:00:00",19.1653323,72.922099,PM10,39,79,71
India,Maharashtra,Mumbai,"Khindipada-Bhandup West, Mumbai - IITM","26-03-2025 17:00:00",19.1653323,72.922099,CO,20,24,22
India,Maharashtra,Mumbai,"Kurla, Mumbai - MPCB","26-03-2025 17:00:00",19.0863,72.8888,PM10,66,142,97
India,Maharashtra,Mumbai,"Kurla, Mumbai - MPCB","26-03-2025 17:00:00",19.0863,72.8888,CO,3,8,5
India,Maharashtra,Mumbai,"Mindspace-Malad West, Mumbai - MPCB","26-03-2025 17:00:00",19.1878657,72.8304069,PM2.5,32,55,41
India,Maharashtra,Mumbai,"Mindspace-Malad West, Mumbai - MPCB","26-03-2025 17:00:00",19.1878657,72.8304069,NO2,7,45,21
India,Maharashtra,Mumbai,"Mindspace-Malad West, Mumbai - MPCB","26-03-2025 17:00:00",19.1878657,72.8304069,CO,10,25,11
India,Maharashtra,Mumbai,"Mulund West, Mumbai - MPCB","26-03-2025 17:00:00",19.1750,72.9419,NH3,4,4,4
India,Maharashtra,Mumbai,"Navy Nagar-Colaba, Mumbai - IITM","26-03-2025 17:00:00",18.897756,72.813320,NO2,15,38,21
India,Maharashtra,Mumbai,"Shivaji Nagar, Mumbai - BMC","26-03-2025 17:00:00",19.060498,72.923356,SO2,1,4,1
India,Maharashtra,Mumbai,"Siddharth Nagar-Worli, Mumbai - IITM","26-03-2025 17:00:00",19.000083,72.813993,PM10,48,72,59
India,Maharashtra,Mumbai,"Siddharth Nagar-Worli, Mumbai - IITM","26-03-2025 17:00:00",19.000083,72.813993,NH3,2,3,2
India,Maharashtra,Mumbai,"Sion, Mumbai - MPCB","26-03-2025 17:00:00",19.047000,72.874600,NH3,6,9,7
India,Maharashtra,Mumbai,"Sion, Mumbai - MPCB","26-03-2025 17:00:00",19.047000,72.874600,OZONE,1,1,1
India,Maharashtra,Mumbai,"Vasai West, Mumbai - MPCB","26-03-2025 17:00:00",19.383200,72.820400,NH3,4,8,6
India,Maharashtra,Mumbai,"Worli, Mumbai - MPCB","26-03-2025 17:00:00",18.9936162,72.8128113,PM2.5,62,70,65
India,Maharashtra,Nagpur,"Ambazari, Nagpur - MPCB","26-03-2025 17:00:00",21.121801,79.04952,NO2,16,146,53
India,Maharashtra,Mumbai,"Colaba, Mumbai - MPCB","26-03-2025 17:00:00",18.910000,72.820000,CO,24,27,25
India,Maharashtra,Mumbai,"Ghatkopar, Mumbai - BMC","26-03-2025 17:00:00",19.083694,72.920967,PM2.5,29,70,50
India,Maharashtra,Nashik,"Hirawadi, Nashik - MPCB","26-03-2025 17:00:00",20.021503,73.813844,PM10,68,146,112
India,Odisha,Bhubaneswar,"Lingraj Mandir, Bhubaneswar - OSPCB","26-03-2025 17:00:00",20.240790,85.836784,PM10,45,97,70
India,Odisha,Bhubaneswar,"Lingraj Mandir, Bhubaneswar - OSPCB","26-03-2025 17:00:00",20.240790,85.836784,NH3,6,9,7
India,Odisha,Bhubaneswar,"Lingraj Mandir, Bhubaneswar - OSPCB","26-03-2025 17:00:00",20.240790,85.836784,SO2,2,8,5
India,Odisha,Bhubaneswar,"Lingraj Mandir, Bhubaneswar - OSPCB","26-03-2025 17:00:00",20.240790,85.836784,CO,42,74,54
India,Odisha,Bhubaneswar,"Lingraj Mandir, Bhubaneswar - OSPCB","26-03-2025 17:00:00",20.240790,85.836784,OZONE,13,53,38
India,Odisha,Bhubaneswar,"Patia, Bhubaneswar - OSPCB","26-03-2025 17:00:00",20.34652,85.81630,PM2.5,22,68,45
India,Odisha,Bhubaneswar,"Patia, Bhubaneswar - OSPCB","26-03-2025 17:00:00",20.34652,85.81630,CO,21,57,48
India,Odisha,Bileipada,"Tata Township, Bileipada - OSPCB","26-03-2025 17:00:00",22.06156703,85.47409613,SO2,10,11,10
India,Odisha,Bileipada,"Tata Township, Bileipada - OSPCB","26-03-2025 17:00:00",22.06156703,85.47409613,CO,NA,NA,NA
India,Odisha,Bileipada,"Tata Township, Bileipada - OSPCB","26-03-2025 17:00:00",22.06156703,85.47409613,OZONE,13,23,13
India,Odisha,Brajrajnagar,"GM Office, Brajrajnagar - OSPCB","26-03-2025 17:00:00",21.8004996,83.8396977,SO2,12,13,13
India,Odisha,Byasanagar,"Ferro Chrome Colony, Byasanagar - OSPCB","26-03-2025 17:00:00",20.94185,86.11510,NH3,2,3,2
India,Odisha,Cuttack,"CDA Area, Cuttack - OSPCB","26-03-2025 17:00:00","20.48891     ","85.84768     ",PM10,69,117,88
India,Maharashtra,Sangli,"Vijay Nagar, Sangli - MPCB","26-03-2025 17:00:00"," 16.5038",74.3623,CO,2,54,14
India,Maharashtra,Solapur,"Dnyaneshwar Nagar, Solapur - MPCB","26-03-2025 17:00:00",17.6336264,75.9132495,PM2.5,40,93,69
India,Maharashtra,Solapur,"Dnyaneshwar Nagar, Solapur - MPCB","26-03-2025 17:00:00",17.6336264,75.9132495,NO2,9,110,29
India,Maharashtra,Solapur,"Dnyaneshwar Nagar, Solapur - MPCB","26-03-2025 17:00:00",17.6336264,75.9132495,CO,10,85,16
India,Maharashtra,Solapur,"Dnyaneshwar Nagar, Solapur - MPCB","26-03-2025 17:00:00",17.6336264,75.9132495,OZONE,4,80,59
India,Maharashtra,Solapur,"Ratandeep Housing Society, Solapur - MPCB","26-03-2025 17:00:00",17.65439,75.90649,NO2,20,132,51
India,Maharashtra,Solapur,"Ratandeep Housing Society, Solapur - MPCB","26-03-2025 17:00:00",17.65439,75.90649,NH3,5,24,9
India,Maharashtra,Solapur,"Ratandeep Housing Society, Solapur - MPCB","26-03-2025 17:00:00",17.65439,75.90649,OZONE,1,114,72
India,Maharashtra,Thane,"Kasarvadavali, Thane - MPCB","26-03-2025 17:00:00",19.26777,72.97182,PM10,60,120,87
India,Maharashtra,Thane,"Kasarvadavali, Thane - MPCB","26-03-2025 17:00:00",19.26777,72.97182,CO,12,58,19
India,Maharashtra,Thane,"Upvan Fort, Thane - MPCB","26-03-2025 17:00:00",19.222279,72.957979,NO2,7,66,23
India,Maharashtra,Thane,"Upvan Fort, Thane - MPCB","26-03-2025 17:00:00",19.222279,72.957979,OZONE,6,84,46
India,Odisha,Cuttack,"CDA Area, Cuttack - OSPCB","26-03-2025 17:00:00","20.48891     ","85.84768     ",CO,92,101,95
India,Odisha,Cuttack,"CDA Area, Cuttack - OSPCB","26-03-2025 17:00:00","20.48891     ","85.84768     ",OZONE,2,191,190
India,Odisha,Nayagarh,"Dabuna, Nayagarh - OSPCB","26-03-2025 17:00:00",21.847279,85.416905,PM2.5,67,193,121
India,Odisha,Nayagarh,"Dabuna, Nayagarh - OSPCB","26-03-2025 17:00:00",21.847279,85.416905,CO,19,31,27
India,Odisha,Rourkela,"Fertilizer Township, Rourkela - OSPCB","26-03-2025 17:00:00",22.18972222,84.86277778,PM2.5,87,115,92
India,Odisha,Rourkela,"Raghunathpali, Rourkela - OSPCB","26-03-2025 17:00:00",22.220833,84.809444,NO2,6,12,9
India,Odisha,Rourkela,"Raghunathpali, Rourkela - OSPCB","26-03-2025 17:00:00",22.220833,84.809444,NH3,2,5,3
India,Odisha,Rourkela,"Sector-2, Rourkela - OSPCB","26-03-2025 17:00:00",22.24500000,84.88111111,CO,18,30,25
India,Odisha,Suakati,"OMC Colony, Suakati - OSPCB","26-03-2025 17:00:00",21.606865,85.510538,PM2.5,60,224,111
India,Odisha,Suakati,"OMC Colony, Suakati - OSPCB","26-03-2025 17:00:00",21.606865,85.510538,PM10,73,202,129
India,Nagaland,Kohima,"PWD Juction, Kohima - NPCB","26-03-2025 17:00:00",25.6635413,94.0989878,SO2,57,62,59
India,Odisha,Angul,"Hakimapada, Angul - OSPCB","26-03-2025 17:00:00",20.832874,85.104082,PM2.5,72,332,170
India,Odisha,Angul,"Hakimapada, Angul - OSPCB","26-03-2025 17:00:00",20.832874,85.104082,PM10,75,281,146
India,Odisha,Balasore,"Kalidaspur, Balasore - OSPCB","26-03-2025 17:00:00",21.51161,86.89088,NO2,11,57,21
India,Odisha,Balasore,"Kalidaspur, Balasore - OSPCB","26-03-2025 17:00:00",21.51161,86.89088,CO,41,64,46
India,Odisha,Barbil,"Forest Office, Barbil - OSPCB","26-03-2025 17:00:00",22.1166054,85.3945546,PM10,65,290,152
India,Odisha,Barbil,"Forest Office, Barbil - OSPCB","26-03-2025 17:00:00",22.1166054,85.3945546,CO,24,61,33
India,Odisha,Baripada,"Meher Colony, Baripada - OSPCB","26-03-2025 17:00:00",21.941841,86.728318,NH3,4,6,5
India,Odisha,Bhubaneswar,"Lingraj Mandir, Bhubaneswar - OSPCB","26-03-2025 17:00:00",20.240790,85.836784,PM2.5,43,87,60
India,Maharashtra,Nashik,"Pandav Nagari, Nashik - MPCB","26-03-2025 17:00:00",19.9591346,73.7788008,NH3,4,7,5
India,Maharashtra,"Navi Mumbai","Kopripada-Vashi, Navi Mumbai - MPCB","26-03-2025 17:00:00",19.090337,73.014232,CO,8,34,16
India,Maharashtra,"Navi Mumbai","Sanpada, Navi Mumbai - MPCB","26-03-2025 17:00:00",19.0575752,73.0151367,PM2.5,21,102,57
India,Maharashtra,"Navi Mumbai","Sanpada, Navi Mumbai - MPCB","26-03-2025 17:00:00",19.0575752,73.0151367,SO2,1,14,7
India,Maharashtra,"Navi Mumbai","Sanpada, Navi Mumbai - MPCB","26-03-2025 17:00:00",19.0575752,73.0151367,OZONE,2,59,36
India,Maharashtra,"Navi Mumbai","Sector-2E Kalamboli, Navi Mumbai - MPCB","26-03-2025 17:00:00",19.02579,73.10297,NH3,4,10,5
India,Maharashtra,Ulhasnagar,"Sidhi Vinayak Nagar, Ulhasnagar - MPCB","26-03-2025 17:00:00",19.235581,73.159121,PM10,65,96,86
India,Maharashtra,Ulhasnagar,"Sidhi Vinayak Nagar, Ulhasnagar - MPCB","26-03-2025 17:00:00",19.235581,73.159121,NH3,1,7,4
India,Meghalaya,Shillong,"JN Stadium, Shillong - Meghalaya PCB","26-03-2025 17:00:00",25.5803419,91.8942571,OZONE,3,12,8
India,Meghalaya,Shillong,"Lumpyngngad, Shillong - Meghalaya PCB","26-03-2025 17:00:00",25.5586,91.8985,PM2.5,13,50,29
India,Mizoram,Aizawl,"Sikulpuikawn, Aizawl - Mizoram PCB","26-03-2025 17:00:00",23.7176342,92.7192841,CO,3,3,3
India,Maharashtra,"Navi Mumbai","Sector-2E Kalamboli, Navi Mumbai - MPCB","26-03-2025 17:00:00",19.02579,73.10297,CO,5,12,8
India,Maharashtra,"Navi Mumbai","Tondare-Taloja, Navi Mumbai - MPCB","26-03-2025 17:00:00",19.0630,73.1209,PM2.5,49,142,89
India,Maharashtra,"Navi Mumbai","Tondare-Taloja, Navi Mumbai - MPCB","26-03-2025 17:00:00",19.0630,73.1209,NO2,4,39,11
India,Maharashtra,"Navi Mumbai","Tondare-Taloja, Navi Mumbai - MPCB","26-03-2025 17:00:00",19.0630,73.1209,OZONE,1,51,27
India,Maharashtra,Parbhani,"Masoom Colony, Parbhani - MPCB","26-03-2025 17:00:00",19.265594,76.761463,PM2.5,33,133,75
India,Maharashtra,Parbhani,"Masoom Colony, Parbhani - MPCB","26-03-2025 17:00:00",19.265594,76.761463,NH3,1,4,3
India,Maharashtra,Pimpri-Chinchwad,"Savta Mali Nagar, Pimpri-Chinchwad - IITM","26-03-2025 17:00:00",18.614767,73.799516,OZONE,19,107,81
India,Maharashtra,Pune,"Bhumkar Nagar, Pune - IITM","26-03-2025 17:00:00",18.605770,73.749976,OZONE,9,211,211
India,Maharashtra,Pune,"Karve Road, Pune - MPCB","26-03-2025 17:00:00",18.5011743,73.8165527,OZONE,59,59,59
India,Maharashtra,Pune,"Katraj Dairy, Pune - MPCB","26-03-2025 17:00:00",18.454450,73.854155,PM2.5,58,83,68
India,Maharashtra,Pune,"Katraj Dairy, Pune - MPCB","26-03-2025 17:00:00",18.454450,73.854155,OZONE,35,73,60
India,Maharashtra,Sangli,"Vijay Nagar, Sangli - MPCB","26-03-2025 17:00:00"," 16.5038",74.3623,PM10,NA,NA,NA
India,Maharashtra,Sangli,"Vijay Nagar, Sangli - MPCB","26-03-2025 17:00:00"," 16.5038",74.3623,NH3,NA,NA,NA
India,Punjab,Bathinda,"Hardev Nagar, Bathinda - PPCB","26-03-2025 17:00:00",30.233011,74.907758,SO2,9,19,14
India,Punjab,Jalandhar,"Civil Line, Jalandhar - PPCB","26-03-2025 17:00:00",31.321907,75.578914,PM2.5,57,81,66
India,Punjab,Jalandhar,"Civil Line, Jalandhar - PPCB","26-03-2025 17:00:00",31.321907,75.578914,NH3,2,2,2
India,Punjab,Khanna,"Kalal Majra, Khanna - PPCB","26-03-2025 17:00:00","30.736056 ",76.209694,PM2.5,39,81,62
India,Punjab,Khanna,"Kalal Majra, Khanna - PPCB","26-03-2025 17:00:00","30.736056 ",76.209694,NO2,26,30,28
India,Punjab,Ludhiana,"Punjab Agricultural University, Ludhiana - PPCB","26-03-2025 17:00:00",30.9028,75.8086,OZONE,6,21,13
India,Punjab,"Mandi Gobindgarh","RIMT University, Mandi Gobindgarh - PPCB","26-03-2025 17:00:00",30.649961,76.331442,PM2.5,14,349,130
India,Punjab,"Mandi Gobindgarh","RIMT University, Mandi Gobindgarh - PPCB","26-03-2025 17:00:00",30.649961,76.331442,PM10,15,310,122
India,Punjab,"Mandi Gobindgarh","RIMT University, Mandi Gobindgarh - PPCB","26-03-2025 17:00:00",30.649961,76.331442,SO2,15,37,19
India,Rajasthan,Baran,"Bamboliya, Baran - RSPCB","26-03-2025 17:00:00",25.106006,76.469948,CO,23,113,44
India,Rajasthan,Baran,"Bamboliya, Baran - RSPCB","26-03-2025 17:00:00",25.106006,76.469948,OZONE,2,174,164
India,Rajasthan,Barmer,"Railway Colony, Barmer - RSPCB","26-03-2025 17:00:00",25.747299,71.393989,PM2.5,12,70,26
India,Rajasthan,Barmer,"Railway Colony, Barmer - RSPCB","26-03-2025 17:00:00",25.747299,71.393989,NO2,2,30,9
India,Rajasthan,Bharatpur,"Krishna Nagar, Bharatpur - RSPCB","26-03-2025 17:00:00",27.215415,77.50873,PM10,68,275,139
India,Rajasthan,Bhilwara,"Pratap Nagar, Bhilwara - RSPCB","26-03-2025 17:00:00",25.339605,74.618883,PM10,40,212,109
India,Rajasthan,Bhilwara,"Pratap Nagar, Bhilwara - RSPCB","26-03-2025 17:00:00",25.339605,74.618883,NO2,7,125,39
India,Rajasthan,Bhilwara,"Pratap Nagar, Bhilwara - RSPCB","26-03-2025 17:00:00",25.339605,74.618883,CO,11,106,14
India,Rajasthan,Bhiwadi,"RIICO Ind. Area III, Bhiwadi - RSPCB","26-03-2025 17:00:00",28.194909,76.862296,CO,46,114,85
India,Odisha,Suakati,"OMC Colony, Suakati - OSPCB","26-03-2025 17:00:00",21.606865,85.510538,NO2,15,23,19
India,Odisha,Tensa,"Barsua Iron Ore Mines, Tensa - OSPCB","26-03-2025 17:00:00",21.869985,85.167016,NO2,11,47,32
India,Odisha,Tensa,"Barsua Iron Ore Mines, Tensa - OSPCB","26-03-2025 17:00:00",21.869985,85.167016,OZONE,34,54,42
India,Puducherry,Puducherry,"Jawahar Nagar, Puducherry - PPCC","26-03-2025 17:00:00",11.9309,79.8027,PM10,36,126,61
India,Puducherry,Puducherry,"Jawahar Nagar, Puducherry - PPCC","26-03-2025 17:00:00",11.9309,79.8027,NH3,4,7,4
India,Puducherry,Puducherry,"Jawahar Nagar, Puducherry - PPCC","26-03-2025 17:00:00",11.9309,79.8027,SO2,7,12,9
India,Punjab,Amritsar,"Golden Temple, Amritsar - PPCB","26-03-2025 17:00:00",31.620000,74.876512,PM2.5,75,128,94
India,Punjab,Amritsar,"Golden Temple, Amritsar - PPCB","26-03-2025 17:00:00",31.620000,74.876512,NO2,10,93,37
India,Punjab,Amritsar,"Golden Temple, Amritsar - PPCB","26-03-2025 17:00:00",31.620000,74.876512,NH3,6,11,7
India,Rajasthan,Jaipur,"Adarsh Nagar, Jaipur - RSPCB","26-03-2025 17:00:00",26.902909,75.836858,PM2.5,13,193,94
India,Rajasthan,Jaipur,"Adarsh Nagar, Jaipur - RSPCB","26-03-2025 17:00:00",26.902909,75.836858,NO2,29,135,91
India,Rajasthan,Jaipur,"Adarsh Nagar, Jaipur - RSPCB","26-03-2025 17:00:00",26.902909,75.836858,CO,27,124,42
India,Rajasthan,Jaipur,"Mansarovar Sector-12, Jaipur - RSPCB","26-03-2025 17:00:00",26.843698,75.766894,NO2,9,128,65
India,Rajasthan,Jaipur,"Mansarovar Sector-12, Jaipur - RSPCB","26-03-2025 17:00:00",26.843698,75.766894,SO2,2,25,8
India,Rajasthan,Jaipur,"Police Commissionerate, Jaipur - RSPCB","26-03-2025 17:00:00",26.9164092,75.7994901,PM2.5,44,325,158
India,Rajasthan,Jaipur,"Police Commissionerate, Jaipur - RSPCB","26-03-2025 17:00:00",26.9164092,75.7994901,OZONE,10,58,46
India,Rajasthan,Jaipur,"RIICO Sitapura, Jaipur - RSPCB","26-03-2025 17:00:00",26.786682,75.827928,PM2.5,20,389,170
India,Punjab,Patiala,"Model Town, Patiala - PPCB","26-03-2025 17:00:00",30.349388,76.366642,SO2,NA,NA,NA
India,Punjab,Patiala,"Model Town, Patiala - PPCB","26-03-2025 17:00:00",30.349388,76.366642,OZONE,4,136,70
India,Punjab,Rupnagar,"Ratanpura, Rupnagar - Ambuja Cements","26-03-2025 17:00:00",31.0325454,76.5623046,PM10,NA,NA,NA
India,Rajasthan,Ajmer,"Civil Lines,  Ajmer - RSPCB","26-03-2025 17:00:00",26.470859,74.646594,CO,30,106,36
India,Rajasthan,Banswara,"Rati Talai, Banswara - RSPCB","26-03-2025 17:00:00",23.555190,74.440010,PM10,63,299,127
India,Rajasthan,Banswara,"Rati Talai, Banswara - RSPCB","26-03-2025 17:00:00",23.555190,74.440010,OZONE,5,178,178
India,Rajasthan,Jaipur,"Shastri Nagar, Jaipur - RSPCB","26-03-2025 17:00:00",26.9502929,75.730943,PM2.5,43,277,127
India,Rajasthan,Jaipur,"Shastri Nagar, Jaipur - RSPCB","26-03-2025 17:00:00",26.9502929,75.730943,NO2,8,99,53
India,Rajasthan,Jaipur,"Shastri Nagar, Jaipur - RSPCB","26-03-2025 17:00:00",26.9502929,75.730943,NH3,1,23,14
India,Rajasthan,Jaipur,"Shastri Nagar, Jaipur - RSPCB","26-03-2025 17:00:00",26.9502929,75.730943,OZONE,11,60,52
India,Rajasthan,Jaisalmer,"Sadar Bazar, Jaisalmer - RSPCB","26-03-2025 17:00:00",26.912329,70.909168,PM10,53,411,130
India,Rajasthan,Jaisalmer,"Sadar Bazar, Jaisalmer - RSPCB","26-03-2025 17:00:00",26.912329,70.909168,SO2,1,5,2
India,Rajasthan,Jhalawar,"Rajlaxmi Nagar, Jhalawar - RSPCB","26-03-2025 17:00:00",24.588397,76.172782,SO2,5,17,9
India,Rajasthan,Jodhpur,"Collectorate, Jodhpur - RSPCB","26-03-2025 17:00:00",26.268249,73.0193853,OZONE,5,82,64
India,Rajasthan,Jodhpur,"Digari Kalan, Jodhpur - RSPCB","26-03-2025 17:00:00",26.295810,73.082283,PM10,58,210,107
India,Rajasthan,Jodhpur,"Digari Kalan, Jodhpur - RSPCB","26-03-2025 17:00:00",26.295810,73.082283,NH3,4,6,5
India,Rajasthan,Jodhpur,"Digari Kalan, Jodhpur - RSPCB","26-03-2025 17:00:00",26.295810,73.082283,CO,16,78,23
India,Rajasthan,Jodhpur,"Jhalamand, Jodhpur - RSPCB","26-03-2025 17:00:00",26.215415,73.070156,PM10,48,449,124
India,Rajasthan,Jodhpur,"Mandor, Jodhpur - RSPCB","26-03-2025 17:00:00",26.358805,73.047444,PM10,63,206,104
India,Rajasthan,Jodhpur,"Mandor, Jodhpur - RSPCB","26-03-2025 17:00:00",26.358805,73.047444,NH3,3,5,4
India,Rajasthan,Churu,"Subash Chowk, Churu - RSPCB","26-03-2025 17:00:00",28.296139,74.961696,CO,6,23,13
India,Rajasthan,Dausa,"Khatikan Mohalla, Dausa - RSPCB","26-03-2025 17:00:00",26.895552,76.334753,NO2,14,140,61
India,Rajasthan,Dausa,"Khatikan Mohalla, Dausa - RSPCB","26-03-2025 17:00:00",26.895552,76.334753,SO2,3,11,6
India,Rajasthan,Dholpur,"Raja Ganj, Dholpur - RSPCB","26-03-2025 17:00:00",26.699557,77.898881,NO2,8,102,27
India,Rajasthan,Hanumangarh,"Housing Board, Hanumangarh - RSPCB","26-03-2025 17:00:00",29.610750,74.283608,OZONE,29,65,46
India,Rajasthan,Bikaner,"MM Ground, Bikaner - RSPCB","26-03-2025 17:00:00",28.018792,73.292658,OZONE,18,122,85
India,Rajasthan,Bundi,"New Colony, Bundi - RSPCB","26-03-2025 17:00:00",25.435774,75.644272,NO2,10,129,44
India,Rajasthan,Jodhpur,"Samrat Ashok Udhyan, Jodhpur - RSPCB","26-03-2025 17:00:00",26.253384,72.976571,PM2.5,27,183,64
India,Rajasthan,Jodhpur,"Samrat Ashok Udhyan, Jodhpur - RSPCB","26-03-2025 17:00:00",26.253384,72.976571,NH3,7,13,9
India,Rajasthan,Karauli,"Satyawati Vihar, Karauli - RSPCB","26-03-2025 17:00:00",26.506177,77.025989,NH3,1,12,3
India,Rajasthan,Kota,"Dhanmandi, Kota - RSPCB","26-03-2025 17:00:00",25.164090,75.858137,PM10,68,255,130
India,Rajasthan,Kota,"Dhanmandi, Kota - RSPCB","26-03-2025 17:00:00",25.164090,75.858137,NO2,32,151,80
India,Rajasthan,Kota,"Dhanmandi, Kota - RSPCB","26-03-2025 17:00:00",25.164090,75.858137,SO2,5,31,14
India,Rajasthan,Kota,"Nayapura, Kota - RSPCB","26-03-2025 17:00:00",25.196024,75.855668,NO2,11,94,48
India,Rajasthan,Kota,"Nayapura, Kota - RSPCB","26-03-2025 17:00:00",25.196024,75.855668,SO2,4,24,12
India,Rajasthan,Kota,"Shrinath Puram, Kota - RSPCB","26-03-2025 17:00:00",25.14389,75.821256,PM2.5,41,311,126
India,Rajasthan,Kota,"Shrinath Puram, Kota - RSPCB","26-03-2025 17:00:00",25.14389,75.821256,PM10,45,336,138
India,Rajasthan,Kota,"Shrinath Puram, Kota - RSPCB","26-03-2025 17:00:00",25.14389,75.821256,NO2,14,35,20
India,Rajasthan,Sikar,"Radhakishan Pura, Sikar - RSPCB","26-03-2025 17:00:00",27.608912,75.153302,CO,13,77,24
India,Rajasthan,Sirohi,"Vedhaynath Colony, Sirohi - RSPCB","26-03-2025 17:00:00",24.885261,72.857549,NH3,3,5,4
India,Rajasthan,Sirohi,"Vedhaynath Colony, Sirohi - RSPCB","26-03-2025 17:00:00",24.885261,72.857549,SO2,6,15,10
India,Rajasthan,"Sri Ganganagar","Old City, Sri Ganganagar - RSPCB","26-03-2025 17:00:00",29.931624,73.864511,PM2.5,37,207,100
India,Rajasthan,"Sri Ganganagar","Old City, Sri Ganganagar - RSPCB","26-03-2025 17:00:00",29.931624,73.864511,NO2,17,97,42
India,Rajasthan,"Sri Ganganagar","Old City, Sri Ganganagar - RSPCB","26-03-2025 17:00:00",29.931624,73.864511,SO2,6,15,11
India,Rajasthan,"Sri Ganganagar","Old City, Sri Ganganagar - RSPCB","26-03-2025 17:00:00",29.931624,73.864511,CO,34,87,45
India,Rajasthan,Tonk,"Shastri Nagar, Tonk - RSPCB","26-03-2025 17:00:00",26.159933,75.780517,SO2,5,10,8
India,Rajasthan,Nagaur,"Karni Colony, Nagaur - RSPCB","26-03-2025 17:00:00",27.213494,73.734444,OZONE,41,112,81
India,Rajasthan,Pali,"Indira Colony Vistar, Pali - RSPCB","26-03-2025 17:00:00",25.771061," 73.340227",NO2,17,38,24
India,Rajasthan,Pali,"Indira Colony Vistar, Pali - RSPCB","26-03-2025 17:00:00",25.771061," 73.340227",CO,22,78,44
India,Rajasthan,Pali,"Indira Colony Vistar, Pali - RSPCB","26-03-2025 17:00:00",25.771061," 73.340227",OZONE,10,81,53
India,Rajasthan,Pratapgarh,"Pragati Nagar, Pratapgarh - RSPCB","26-03-2025 17:00:00",24.041198,74.780702,SO2,4,9,6
India,Rajasthan,Pratapgarh,"Pragati Nagar, Pratapgarh - RSPCB","26-03-2025 17:00:00",24.041198,74.780702,OZONE,24,149,119
India,Rajasthan,"Sawai Madhopur","Sahu Nagar, Sawai Madhopur - RSPCB","26-03-2025 17:00:00",26.031443,76.359327,PM10,74,465,177
India,TamilNadu,Chengalpattu,"Crescent University, Chengalpattu - TNPCB","26-03-2025 17:00:00",12.8777316,80.0834807,PM2.5,NA,NA,NA
India,TamilNadu,Chengalpattu,"Crescent University, Chengalpattu - TNPCB","26-03-2025 17:00:00",12.8777316,80.0834807,PM10,NA,NA,NA
India,TamilNadu,Chengalpattu,"Crescent University, Chengalpattu - TNPCB","26-03-2025 17:00:00",12.8777316,80.0834807,SO2,NA,NA,NA
India,TamilNadu,Chennai,"Alandur Bus Depot, Chennai - CPCB","26-03-2025 17:00:00",12.9099161,80.1076538,SO2,15,16,15
India,TamilNadu,Chennai,"Kodungaiyur, Chennai - TNPCB","26-03-2025 17:00:00",13.1278,80.2642,PM10,35,95,62
India,TamilNadu,Chennai,"Kodungaiyur, Chennai - TNPCB","26-03-2025 17:00:00",13.1278,80.2642,SO2,1,6,3
India,TamilNadu,Chennai,"Manali Village, Chennai - TNPCB","26-03-2025 17:00:00",13.1662,80.2584,NH3,NA,NA,NA
India,TamilNadu,Hosur,"SIPCOT Phase-1, Hosur - TNPCB","26-03-2025 17:00:00",12.746998,77.813811,NO2,2,2,2
India,TamilNadu,Karur,"Kamadenu Nagar, Karur - TNPCB","26-03-2025 17:00:00",10.967820,78.080882,PM2.5,19,54,33
India,TamilNadu,Karur,"Kamadenu Nagar, Karur - TNPCB","26-03-2025 17:00:00",10.967820,78.080882,CO,6,18,8
India,TamilNadu,Madurai,"Uchapatti, Madurai - TNPCB","26-03-2025 17:00:00",9.865935,78.022669,PM2.5,29,76,49
India,TamilNadu,Madurai,"Uchapatti, Madurai - TNPCB","26-03-2025 17:00:00",9.865935,78.022669,NO2,18,19,18
India,TamilNadu,Nagapattinam,"Velippalayam, Nagapattinam - TNPCB","26-03-2025 17:00:00",10.798548,79.838212,NO2,5,5,5
India,Rajasthan,Udaipur,"Ashok Nagar, Udaipur - RSPCB","26-03-2025 17:00:00",24.5886166,73.6321397,NO2,30,45,41
India,Sikkim,Gangtok,"Zero Point GICI, Gangtok - SSPCB","26-03-2025 17:00:00",27.338530,88.614099,PM10,63,106,87
India,TamilNadu,Ariyalur,"Keelapalur, Ariyalur - TNPCB","26-03-2025 17:00:00",11.06825,79.07033,PM10,NA,NA,NA
India,TamilNadu,Ariyalur,"Keelapalur, Ariyalur - TNPCB","26-03-2025 17:00:00",11.06825,79.07033,SO2,NA,NA,NA
India,TamilNadu,Chennai,"Royapuram, Chennai - TNPCB","26-03-2025 17:00:00",13.1036,80.2909,PM10,38,122,59
India,TamilNadu,Chennai,"Velachery Res. Area, Chennai - CPCB","26-03-2025 17:00:00",13.0052189,80.2398125,PM10,48,97,71
India,TamilNadu,Chennai,"Velachery Res. Area, Chennai - CPCB","26-03-2025 17:00:00",13.0052189,80.2398125,CO,42,70,57
India,TamilNadu,Coimbatore,"PSG College of Arts and Science, Coimbatore - TNPCB","26-03-2025 17:00:00",11.0328,77.0349,PM10,36,70,55
India,TamilNadu,Coimbatore,"SIDCO Kurichi, Coimbatore - TNPCB","26-03-2025 17:00:00",10.942451,76.978996,OZONE,6,153,75
India,TamilNadu,Gummidipoondi,"Anthoni Pillai Nagar, Gummidipoondi - TNPCB","26-03-2025 17:00:00",13.4127,80.1081,NH3,3,5,4
India,TamilNadu,Namakkal,"Ponnusamy Nagar, Namakkal - TNPCB","26-03-2025 17:00:00",11.273992,78.163545,PM10,48,116,76
India,TamilNadu,Pudukottai,"SIPCOT Nathampannai, Pudukottai - TNPCB","26-03-2025 17:00:00",10.423417,78.784889,NH3,2,3,3
India,TamilNadu,Virudhunagar,"Collectorate Office, Virudhunagar - TNPCB","26-03-2025 17:00:00",9.559382,77.948828,PM10,57,214,88
India,TamilNadu,Virudhunagar,"Collectorate Office, Virudhunagar - TNPCB","26-03-2025 17:00:00",9.559382,77.948828,NH3,4,5,4
India,TamilNadu,Virudhunagar,"Collectorate Office, Virudhunagar - TNPCB","26-03-2025 17:00:00",9.559382,77.948828,SO2,18,19,19
India,Telangana,Hyderabad,"Bollaram Industrial Area, Hyderabad - TSPCB","26-03-2025 17:00:00",17.540891,78.358528,PM10,72,147,108
India,Telangana,Hyderabad,"Central University, Hyderabad - TSPCB","26-03-2025 17:00:00",17.460103,78.334361,PM10,62,92,76
India,Telangana,Hyderabad,"Central University, Hyderabad - TSPCB","26-03-2025 17:00:00",17.460103,78.334361,NO2,16,50,30
India,Telangana,Hyderabad,"Central University, Hyderabad - TSPCB","26-03-2025 17:00:00",17.460103,78.334361,SO2,4,14,8
India,Telangana,Hyderabad,"Central University, Hyderabad - TSPCB","26-03-2025 17:00:00",17.460103,78.334361,CO,26,54,31
India,Telangana,Hyderabad,"ECIL Kapra, Hyderabad - TSPCB","26-03-2025 17:00:00",17.470431,78.566959,NH3,2,8,7
India,Telangana,Hyderabad,"ICRISAT Patancheru, Hyderabad - TSPCB","26-03-2025 17:00:00",17.518400,78.278777,NH3,1,14,3
India,TamilNadu,Thanjavur,"Parisutham Nagar, Thanjavur - TNPCB","26-03-2025 17:00:00",10.7654824,79.1389968,CO,5,10,7
India,TamilNadu,Thoothukudi,"Meelavittan, Thoothukudi - TNPCB","26-03-2025 17:00:00","8.816428 ",78.099039,SO2,7,23,15
India,TamilNadu,Thoothukudi,"Meelavittan, Thoothukudi - TNPCB","26-03-2025 17:00:00","8.816428 ",78.099039,CO,2,38,14
India,TamilNadu,Tirunelveli,"Municipal Corporation Office, Tirunelveli - TNPCB","26-03-2025 17:00:00",8.728442,77.6962,PM10,23,36,31
India,TamilNadu,Tirunelveli,"Municipal Corporation Office, Tirunelveli - TNPCB","26-03-2025 17:00:00",8.728442,77.6962,SO2,31,50,35
India,TamilNadu,Tirupur,"Kumaran College, Tirupur - TNPCB","26-03-2025 17:00:00",11.0973603,77.3228673,PM2.5,11,62,30
India,TamilNadu,Tirupur,"Kumaran College, Tirupur - TNPCB","26-03-2025 17:00:00",11.0973603,77.3228673,SO2,NA,NA,NA
India,TamilNadu,Tirupur,"Kumaran College, Tirupur - TNPCB","26-03-2025 17:00:00",11.0973603,77.3228673,CO,54,86,60
India,TamilNadu,Vellore,"Vasanthapuram, Vellore - TNPCB","26-03-2025 17:00:00",12.909494,79.131861,PM2.5,47,93,67
India,Uttar_Pradesh,Bulandshahr,"Yamunapuram, Bulandshahr - UPPCB","26-03-2025 17:00:00",28.406963,77.849831,NH3,13,23,17
India,Uttar_Pradesh,Bulandshahr,"Yamunapuram, Bulandshahr - UPPCB","26-03-2025 17:00:00",28.406963,77.849831,CO,26,98,47
India,Uttar_Pradesh,Firozabad,"Nagla Bhau, Firozabad - UPPCB","26-03-2025 17:00:00",27.168897,78.376960,PM2.5,21,95,57
India,Uttar_Pradesh,Firozabad,"Nagla Bhau, Firozabad - UPPCB","26-03-2025 17:00:00",27.168897,78.376960,NH3,2,2,2
India,Uttar_Pradesh,Firozabad,"Vibhab Nagar, Firozabad - UPPCB","26-03-2025 17:00:00",27.1594,78.3953,CO,2,22,7
India,Uttar_Pradesh,Ghaziabad,"Indirapuram, Ghaziabad - UPPCB","26-03-2025 17:00:00",28.646233,77.358075,PM10,80,358,217
India,Uttar_Pradesh,Ghaziabad,"Indirapuram, Ghaziabad - UPPCB","26-03-2025 17:00:00",28.646233,77.358075,NO2,16,183,77
India,Uttar_Pradesh,Ghaziabad,"Loni, Ghaziabad - UPPCB","26-03-2025 17:00:00",28.757294,77.278792,PM2.5,287,500,424
India,Uttar_Pradesh,Ghaziabad,"Loni, Ghaziabad - UPPCB","26-03-2025 17:00:00",28.757294,77.278792,NH3,5,19,10
India,Uttar_Pradesh,Agra,"Manoharpur, Agra - UPPCB","26-03-2025 17:00:00",27.23711,78.01936,PM2.5,19,218,83
India,Uttar_Pradesh,Agra,"Manoharpur, Agra - UPPCB","26-03-2025 17:00:00",27.23711,78.01936,SO2,5,14,8
India,Uttar_Pradesh,Agra,"Rohta, Agra - UPPCB","26-03-2025 17:00:00",27.106972,78.000111,PM10,26,192,92
India,Uttar_Pradesh,Agra,"Rohta, Agra - UPPCB","26-03-2025 17:00:00",27.106972,78.000111,OZONE,11,15,12
India,Uttar_Pradesh,Agra,"Sanjay Palace, Agra - UPPCB","26-03-2025 17:00:00",27.19865833,78.00598056,SO2,5,15,10
India,Uttar_Pradesh,Agra,"Sector-3B Avas Vikas Colony, Agra - UPPCB","26-03-2025 17:00:00",27.19412,77.96237,OZONE,1,7,5
India,Uttar_Pradesh,Agra,"Shahjahan Garden, Agra - UPPCB","26-03-2025 17:00:00",27.169338,78.03582,CO,10,43,18
India,TamilNadu,Ramanathapuram,"Chalai Bazaar, Ramanathapuram - TNPCB","26-03-2025 17:00:00",9.36399,78.831977,SO2,9,19,13
India,TamilNadu,Ramanathapuram,"Chalai Bazaar, Ramanathapuram - TNPCB","26-03-2025 17:00:00",9.36399,78.831977,OZONE,14,15,14
India,TamilNadu,Ranipet,"VOC Nagar_SIPCOT, Ranipet - TNPCB","26-03-2025 17:00:00",12.952707,79.30394,PM2.5,47,83,64
India,TamilNadu,Ranipet,"VOC Nagar_SIPCOT, Ranipet - TNPCB","26-03-2025 17:00:00",12.952707,79.30394,NO2,1,5,2
India,TamilNadu,Ranipet,"VOC Nagar_SIPCOT, Ranipet - TNPCB","26-03-2025 17:00:00",12.952707,79.30394,CO,16,20,18
India,TamilNadu,Salem,"Sona College of Technology, Salem - TNPCB","26-03-2025 17:00:00",11.679111,78.125052,NH3,3,3,3
India,TamilNadu,Salem,"Sona College of Technology, Salem - TNPCB","26-03-2025 17:00:00",11.679111,78.125052,SO2,32,37,36
India,Telangana,Hyderabad,"New Malakpet, Hyderabad - TSPCB","26-03-2025 17:00:00",17.37206,78.50864,CO,20,66,31
India,Telangana,Hyderabad,"Somajiguda, Hyderabad - TSPCB","26-03-2025 17:00:00",17.417094,78.457437,PM10,70,100,77
India,Telangana,Hyderabad,"Somajiguda, Hyderabad - TSPCB","26-03-2025 17:00:00",17.417094,78.457437,NH3,5,5,5
India,Telangana,Hyderabad,"Zoo Park, Hyderabad - TSPCB","26-03-2025 17:00:00",17.349694,78.451437,OZONE,22,27,25
India,Telangana,Hyderabad,"ICRISAT Patancheru, Hyderabad - TSPCB","26-03-2025 17:00:00",17.518400,78.278777,SO2,8,29,16
India,Telangana,Hyderabad,"IDA Pashamylaram, Hyderabad - TSPCB","26-03-2025 17:00:00",17.5316895,78.218939,NO2,38,431,321
India,Telangana,Hyderabad,"IITH Kandi, Hyderabad - TSPCB","26-03-2025 17:00:00",17.585705,78.126199,PM10,64,92,82
India,Telangana,Hyderabad,"Kokapet, Hyderabad - TSPCB","26-03-2025 17:00:00",17.393559,78.339194,NH3,3,3,3
India,Telangana,Hyderabad,"Kokapet, Hyderabad - TSPCB","26-03-2025 17:00:00",17.393559,78.339194,SO2,14,19,16
India,Telangana,Hyderabad,"Kokapet, Hyderabad - TSPCB","26-03-2025 17:00:00",17.393559,78.339194,OZONE,NA,NA,NA
India,Telangana,Hyderabad,"Nacharam_TSIIC IALA, Hyderabad - TSPCB","26-03-2025 17:00:00",17.429398,78.569354,PM10,79,100,86
India,Uttar_Pradesh,Agra,"Shastripuram, Agra - UPPCB","26-03-2025 17:00:00",27.19862,77.92066,CO,12,26,18
India,Uttar_Pradesh,Baghpat,"Sardar Patel Inter College, Baghpat - UPPCB","26-03-2025 17:00:00",28.964949,77.278761,SO2,22,116,74
India,Uttar_Pradesh,Baghpat,"Sardar Patel Inter College, Baghpat - UPPCB","26-03-2025 17:00:00",28.964949,77.278761,OZONE,1,101,72
India,Uttar_Pradesh,"Greater Noida","Knowledge Park - V, Greater Noida - UPPCB","26-03-2025 17:00:00",28.557054,77.453663,PM10,79,412,190
India,Uttar_Pradesh,"Greater Noida","Knowledge Park - V, Greater Noida - UPPCB","26-03-2025 17:00:00",28.557054,77.453663,NO2,25,182,101
India,Uttar_Pradesh,Hapur,"Anand Vihar, Hapur - UPPCB","26-03-2025 17:00:00",28.725645,77.749675,NO2,37,182,96
India,Uttar_Pradesh,Hapur,"Anand Vihar, Hapur - UPPCB","26-03-2025 17:00:00",28.725645,77.749675,OZONE,1,89,68
India,Uttar_Pradesh,Jhansi,"Shivaji Nagar, Jhansi - UPPCB","26-03-2025 17:00:00",25.4547,78.6039,SO2,33,39,35
India,Uttar_Pradesh,Jhansi,"Shivaji Nagar, Jhansi - UPPCB","26-03-2025 17:00:00",25.4547,78.6039,OZONE,1,22,12
India,Uttar_Pradesh,Kanpur,"FTI Kidwai Nagar, Kanpur - UPPCB","26-03-2025 17:00:00",26.428282,80.327067,SO2,29,36,32
India,Uttar_Pradesh,Kanpur,"NSI Kalyanpur, Kanpur - UPPCB","26-03-2025 17:00:00",26.509954,80.249612,PM2.5,23,209,95
India,Uttar_Pradesh,Kanpur,"NSI Kalyanpur, Kanpur - UPPCB","26-03-2025 17:00:00",26.509954,80.249612,PM10,52,214,110
India,Uttar_Pradesh,Kanpur,"NSI Kalyanpur, Kanpur - UPPCB","26-03-2025 17:00:00",26.509954,80.249612,CO,28,96,46
India,Uttar_Pradesh,Kanpur,"NSI Kalyanpur, Kanpur - UPPCB","26-03-2025 17:00:00",26.509954,80.249612,OZONE,17,21,19
India,Uttar_Pradesh,Moradabad,"Kashiram Nagar, Moradabad - UPPCB","26-03-2025 17:00:00",28.849399,78.742362,PM10,42,151,101
India,Uttar_Pradesh,Moradabad,"Kashiram Nagar, Moradabad - UPPCB","26-03-2025 17:00:00",28.849399,78.742362,SO2,31,65,48
India,Uttar_Pradesh,Moradabad,"Transport Nagar, Moradabad - UPPCB","26-03-2025 17:00:00",28.802625,78.753728,SO2,21,50,31
India,Uttar_Pradesh,Moradabad,"Transport Nagar, Moradabad - UPPCB","26-03-2025 17:00:00",28.802625,78.753728,CO,22,106,64
India,Uttar_Pradesh,Muzaffarnagar,"New Mandi, Muzaffarnagar - UPPCB","26-03-2025 17:00:00",29.4723508,77.7194031,NO2,NA,NA,NA
India,Uttar_Pradesh,Muzaffarnagar,"New Mandi, Muzaffarnagar - UPPCB","26-03-2025 17:00:00",29.4723508,77.7194031,NH3,NA,NA,NA
India,Uttar_Pradesh,Muzaffarnagar,"New Mandi, Muzaffarnagar - UPPCB","26-03-2025 17:00:00",29.4723508,77.7194031,CO,18,119,81
India,Uttar_Pradesh,Noida,"Sector - 125, Noida - UPPCB","26-03-2025 17:00:00",28.5447608,77.3231257,PM10,52,382,156
India,Uttar_Pradesh,Noida,"Sector - 125, Noida - UPPCB","26-03-2025 17:00:00",28.5447608,77.3231257,NO2,19,146,82
India,Uttar_Pradesh,Noida,"Sector-1, Noida - UPPCB","26-03-2025 17:00:00",28.5898,77.3101,PM10,17,121,78
India,Uttar_Pradesh,Noida,"Sector-1, Noida - UPPCB","26-03-2025 17:00:00",28.5898,77.3101,CO,6,115,39
India,Uttar_Pradesh,Noida,"Sector-1, Noida - UPPCB","26-03-2025 17:00:00",28.5898,77.3101,OZONE,2,146,102
India,Uttar_Pradesh,Noida,"Sector-116, Noida - UPPCB","26-03-2025 17:00:00",28.569230,77.393848,PM2.5,37,327,184
India,Uttar_Pradesh,Noida,"Sector-116, Noida - UPPCB","26-03-2025 17:00:00",28.569230,77.393848,NO2,25,222,120
India,Uttar_Pradesh,Noida,"Sector-116, Noida - UPPCB","26-03-2025 17:00:00",28.569230,77.393848,NH3,7,23,15
India,Uttar_Pradesh,Noida,"Sector-116, Noida - UPPCB","26-03-2025 17:00:00",28.569230,77.393848,SO2,32,50,41
India,Uttar_Pradesh,Prayagraj,"Jhunsi, Prayagraj - UPPCB","26-03-2025 17:00:00",25.425602,81.917152,SO2,30,32,31
India,Uttar_Pradesh,Prayagraj,"Motilal Nehru NIT, Prayagraj - UPPCB","26-03-2025 17:00:00",25.494,81.863,SO2,17,26,20
India,Uttar_Pradesh,Varanasi,"Ardhali Bazar, Varanasi - UPPCB","26-03-2025 17:00:00",25.3505986,82.9083074,SO2,13,19,16
India,Uttar_Pradesh,Varanasi,"Ardhali Bazar, Varanasi - UPPCB","26-03-2025 17:00:00",25.3505986,82.9083074,CO,2,30,9
India,Uttar_Pradesh,Varanasi,"Bhelupur, Varanasi - UPPCB","26-03-2025 17:00:00",25.301778,82.996789,NO2,8,8,8
India,Uttar_Pradesh,Varanasi,"Bhelupur, Varanasi - UPPCB","26-03-2025 17:00:00",25.301778,82.996789,SO2,34,36,34
India,Uttar_Pradesh,Varanasi,"IESD Banaras Hindu University, Varanasi - UPPCB","26-03-2025 17:00:00",25.262326,82.995408,PM2.5,13,80,44
India,Uttar_Pradesh,Varanasi,"IESD Banaras Hindu University, Varanasi - UPPCB","26-03-2025 17:00:00",25.262326,82.995408,NO2,2,2,2
India,Uttar_Pradesh,Varanasi,"Maldahiya, Varanasi - UPPCB","26-03-2025 17:00:00",25.32393,82.99687,PM2.5,17,74,45
India,Uttar_Pradesh,Varanasi,"Maldahiya, Varanasi - UPPCB","26-03-2025 17:00:00",25.32393,82.99687,PM10,43,154,96
India,Uttar_Pradesh,Varanasi,"Maldahiya, Varanasi - UPPCB","26-03-2025 17:00:00",25.32393,82.99687,CO,16,60,24
India,Uttar_Pradesh,Ghaziabad,"Sanjay Nagar, Ghaziabad - UPPCB","26-03-2025 17:00:00",28.685382,77.453839,PM2.5,41,358,257
India,Uttar_Pradesh,Ghaziabad,"Sanjay Nagar, Ghaziabad - UPPCB","26-03-2025 17:00:00",28.685382,77.453839,NO2,18,169,91
India,Uttar_Pradesh,Ghaziabad,"Sanjay Nagar, Ghaziabad - UPPCB","26-03-2025 17:00:00",28.685382,77.453839,CO,12,108,29
India,Uttar_Pradesh,Ghaziabad,"Vasundhara, Ghaziabad - UPPCB","26-03-2025 17:00:00",28.6603346,77.3572563,PM2.5,36,362,245
India,Uttar_Pradesh,Ghaziabad,"Vasundhara, Ghaziabad - UPPCB","26-03-2025 17:00:00",28.6603346,77.3572563,PM10,113,374,228
India,Uttar_Pradesh,Ghaziabad,"Vasundhara, Ghaziabad - UPPCB","26-03-2025 17:00:00",28.6603346,77.3572563,NH3,5,11,8
India,Uttar_Pradesh,Gorakhpur,"Madan Mohan Malaviya University of Technology, Gorakhpur - UPPCB","26-03-2025 17:00:00",26.730136,83.433859,SO2,41,43,42
India,Uttar_Pradesh,Gorakhpur,"Madan Mohan Malaviya University of Technology, Gorakhpur - UPPCB","26-03-2025 17:00:00",26.730136,83.433859,CO,9,12,11
India,Uttar_Pradesh,Meerut,"Pallavpuram Phase 2, Meerut - UPPCB","26-03-2025 17:00:00",29.063510,77.709723,SO2,15,60,30
India,Uttar_Pradesh,Moradabad,"Buddhi Vihar, Moradabad - UPPCB","26-03-2025 17:00:00",28.83526,78.74460,PM2.5,17,89,55
India,Uttar_Pradesh,Moradabad,"Buddhi Vihar, Moradabad - UPPCB","26-03-2025 17:00:00",28.83526,78.74460,NH3,4,4,4
India,Uttar_Pradesh,Moradabad,"Employment Office, Moradabad - UPPCB","26-03-2025 17:00:00",28.88528,78.73880,PM10,61,155,109
India,Uttar_Pradesh,Moradabad,"Employment Office, Moradabad - UPPCB","26-03-2025 17:00:00",28.88528,78.73880,NH3,4,4,4
India,Uttar_Pradesh,Moradabad,"Jigar Colony, Moradabad - UPPCB","26-03-2025 17:00:00",28.856664,78.772638,NO2,25,25,25
India,Uttar_Pradesh,Moradabad,"Jigar Colony, Moradabad - UPPCB","26-03-2025 17:00:00",28.856664,78.772638,NH3,6,6,6
India,Uttar_Pradesh,Lucknow,"Talkatora District Industries Center, Lucknow - CPCB","26-03-2025 17:00:00",26.83399722,80.8917361,PM2.5,16,391,225
India,Uttar_Pradesh,Lucknow,"Talkatora District Industries Center, Lucknow - CPCB","26-03-2025 17:00:00",26.83399722,80.8917361,NO2,25,38,33
India,Uttar_Pradesh,Lucknow,"Talkatora District Industries Center, Lucknow - CPCB","26-03-2025 17:00:00",26.83399722,80.8917361,CO,3,101,18
India,Uttar_Pradesh,Meerut,"Ganga Nagar, Meerut - UPPCB","26-03-2025 17:00:00",28.999264,77.7590354,PM2.5,217,425,336
India,Uttar_Pradesh,Meerut,"Ganga Nagar, Meerut - UPPCB","26-03-2025 17:00:00",28.999264,77.7590354,CO,14,78,27
India,Uttar_Pradesh,Meerut,"Jai Bhim Nagar, Meerut - UPPCB","26-03-2025 17:00:00",28.9535882,77.7622941,PM2.5,20,319,130
India,Uttar_Pradesh,Kanpur,"Nehru Nagar, Kanpur - UPPCB","26-03-2025 17:00:00",26.4703136,80.3229863,PM10,19,179,98
India,Uttar_Pradesh,Lucknow,"B R Ambedkar University, Lucknow - UPPCB","26-03-2025 17:00:00",26.766433,80.927299,NH3,3,4,4
India,Uttar_Pradesh,Lucknow,"Gomti Nagar, Lucknow - UPPCB","26-03-2025 17:00:00",26.868120,81.005119,CO,35,44,42
India,Uttar_Pradesh,Lucknow,"Kendriya Vidyalaya, Lucknow - CPCB","26-03-2025 17:00:00",26.906111,80.948222,SO2,1,48,21
India,Uttar_Pradesh,Vrindavan,"Omex Eternity, Vrindavan - UPPCB","26-03-2025 17:00:00",27.5714090,77.6557570,SO2,NA,NA,NA
India,Uttarakhand,Rishikesh,"Shivaji Nagar, Rishikesh - UKPCB","26-03-2025 17:00:00",30.075911,78.2859547,NH3,9,11,10
India,West_Bengal,Asansol,"Asansol Court Area, Asansol - WBPCB","26-03-2025 17:00:00",23.685297,86.945968,NH3,5,13,9
India,West_Bengal,Asansol,"Evelyn Lodge, Asansol - WBPCB","26-03-2025 17:00:00",23.6979360,86.9443950,SO2,5,12,7
India,West_Bengal,Asansol,"Evelyn Lodge, Asansol - WBPCB","26-03-2025 17:00:00",23.6979360,86.9443950,CO,16,100,33
India,West_Bengal,Asansol,"Mahabir Colliery, Asansol - WBPCB","26-03-2025 17:00:00",23.6181830,87.1057180,OZONE,8,143,100
India,West_Bengal,Barrackpore,"SVSPA Campus, Barrackpore - WBPCB","26-03-2025 17:00:00",22.7605581,88.3617589,CO,53,107,56
India,West_Bengal,Durgapur,"PCBL Residential Complex, Durgapur - WBPCB","26-03-2025 17:00:00",23.5087640,87.3544400,PM10,83,286,154
India,West_Bengal,Haldia,"Priyambada Housing Estate, Haldia - WBPCB","26-03-2025 17:00:00",22.06047,88.109737,NH3,5,7,6
India,West_Bengal,Haldia,"Priyambada Housing Estate, Haldia - WBPCB","26-03-2025 17:00:00",22.06047,88.109737,CO,31,49,38
India,West_Bengal,Haldia,"Priyambada Housing Estate, Haldia - WBPCB","26-03-2025 17:00:00",22.06047,88.109737,OZONE,19,25,23
India,West_Bengal,Howrah,"Belur Math, Howrah - WBPCB","26-03-2025 17:00:00",22.629801,88.352017,NH3,1,2,1
India,West_Bengal,Howrah,"Botanical Garden, Howrah - WBPCB","26-03-2025 17:00:00",22.554954,88.292568,SO2,5,16,7
India,West_Bengal,Howrah,"Botanical Garden, Howrah - WBPCB","26-03-2025 17:00:00",22.554954,88.292568,OZONE,17,72,56
India,West_Bengal,Kolkata,"Rabindra Bharati University, Kolkata - WBPCB","26-03-2025 17:00:00",22.627847,88.380669,OZONE,14,77,60
India,West_Bengal,Kolkata,"Rabindra Sarobar, Kolkata - WBPCB","26-03-2025 17:00:00",22.51106,88.35142,CO,18,58,20
India,West_Bengal,Kolkata,"Victoria, Kolkata - WBPCB","26-03-2025 17:00:00",22.5448082,88.3403691,CO,22,103,45
India,West_Bengal,Siliguri,"Ward-32 Bapupara, Siliguri - WBPCB","26-03-2025 17:00:00",26.6879226,88.4152495,NH3,NA,NA,NA
